RecordNumber,FileNo,BusinessType,BusinessName,NaicsCodes,PrincipalOfficeAddress1,PrincipalOfficeAddress2,PrincipalOfficeCity,PrincipalOfficeState,PrincipalOfficeZipCode,MailingAddress1,MailingAddress2,MailingCity,MailingState,MailingZipCode,ForeignJurisdictionState,RegisteredAgent,AgentAddress1,AgentAddress2,AgentCity,AgentState,AgentZipCode,DateOfIncorporation,BusinessStatus,LastAnnualReportDate,TerminationDate,FiscalYearMonth,TermDate,DissolvedDate,SubType,ExpirationDate
55376,V10041    ,Domestic Business Corporation,"OLD BENNINGTON COUNTRY STORE, INC.",,39 WEST ROAD,,BENNINGTON,VT,05201,39 WEST ROAD,,BENNINGTON,VT,05201,Vermont,GENE E.  IRONS ,,,BENNINGTON,VT,05201,1960-06-17,Dissolved,1985-12-31,,12.0,,1987-03-20,,
55857,V10258    ,Domestic Business Corporation,"THE VERMONT COUNTRY STORE, INC. ",454110-Electronic Shopping and Mail-Order Houses,5650 Main Street,,Manchester Center,VT,05255,5650 Main Street,,MANCHESTER CTR,VT,05255,Vermont,Kara  Soulia ,5650 Main St,,Manchester Ctr.,VT,05255,1961-01-09,Active - In Good Standing,2026-04-30,,4.0,0001-01-01,,,
57273,V10910    ,Domestic Business Corporation,"COUNTRY STORE RESTAURANT, INC.",,,,MANCHESTER,VT,05254,,,MANCHESTER,VT,05254,Vermont,CECILE  LAURIE ,"VTC, 500 MAIN STREET",,RANDOLPH CTR,VT,05061,1962-08-02,Inactive - Administratively Terminated,1987-07-31,,7.0,,,,
58742,V11578    ,Domestic Business Corporation,"GRAFTON VILLAGE STORE, INC.",,5 BROWN STREET,,BELLOWS FALLS,VT,05101,5 BROWN STREET,,BELLOWS FALLS,VT,05101,Vermont,MARY ANN  LISAI ,5 BROWN ST.,,BELLOWS FALLS,VT,05101,1963-12-16,Dissolved,2009-12-31,,12.0,,2010-03-10,,
59684,V12009    ,Domestic Business Corporation,"CHARLESTOWN MILL STORE OF BENNINGTON, INC.",,PO BOX F,,CHARLESTOWN,NH,03603,PO BOX F,,CHARLESTOWN,NH,03603,Vermont,MARY  CONLIN ,284 CALAIS RD,,WORCESTER,VT,05682,1964-09-22,Inactive - Administratively Terminated,1982-06-30,,6.0,,,,
62004,V13840    ,Domestic Business Corporation,"BERARDINELLI'S GENERAL STORE, INC.",,MAIN ST RT 104,,FAIRFAX,VT,05454,MAIN ST RT 104,,FAIRFAX,VT,05454,Vermont,FRANK  BERARDINELLI ,"RFD, BOX 1620",,CAMBRIDGE,VT,05444,1967-10-24,Inactive - Administratively Terminated,1993-12-31,,12.0,,,,
63049,V15260    ,Domestic Business Corporation,"HISTORIC CRAFTSBURY GENERAL STORE, INC.",,MAIN ST.,,CRAFTSBURY,VT,05826,MAIN ST.,,CRAFTSBURY,VT,05826,Vermont,DOROTHY  HUMPHREY ,MAIN ST,,CRAFTSBURY,VT,05826,1969-09-29,Dissolved,1995-09-30,,9.0,,1995-11-08,,
63967,V16003    ,Domestic Business Corporation,"WAITS RIVER GENERAL STORE, INC.",,,,WAITS RIVER,VT,05086,,,WAITS RIVER,VT,05086,Vermont,JACK C.  BLANCHARD ,,,W. TOPSHAM,VT,05086,1970-08-25,Dissolved,1983-12-31,,12.0,,1985-05-09,,
64076,V16092    ,Domestic Business Corporation,"WARDSBORO COUNTRY STORE, INC.",,,,WARDSBORO,VT,05355,,,WARDSBORO,VT,05355,Vermont,FRANCIS  CAPEN ,POB 47,,WARDSBORO,VT,05355,1970-10-08,Dissolved,1991-12-31,,12.0,,1992-04-14,,
64104,V16115    ,Domestic Business Corporation,"FRECHETTE'S COUNTRY STORE, INC.",,,,NORTON,VT,05907,,,NORTON,VT,05907,Vermont,ANDRE  PEPIN ,24 MAIN ST.,,NEWPORT,VT,05855,1970-10-19,Dissolved,1985-12-31,,12.0,,1986-09-30,,
66457,V18089    ,Domestic Business Corporation,"MIDDLETOWN SPRINGS EAST STREET STORE, INC.",,EAST STREET,,MIDDLETWN SPG,VT,05757,EAST STREET,,MIDDLETWN SPG,VT,05757,Vermont,PHILLIP O  GRANT ,EAST ST,,MIDDLETWN SPG,VT,05757,1972-08-18,Inactive - Administratively Terminated,1996-12-31,,12.0,,,,
66481,V18108    ,Domestic Business Corporation,CHELSEA COUNTRY STORE INC,,,,CHELSEA,VT,05038,,,CHELSEA,VT,05038,Vermont,DONALD L.  JACQUES ,BOX 96,,CHELSEA,VT,05038,1972-08-28,Dissolved,1988-05-31,,5.0,,1989-06-20,,
66695,V18284    ,Domestic Business Corporation,"BENSON GENERAL STORE, INC.",,,,BENSON,VT,05731,,,BENSON,VT,05731,Vermont,KARL  CHANSKI ,,,BENSON,VT,05731,1972-10-25,Inactive - Administratively Terminated,1984-09-30,,9.0,,,,
66758,V18335    ,Domestic Business Corporation,"BOMOSEEN HARBOR GENERAL STORE, INC.",,"DAVID AVE. N., BX 97",,HYDEVILLE,VT,05750,"DAVID AVE. N., BX 97",,HYDEVILLE,VT,05750,Vermont,JOHN  KENWORTHY ,POB 97 DAVID AVE N.,,HYDEVILLE,VT,05756,1972-11-08,Inactive - Administratively Terminated,1991-12-31,,12.0,,,,
66907,V18461    ,Domestic Business Corporation,"WEST BURKE GENERAL STORE, INC.",,,,WEST BURKE,VT,05871,,,WEST BURKE,VT,05871,Vermont,JOHN  PERRY ,,,WEST BURKE,VT,05871,1972-12-18,Dissolved,1988-12-31,,12.0,,1989-07-25,,
66954,V18496    ,Domestic Business Corporation,"FRASERS' GENERAL STORE, INC.",,319 MAIN ST,,NORWICH,VT,05055,P.O. Box 157,,NORWICH,VT,05055,Vermont,GEORGE  FRASER ,319 MAIN ST,,NORWICH,VT,05055,1972-12-29,Active - In Good Standing,2025-12-31,2026-03-16,12.0,,,,
66994,V18525    ,Domestic Business Corporation,"MT. HOLLY COUNTRY STORE, INC.",,,,MT. HOLLY,VT,05758,,,MT. HOLLY,VT,05758,Vermont,GEORGE  KING ,,,MT. HOLLY,VT,05758,1973-01-04,Inactive - Administratively Terminated,1985-12-31,,12.0,,,,
67577,V18991    ,Domestic Business Corporation,"SOUTH WOODSTOCK COUNTRY STORE, INC.",,RT 106,,SO. WOODSTOCK,VT,05071,RT 106,,SO. WOODSTOCK,VT,05071,Vermont,RANDALL F  MAYHEW Esq,24 ELM ST/PO BOX 420,,WOODSTOCK,VT,05091,1973-05-07,Dissolved,2000-12-31,,12.0,,2001-12-28,,
67648,V19054    ,Domestic Business Corporation,"FAIRFAX VILLAGE STORE, INC.",,,,FAIRFAX,VT,05454,,,FAIRFAX,VT,05454,Vermont,JOHN  SIMON ,BOX 157,,FAIRFAX,VT,05454,1973-05-29,Inactive - Administratively Terminated,1982-12-31,,12.0,,,,
68760,V19937    ,Domestic Business Corporation,"MILTON GENERAL STORE, INC.",,RAILROAD ST,,MILTON,VT,05468,RAILROAD ST,,MILTON,VT,05468,Vermont,ISADORE  YANDOW ,"RFD 1, BOX 4390",,SWANTON,VT,05488,1974-03-29,Inactive - Administratively Terminated,1991-12-31,,12.0,,,,
68822,V19981    ,Domestic Business Corporation,"SOUTH PEACHAM COUNTRY STORE, INC.",,,,SO. PEACHAM,VT,05862,,,SO. PEACHAM,VT,05862,Vermont,EDWARDS  O'BOYLE ,159 STATE STR,,MONTPELIER,VT,05602,1974-04-09,Dissolved,1982-04-30,,4.0,,1983-09-20,,
70109,V20989    ,Domestic Business Corporation,"MARSHFIELD GENERAL STORE, INC.",,,,MARSHFIELD,VT,05658,,,MARSHFIELD,VT,05658,Vermont,MARILYN  BRADLEY ,BOX 64,,MARSHFIELD,VT,05658,1975-04-10,Inactive - Administratively Terminated,1982-12-31,,12.0,,,,
71592,V22137    ,Domestic Business Corporation,"BEAU'S COUNTRY STORE, INC.",,RT 116,,HINESBURG,VT,05461,RT 116,,HINESBURG,VT,05461,Vermont,ROGER KOHN                                                                                          ,,,HINESBURG,VT,05461,1976-04-21,Inactive - Administratively Terminated,1982-05-31,,5.0,,,,
71880,V22360    ,Domestic Business Corporation,"HEATH'S LUDLOW COUNTRY STORE, INC.",,,,LUDLOW,VT,05149,,,LUDLOW,VT,05149,Vermont,SUZANNE  HEATH ,BOX 74,,WESTON,VT,05161,1976-06-22,Inactive - Administratively Terminated,1984-12-31,,12.0,,,,
72177,V22576    ,Domestic Business Corporation,"ROUTE 5 COUNTRY STORE, INC.",,,,W. RIVER JCT.,VT,05001,,,W. RIVER JCT.,VT,05001,Vermont,KATRINA  WALLSTROM ,BOX 172,,FAIRLEE,VT,05045,1976-08-24,Inactive - Administratively Terminated,1985-12-31,,12.0,,,,
73967,V23893    ,Domestic Business Corporation,"COBURNS' GENERAL STORE, INC.",,216 VT RTE 132,,S. STRAFFORD,VT,05070,PO Box 266,,S. STRAFFORD,VT,05070,Vermont,PHILIP  COBURN ,"ONE MAIN ST, PO BX 265",,SO. STRAFFORD,VT,05070,1977-08-22,Active - In Good Standing,2025-12-31,2026-03-16,12.0,,,,
75371,V24718    ,Domestic Business Corporation,"DRAPER'S GENERAL STORE, INC.",,RT. 100,,LOWELL,VT,05847,RT. 100,,LOWELL,VT,05847,Vermont,JAMES A.  WAGNER ,RT. J100,,LOWELL,VT,05847,1978-03-23,Inactive - Administratively Terminated,1983-12-31,,12.0,,,,
75614,V24819    ,Domestic Business Corporation,G I JOE'S COUNTRY STORE INC,,STAR RT 100,,HANCOCK,VT,05748,STAR RT 100,,HANCOCK,VT,05748,Vermont,BERT C.  DUNHAMM ,STAR RT 100,,HANCOCK,VT,05748,1978-04-13,Inactive - Administratively Terminated,1982-04-30,,4.0,,,,
76826,V25325    ,Domestic Business Corporation,"CAVACAS' COUNTRY STORE, LTD.",,,,PROCTOR,VT,05765,,,PROCTOR,VT,05765,Vermont,HURLEY R.  CAVACAS ,48 EAST ST,,PROCTOR,VT,05765,1978-08-18,Dissolved,1984-07-31,,7.0,,1985-08-15,,
76837,V25329    ,Domestic Business Corporation,"GRAY'S GENERAL STORE, INC.",,,,DANVILLE,VT,05828,,,DANVILLE,VT,05828,Vermont,VIRGINIA  GRAY ,PO BOX 753 74 MAPLE PARK,,ENOSBURG FALLS,VT,05450,1978-08-21,Inactive - Administratively Terminated,1987-08-31,,8.0,,,,
79745,V26609    ,Domestic Business Corporation,"PEACHAM STORE, INC.",,,,PEACHAM,VT,05862,,,PEACHAM,VT,05862,Vermont,MADELEINE A.  HAMILTON ,BOX 33,,PEACHAM,VT,05862,1979-07-10,Dissolved,1988-12-31,,12.0,,1991-08-06,,
80300,V26979    ,Domestic Business Corporation,"WILLIAMS GENERAL STORE, INC.",,ROUTE 110 MAIN ST.,,TUNBRIDGE,VT,05077,ROUTE 110 MAIN ST.,,TUNBRIDGE,VT,05077,Vermont,DAVID  WILLIAMS ,ROUTE 110 MAIN ST.,,TUNBRIDGE,VT,05077,1979-10-16,Dissolved,1985-12-31,,12.0,,1987-03-20,,
80495,V27112    ,Domestic Business Corporation,"FAYSTON COUNTRY STORE, INC.",,,,FAYSTON,VT,05673,,,FAYSTON,VT,05673,Vermont,PHILIP  ZALINGER ,STATE ST.,,MONTPELIER,VT,05602,1979-11-19,Inactive - Administratively Terminated,1983-06-30,,6.0,,,,
80960,V27429    ,Domestic Business Corporation,"READING COUNTRY STORE, INC.",,,,,,,,,,,,Vermont,CURTIS L. BOURDON                                                                                   ,93 BARLOW RD.,,SPRINGFIELD,VT,05156,1980-02-04,Inactive - Administratively Terminated,,1981-02-04,2.0,,,,
81161,V27566    ,Domestic Business Corporation,"STONEY BROOK GENERAL STORE, INC.",,ROUTE 107,,STOCKBRIDGE,VT,05772,ROUTE 107,,STOCKBRIDGE,VT,05772,Vermont,DIANA C.  OSBORNE ,"RD 2, BOX 2631",,SHELBURNE,VT,05482,1980-03-19,Dissolved,1986-03-31,,3.0,,1988-04-12,,
82128,V28201    ,Domestic Business Corporation,"MCGILL'S GENERAL STORE, INC.",,,,NEWPORT CTR,VT,05857,,,NEWPORT CTR,VT,05857,Vermont,EUNICE  MCGILL ,P.O. BOX 7,,NEWPORT CTR,VT,05857,1980-09-12,Inactive - Administratively Terminated,1984-12-31,,12.0,,,,
83847,V29222    ,Domestic Business Corporation,"DICK MAZZA GENERAL STORE, INC.",445110-Supermarkets and Other Grocery (except Convenience) Stores,777 W LAKE SHORE DR.#1,,COLCHESTER,VT,05446,777 W LAKE SHORE DR.#1,,COLCHESTER,VT,05446,Vermont,"LMC Law, PLLC",85 Prim Road Suite 402A,,Colchester,VT,05446,1981-06-11,Active - In Good Standing,2026-03-31,,3.0,,,,
84045,V29339    ,Domestic Business Corporation,"EBENEZER ALLEN COUNTRY STORE AND GIFT SHOP, LTD.",,BURLINGTON SQ. MALL,,BURLINGTON,VT,05401,BURLINGTON SQ. MALL,,BURLINGTON,VT,05401,Vermont,ROGER S.  HOVEY ,29 GOVE CT.,,BURLINGTON,VT,05401,1981-07-08,Inactive - Administratively Terminated,1985-08-31,,8.0,,,,
84415,V29556    ,Domestic Business Corporation,HARDWICKE'S COUNTRY STORE INC,,HERRICK RD.,,DERBY LINE,VT,05830,HERRICK RD.,,DERBY LINE,VT,05830,Vermont,"RICHARD  LANG, Jr.",1 RIVER ROAD,,WATERBURY,VT,05676,1981-08-24,Inactive - Administratively Terminated,1992-01-31,,1.0,,,,
84527,V29618    ,Domestic Business Corporation,"CASTLETON VILLAGE STORE, INC.",459999-All Other Miscellaneous Retailers,583 MAIN STREET,,Castleton,VT,05735,p.o. box 275,,Castleton,VT,05735,Vermont,JOHN  REHLEN ,MAIN STREET,,CASTLETON,VT,05735,1981-09-08,Active - In Good Standing,2025-12-31,,12.0,,,,
85730,V30128    ,Domestic Business Corporation,"GEORGIA CORNER STORE, INC.",,BALLARD RD RD #2,,ST ALBANS,VT,05478,BALLARD RD RD #2,,ST ALBANS,VT,05478,Vermont,FRANCIS X  MCCARTHY ,BALLARD RD RD #2,,ST ALBANS,VT,05478,1982-01-18,Inactive - Administratively Terminated,1900-12-31,,12.0,,,,
85900,V30188    ,Domestic Business Corporation,"CALAIS STAGE COUNTRY STORE, INC.",,1693 COUNTY ROAD,,MONTPELIER,VT,05602,1693 COUNTY ROAD,,MONTPELIER,VT,05602,Vermont,CAROLE  SHOULDICE ,1693 COUNTY ROAD,,MONTPELIER,VT,05602,1982-02-02,Inactive - Administratively Terminated,2006-12-31,,12.0,,,,
87152,V30621    ,Domestic Business Corporation,"PLYMOUTH GENERAL STORE, INC.",,,,PLYMOUTH,VT,05056,,,PLYMOUTH,VT,05056,Vermont,KATHLEEN  PERRINO ,,,PLYMOUTH,VT,05056,1982-06-09,Inactive - Administratively Terminated,1983-06-30,,6.0,,,,
88868,V31224    ,Domestic Business Corporation,"DAVE'S COUNTRY STORE, INC.",,,,LYNDON,VT,05849,,,LYNDON,VT,05849,Vermont,DAVID  BARTOLOTTA ,ROUTE 5,,LYNDON,VT,05849,1982-11-24,Inactive - Administratively Terminated,1985-12-31,,12.0,,,,
89654,V31624    ,Domestic Business Corporation,"WEST HARTFORD COUNTRY STORE, CO.",,,,W. HARTFORD,VT,05084,,,W. HARTFORD,VT,05084,Vermont,JANICE  MUELLER ,BOX 42,,WEST HARTFORD,VT,05084,1983-02-25,Inactive - Administratively Terminated,1990-12-31,,12.0,,,,
89675,V31635    ,Domestic Business Corporation,"DICK & GLENDA'S GENERAL STORE, INC.",,MAIN STREET,,VERGENNES,VT,05491,MAIN STREET,,VERGENNES,VT,05491,Vermont,IRENE S.  THOMAS ,PO BOX 103,,VERGENNES,VT,05491,1983-03-03,Dissolved,1990-12-31,,12.0,,1992-02-13,,
93562,V35766    ,Domestic Business Corporation,"SHELBURNE MILL STORE, INC. THE",,RD 2,,SHELBURNE,VT,05482,RD 2,,SHELBURNE,VT,05482,Vermont,RICHARD  LANG ,PO BOX 607,,BURLINGTON,VT,05402,1983-12-01,Dissolved,2003-12-31,,12.0,,2004-01-07,,
94467,V36675    ,Domestic Business Corporation,MARLEY COUNTRY STORE CORPORATION,,,,SHELBURNE,VT,05482,,,SHELBURNE,VT,05482,Vermont,PAUL FRANK + COLLINS P.C.,ONE CHURCH STREET,,BURLINGTON,VT,05401,1984-06-15,Inactive - Administratively Terminated,1991-12-31,,12.0,,,,
94486,V36694    ,Domestic Business Corporation,"CHIASSON COUNTRY STORE, INC.",,407 WOODSTOCK RD,,W. RIVER JCT,VT,05001,407 WOODSTOCK RD,,W. RIVER JCT,VT,05001,Vermont,ALFRED R.  CHAISSON ,407 WOODSTOCK ROAD,,W. RIVER JCT.,VT,05001,1984-06-19,Inactive - Administratively Terminated,1994-12-31,,12.0,,,,
94598,V36807    ,Domestic Business Corporation,"RIVERTON GENERAL STORE, INC.",,ROUTE 12,,RIVERTON,VT,05668,ROUTE 12,,RIVERTON,VT,05668,Vermont,THOMAS F.  KOCH ,107 N MAIN ST.,,BARRE,VT,05641,1984-07-17,Inactive - Administratively Terminated,1989-12-31,,12.0,,,,
95026,V37235    ,Domestic Business Corporation,"WINGER'S COUNTRY STORE, LTD.",,48 EAST STREET,,PROCTOR,VT,05765,48 EAST STREET,,PROCTOR,VT,05765,Vermont,GEORGE V.  WINGER ,48 EAST ST.,,PROCTOR,VT,05765,1984-10-19,Dissolved,1985-12-31,,12.0,,1990-10-24,,
95034,V37243    ,Domestic Business Corporation,"TINMOUTH STORE, LTD., THE",,,,TINMOUTH,VT,,,,TINMOUTH,VT,,Vermont,JOHN P.  MURPHY ,"RTE 1, BOX 520",,WALLINGFORD,VT,05773,1984-10-23,Dissolved,1984-12-31,,12.0,,1990-10-31,,
96491,V38704    ,Domestic Business Corporation,"NORTH POMFRET STORE, INC., THE",,POMFRET RD.,,NO POMFRET,VT,05053,POMFRET RD.,,NO POMFRET,VT,05053,Vermont,PHYLLIS W.  HARRINGTON ,POMFRET RD,,NO POMFRET,VT,05053,1985-08-20,Dissolved,1996-12-31,,12.0,,1997-08-29,,
96522,V38735    ,Domestic Business Corporation,"ENNIS' COUNTRY STORE, INC.",,,,MAPLE CORNERS,VT,,,,MAPLE CORNERS,VT,,Vermont,THOMAS F. KOCH                                                                                      ,107 NORTH MAIN STREET,,BARRE,VT,05641,1985-08-29,Dissolved,1900-12-31,,12.0,,1988-06-30,,
96526,V38739    ,Domestic Business Corporation,"STEVES COUNTRY STORE, INC.",,106 MAIN STREET,,ALBURG,VT,,106 MAIN STREET,,ALBURG,VT,,Vermont,STEVE  WENZEL ,PO BOX 549,,ALBURG,VT,05440,1985-08-29,Inactive - Administratively Terminated,1985-12-31,,12.0,,,,
97101,V39314    ,Domestic Business Corporation,"CABOT VILLAGE STORE, INC.",,MAIN ST.,,CABOT,VT,05647,MAIN ST.,,CABOT,VT,05647,Vermont,LAWRENCE  THIBAULT II,MAIN ST.,,CABOT,VT,05647,1985-12-26,Dissolved,2005-09-30,,9.0,,2010-02-26,,
97466,V39679    ,Domestic Business Corporation,"RICHARDSON'S COUNTRY STORE, INC.",,,,BETHEL,VT,,,,BETHEL,VT,,Vermont,"N. LAWRENCE  NILSES, Esq.",61 CENTRAL STREET,,WOODSTOCK,VT,05091,1986-03-14,Dissolved,1900-12-31,,12.0,,1987-04-27,,
97580,V39793    ,Domestic Business Corporation,"HONNEY'S COUNTRY STORE, INC.",,TOWN FARM ROAD,,SPRINGFIELD,VT,05156,TOWN FARM ROAD,,SPRINGFIELD,VT,05156,Vermont,BURTON J.  HONNEY ,33 MT. VERNON ST.,,SPRINGFIELD,VT,05156,1986-04-04,Dissolved,1988-12-31,,12.0,,1992-07-01,,
97583,V39796    ,Domestic Business Corporation,"BOUDREAU'S GENERAL STORE, INC.",,,,LEICESTER,VT,05752,,,LEICESTER,VT,05752,Vermont,ARTHUR J.  BOUDREAU ,RD #2,,BRANDON,VT,05377,1986-04-04,Inactive - Administratively Terminated,1989-12-31,,12.0,,,,
97762,V39975    ,Domestic Business Corporation,"BRADFORD VILLAGE STORE, INC.",,402 RTE 14,,WHITE RIVER JC,VT,05001,402 RTE 14,,WHITE RIVER JC,VT,05001,Vermont,MARK  BIELECKI ,POB 404  ROUTE 14,,WHITE RIVER JC,VT,05001,1986-05-08,Inactive - Administratively Terminated,2000-12-31,,12.0,,,,
97794,V40007    ,Domestic Business Corporation,"WINCHESTER'S STORE, INC.",,6185 U.S. RT 7,,POWNAL,VT,05261,PO BOX 22,6185 U.S. Rt 7,POWNAL,VT,05261,Vermont,JAMES  WINCHESTER ,PO BOX 22,,POWNAL,VT,05261,1986-05-15,Active - NOT In Good Standing,2025-02-28,2026-05-17,2.0,,,,
97908,V40121    ,Domestic Business Corporation,"CRAFTS' COUNTRY STORE, INC.",,BOX 248,,MARLBORO,VT,05344,BOX 248,,MARLBORO,VT,05344,Vermont,PHILIP W.  CRAFTS ,RTE 9,,MARLBORO,VT,05344,1986-06-09,Dissolved,1993-12-31,,12.0,,1995-12-18,,
97909,V40122    ,Domestic Business Corporation,"JORDAN'S COUNTRY STORE, INC.",,LONG POINT ROAD,,NO. FERRISBURG,VT,05473,LONG POINT ROAD,,NO. FERRISBURG,VT,05473,Vermont,CARL H. LISMAN                                                                                      ,PO BOX 728,,BURLINGTON,VT,05402,1986-06-09,Inactive - Administratively Terminated,1986-12-31,,12.0,,,,
99353,V41569    ,Domestic Business Corporation,"ROCKING HORSE COUNTRY STORE, INC.",,"RR #3, WOODSTOCK AVENUE",,RUTLAND,VT,05701,"RR #3, WOODSTOCK AVENUE",,RUTLAND,VT,05701,Vermont,MICHAEL P.  MORAN ,"RR #3, WOODSTOCK AVENUE",,RUTLAND,VT,05702,1987-03-23,Inactive - Administratively Terminated,1997-12-31,,12.0,,,,
99460,V41676    ,Domestic Business Corporation,"T.J.'S GENERAL STORE, INC.",,P.O. BOX 208,,WATERBURY CTR,VT,05677,P.O. BOX 208,,WATERBURY CTR,VT,05677,Vermont,ROBERT T.  SPENCE ,P.O. BOX 208,,WATERBURY CTR.,VT,05677,1987-04-07,Dissolved,2002-12-31,,12.0,,2004-06-30,,
99509,V41725    ,Domestic Business Corporation,"OLD BANK COUNTRY STORE, INC. THE",,WEST MAIN STREET,,WILMINGTON,VT,05363,WEST MAIN STREET,,WILMINGTON,VT,05363,Vermont,PAUL M.  COURCELLE ,"WEST MAIN ST, BOX 816",,WILMINGTON,VT,05363,1987-04-17,Inactive - Administratively Terminated,1987-12-31,,12.0,,,,
99984,V42200    ,Domestic Business Corporation,"VILLAGE STORE OF MONKTON, INC.",,,,MONKTON,VT,05469,,,MONKTON,VT,05469,Vermont,JERE  HOOVER ,MONKTON RD.,,MONKTON,VT,05469,1987-06-24,Dissolved,1996-12-31,,12.0,,1997-04-17,,
100068,V42284    ,Domestic Business Corporation,"MOUNTAIN VIEW COUNTRY STORE, INC.",,RTE 100 NORTH,,LUDLOW,VT,05149,RTE 100 NORTH,,LUDLOW,VT,05149,Vermont,JUDITH  BOUDREAU ,"RTE 100 N., POB 516",,LUDLOW,VT,05149,1987-07-09,Inactive - Administratively Terminated,1990-12-31,,12.0,,,,
100151,V42367    ,Domestic Business Corporation,"FAYSTON COUNTRY STORE, INC.",,RTE 17,,FAYSTON,VT,,RTE 17,,FAYSTON,VT,,Vermont,JAY  BURR ,RTE 17,,FAYSTON,VT,,1987-07-29,Inactive - Administratively Terminated,1900-12-31,,12.0,,,,
101475,V43692    ,Domestic Business Corporation,"FAYSTON GENERAL STORE, INC.",,ROUTE 17,,FAYSTON,VT,05676,ROUTE 17,,FAYSTON,VT,05676,Vermont,KIMBERLY A.  CROSBY ,US ROUTE 2,,MORETOWN,VT,05660,1988-04-01,Inactive - Administratively Terminated,1993-12-31,,12.0,,,,
101589,V43806    ,Domestic Business Corporation,"C & B MILLER GENERAL STORE, INC.",,,,CHESTER,VT,05143,,,CHESTER,VT,05143,Vermont,ROBERT W. ULBRICH                                                                                   ,HENRY OFFICE BLDG,,CHESTER,VT,05143,1988-04-19,Dissolved,1996-12-31,,12.0,,1998-07-21,,
102028,V44245    ,Domestic Business Corporation,"MORETOWN GENERAL STORE, INC. THE",,RT 100 B,,MORETOWN,VT,05660,RT 100 B,,MORETOWN,VT,05660,Vermont,KIMBERLY A.  CROSBY ,RR 3 BOX 1788,,WATERBURY,VT,05676,1988-07-07,Inactive - Administratively Terminated,1993-12-31,,12.0,,,,
102052,V44269    ,Domestic Business Corporation,"WESTON VILLAGE STORE, INC.",,660 Main Street,,WESTON,VT,05161,PO Box 188,,Weston,VT,05161,Vermont,Steven J Smith,660 Main Street,,Weston,VT,05161,1988-07-12,Active - In Good Standing,2025-12-31,,12.0,,,,
102149,V44366    ,Domestic Business Corporation,WOODEN BARREL COUNTRY STORE LTD.,,231 CHITTENDEN ROAD,,CHITTENDEN,VT,05737,231 CHITTENDEN ROAD,,CHITTENDEN,VT,05737,Vermont,BERNARD P.  HAYES ,231 CHITTENDEN ROAD,,CHITTENDEN,VT,05737,1988-08-02,Inactive - Administratively Terminated,2015-06-30,2016-09-16,6.0,,,,
103000,V45218    ,Domestic Business Corporation,"HILL AND DALE COUNTRY STORE, INC.",,,,MANCHESTER CTR,VT,05255,,,MANCHESTER CTR,VT,05255,Vermont,MILDRED  PELLEGRINI ,MORSE HILL RD,,DORSET,VT,05251,1989-01-06,Inactive - Administratively Terminated,1998-12-31,,12.0,,,,
103029,V45247    ,Domestic Business Corporation,"DIXON COUNTRY STORE, INC.",,1 HYDE RD.,,GRAND ISLE,VT,05458,1 HYDE RD.,,GRAND ISLE,VT,05458,Vermont,HAROLD P.  DIXON ,119 ADAMS SCHOOL RD.,,GRAND ISLE,VT,05458,1989-01-10,Dissolved,1992-12-31,,12.0,,1993-09-24,,
103075,V45294    ,Domestic Business Corporation,"WOLCOTT STORE, INC.",,4076 VT Route 15,,WOLCOTT,VT,05680,P.O. Box 10,PO Box 10,Wolcott,VT,05680,Vermont,FREDERICK MARTIN                                                                                    ,BOX 10,,WOLCOTT,VT,05680,1989-01-18,Active - In Good Standing,2025-09-30,2025-12-16,9.0,,,,
103542,V45762    ,Domestic Business Corporation,"EAST RANDOLPH COUNTRY STORE, INC.",,RT 14,,EAST RANDOLPH,VT,05041,RT 14,,EAST RANDOLPH,VT,05041,Vermont,"CAROLYN  TONELLI, Esq.",4 RANDOLPH AVE,,RANDOLPH,VT,05060,1989-04-13,Inactive - Administratively Terminated,1994-12-31,,12.0,,,,
103710,V45930    ,Domestic Business Corporation,"TOWNSHEND CORNER STORE, INC.",,"P.O. BOX 152, ROUTE 30",,TOWNSHEND,VT,05353,"P.O. BOX 152, ROUTE 30",,TOWNSHEND,VT,05353,Vermont,PAUL D.  DEXTER ,"P.O. BOX 152, ROUTE 30",,TOWNSHEND,VT,05353,1989-05-16,Inactive - Administratively Terminated,1994-12-31,,12.0,,,,
104509,V46729    ,Domestic Business Corporation,"WEST TOPSHAM GENERAL STORE, INC.",,ROUTE 25,,WEST TOPSHAM,VT,05086,ROUTE 25,,WEST TOPSHAM,VT,05086,Vermont,CLARENCE J.  NELSON ,POB 60,,WEST TOPSHAM,VT,05086,1989-11-07,Inactive - Administratively Terminated,1996-12-31,,12.0,,,,
104564,V46784    ,Domestic Business Corporation,"FULLER GENERAL STORE OF SAXTONS RIVER, INC.",,MAIN STREET,,SAXTONS RIVER,VT,05154,MAIN STREET,,SAXTONS RIVER,VT,05154,Vermont,"TIMOTHY J. O'CONNOR, JR.                                                                            ",40 WESTERN AVENUE,,BRATTLEBORO,VT,05301,1989-11-21,Inactive - Administratively Terminated,,1990-11-21,12.0,,,,
105369,V47589    ,Domestic Business Corporation,"PECK'S PLAINFIELD GENERAL STORE, INC.",,,,PLAINFIELD,VT,05667,,,PLAINFIELD,VT,05667,Vermont,JOHN W.  PECK ,U.S. ROUTE 2,,PLAINFIELD,VT,05667,1990-04-30,Inactive - Administratively Terminated,1993-12-31,,12.0,,,,
105530,V47750    ,Domestic Business Corporation,"MAPLE VALLEY COUNTRY STORE, INC.",,PO BOX 319,,PLAINFIELD,VT,05667,PO BOX 319,,PLAINFIELD,VT,05667,Vermont,DUDLEY W  ASKEW ,PO BOX 319,,PLAINFIELD,VT,05667,1990-05-31,Dissolved,2012-12-31,,12.0,,2014-02-07,,
105605,V47825    ,Domestic Business Corporation,"ISLE LA MOTTE COUNTRY STORE, INC.",,SCHOOL ST.,,ISLE LA MOTTE,VT,05463,SCHOOL ST.,,ISLE LA MOTTE,VT,05463,Vermont,FRANCIS F.  KRUPA ,RD 1 SCHOOL ST POB 22,,ISLE LAMOTTE,VT,05463,1990-06-12,Dissolved,,,2.0,,1995-06-06,,
105702,V47922    ,Domestic Business Corporation,"COVERED BRIDGE COUNTRY STORE, INC.",,WEST SHORE ROAD,,SALISBURY,VT,05769,WEST SHORE ROAD,,SALISBURY,VT,05769,Vermont,ARTHUR A.  MITIGUY ,PO BOX 459,,RUTLAND,VT,05702,1990-06-29,Inactive - Administratively Terminated,1990-06-30,,12.0,,,,
106097,V48318    ,Domestic Business Corporation,"CREAMERY COUNTRY STORE, INC.",,RD 2 BOX 1930,,WATERBURY,VT,05676,RD 2 BOX 1930,,WATERBURY,VT,05676,Vermont,MARY L.  NOYES ,"RFD #2, BOX 1930",,WATERBURY,VT,05676,1990-10-10,Inactive - Administratively Terminated,1998-06-30,,6.0,,,,
109648,V51873    ,Domestic Business Corporation,"ANNIE'S COUNTRY STORE, INC.",,"BOX 936, MAIN ST.",,WESTMINSTER,VT,05158,"BOX 936, MAIN ST.",,WESTMINSTER,VT,05158,Vermont,JOYCE  ROY ,BOX 284 STREETER ROAD,,WESTMINSTER,VT,05158,1993-01-26,Inactive - Administratively Terminated,1995-12-31,,12.0,,,,
109727,V51952    ,Domestic Business Corporation,"BRADLEY'S GENERAL STORE, INC.",,25 VT RTE 15W,,JOHNSON,VT,05656,25 VT RTE 15W,,JOHNSON,VT,05656,Vermont,"KEITH A.  BRADLEY, Jr.",25 VT RTE 15W,,JOHNSON,VT,05656,1993-02-16,Inactive - Administratively Terminated,2001-12-31,,12.0,,,,
110272,V52497    ,Domestic Business Corporation,"LAKE DUNMORE GENERAL STORE, INC.",,LAKE DUNMORE,,SALISBURY,VT,05769,LAKE DUNMORE,,SALISBURY,VT,05769,Vermont,JOHN C.  DEPPMAN ,7 WASHINGTON STREET,,MIDDLEBURY,VT,05753,1993-06-10,Inactive - Administratively Terminated,1993-12-31,,12.0,,,,
110633,V52858    ,Domestic Business Corporation,"NORTHERN EXPOSURE COUNTRY STORE, INC.",,1266 VT ROUTE 5A,,ORLEANS,VT,05860,1266 VT ROUTE 5A,,ORLEANS,VT,05860,Vermont,CELIA J  LATHAM ,1266 VT ROUTE 5A,,ORLEANS,VT,05860,1993-09-10,Dissolved,2007-12-31,,12.0,,2008-04-22,,
111825,V54051    ,Domestic Business Corporation,"SWEET BRIAR COUNTRY STORE, INC.",,PO BOX 255,,MARLBORO,VT,05344,PO BOX 255,,MARLBORO,VT,05344,Vermont,JOANNE  GUTT ,"PO BOX 255, RTE 9",,MARLBORO,VT,05344,1994-05-31,Inactive - Administratively Terminated,2003-12-31,,12.0,,,,
112007,V54233    ,Domestic Business Corporation,"SUMMIT GENERAL STORE, INC.",,1781 VT RTE 103 S,,MT HOLLY,VT,05758,1781 VT RTE 103 S,,MT HOLLY,VT,05758,Vermont,EPHRAM  BUSSINO ,RD1,,MT. HOLLY,VT,05758,1994-07-08,Dissolved,2000-12-31,,12.0,,2000-12-26,,
112253,V54479    ,Domestic Business Corporation,"P.J.'S GENERAL STORE, INC.",,RT 103,,E WALLINGFORD,VT,05742,RT 103,,E WALLINGFORD,VT,05742,Vermont,JOSEPH W. KOZLIK                                                                                    ,198 NORTH MAIN STREET,,RUTLAND,VT,05701,1994-09-09,Dissolved,2001-09-30,,9.0,,2002-12-05,,
112272,V54498    ,Domestic Business Corporation,"HUB'S COUNTRY STORE & DELI, INC.",,RR1 BOX 2735,,WEST RUTLAND,VT,05777,RR1 BOX 2735,,WEST RUTLAND,VT,05777,Vermont,SUSAN  GAROFANO ,RR 1 BOX 2735,,WEST RUTLAND,VT,05777,1994-09-13,Dissolved,1996-12-31,,12.0,,1997-05-07,,
113079,V55308    ,Domestic Business Corporation,"GRAND ISLE STORE, INC. THE",,,,,,,,,,,,Vermont,EDWARD  PLONSKI ,RTE 2,,GRAND ISLE,VT,05458,1995-03-06,Inactive - Administratively Terminated,,1996-03-06,12.0,,,,
113434,V55664    ,Domestic Business Corporation,"SOUTH LONDONDERRY VILLAGE STORE, INC.",,RTE 100  PO BOX 223,,SO LONDONDERRY,VT,05155,RTE 100  PO BOX 223,,SO LONDONDERRY,VT,05155,Vermont,RONALD  PROUTY ,146 HOLDEN HILL ROAD,,SO LONDONDERRY,VT,05155,1995-05-16,Dissolved,2000-05-31,,5.0,,2001-08-17,,
114071,V56302    ,Domestic Business Corporation,"TUCKER'S OLDE TYME COUNTRY STORE, INCORPORATED",,,,,,,,,,,,Vermont,GERALDINE  STRUBLE ,RR1 BOX 151-20,,DANBY,VT,05739,1995-10-18,Dissolved,1995-12-31,,12.0,,1997-01-17,,
114825,V57056    ,Domestic Business Corporation,CORNER BROOK GENERAL STORE INC.,,PO BOX 233,,MARSHFIELD,VT,05658,PO BOX 233,,MARSHFIELD,VT,05658,Vermont,KERRY  O'ROURKE ,RTE 2 BOX 233,,MARSHFIELD,VT,05658,1996-03-20,Inactive - Administratively Terminated,1999-12-31,,12.0,,,,
114875,V57106    ,Domestic Business Corporation,"L & G COUNTRY STORE, INC.",,3699 WOODSTOCK ROAD,,WHITE RIVER JC,VT,05001,3699 WOODSTOCK ROAD,,WHITE RIVER JC,VT,05001,Vermont,THOMAS HAYES                                                                                        ,45 PLEASANT ST,,WOODSTOCK,VT,05091,1996-03-27,Inactive - Administratively Terminated,2002-12-31,,12.0,,,,
115061,V57292    ,Domestic Business Corporation,"WESTFIELD GENERAL STORE, INC.",,PO BOX 99,,WESTFIELD,VT,05874,PO BOX 99,,WESTFIELD,VT,05874,Vermont,RAYMOND J.  BARRETT ,PO BOX 99,,WESTFIELD,VT,05874,1996-04-30,Dissolved,2009-12-31,,12.0,,2005-11-21,,
115539,V57771    ,Domestic Business Corporation,CHARLOTTE COUNTRY STORE INCORPORATED,,P.O. BOX 340,,CHARLOTTE,VT,05445,P.O. BOX 340,,CHARLOTTE,VT,05445,Vermont,"STUART M. BENNETT,  P.C. ",PO BOX 297,,SHELBURN,VT,05482,1996-08-20,Inactive - Administratively Terminated,2000-09-30,,9.0,,,,
115616,V57848    ,Domestic Business Corporation,"KEITH'S COUNTRY STORE, INC.",,po BX 538,4085 RTE 7,Pittsford,VT,05763,po BX 538,po BX 538,Pittsford,VT,05763,Vermont,JON M KEITH                                                                                         ,RTE 7,,PITTSFORD,VT,05763,1996-09-17,Active - NOT In Good Standing,2022-12-31,2024-03-15,12.0,,,,
115671,V57903    ,Domestic Business Corporation,"GRAND ISLE GENERAL STORE AND KITCHEN, INC. THE",,,,,,,,,,,,Vermont,LEIGH KEYSER  PHILLIPS ,308 MAIN STREET,,BURLINGTON,VT,05401,1996-10-02,Inactive - Administratively Terminated,,1997-10-02,12.0,,,,
115782,V58014    ,Domestic Business Corporation,"GASSETT'S GENERAL STORE, INC.",,JCT  VT RTES 103 & 10,,CHESTER,VT,05143,JCT  VT RTES 103 & 10,,CHESTER,VT,05143,Vermont,EARL S.  HASKELL ,RR4 BOX 11,,CHESTER,VT,05143,1996-11-04,Dissolved,1997-12-31,,12.0,,1998-06-23,,
116439,V58672    ,Domestic Business Corporation,"PETERS' GENERAL STORE, INC.",,2813 RT 22A,,BENSON,VT,05731,2813 RT 22A,,BENSON,VT,05731,Vermont,JOHN  PETERS Jr,RTE 22,,BENSON,VT,05731,1997-04-07,Dissolved,2003-12-31,,12.0,,2004-05-20,,
116491,V58725    ,Domestic Business Corporation,"ROXBURY COUNTRY STORE, INC.",,1616 ROXBURY ROAD,,ROXBURY,VT,05669,PO Box 61,,ROXBURY,VT,05669,Vermont,RANDY W.  WHITNEY ,1616 ROXBURY ROAD,,ROXBURY,VT,05669,1997-04-18,Active - In Good Standing,2025-12-31,,12.0,,,,
116656,V58890    ,Domestic Business Corporation,"SUNRISE GENERAL STORE, INC.",,,,,,,,,,,,Vermont,CURTIS L. BOURDON                                                                                   ,24 ELM STREET,,WOODSTOCK,VT,05091,1997-06-02,Dissolved,1998-12-31,,12.0,,1999-12-21,,
116825,V59060    ,Domestic Business Corporation,WESTMINSTER COUNTRY STORE INC.,,RT 5 PO BOX 937,,WESTMINSTER,VT,05158,RT 5 PO BOX 937,,WESTMINSTER,VT,05158,Vermont,DENNIS W.  PAYNE ,MAIN ST PO BOX 937,,WESTMINSTER,VT,05158,1997-07-17,Dissolved,2000-12-31,,12.0,,2002-08-06,,
119522,V61759    ,Domestic Business Corporation,"SOUTH NEWFANE GENERAL STORE & DELI, INC.",,,,,,,,,,,,Vermont,TIMOTHY J  O'CONNOR Jr,136 WESTERN AVE,,BRATTLEBORO,VT,05301,1999-08-27,Inactive - Administratively Terminated,2000-12-31,,12.0,,,,
120388,V62625    ,Domestic Business Corporation,"JIM AND GLORIA'S GENERAL STORE, INC.",,ROUTE 100,,PITTSFIELD,VT,05762,ROUTE 100,,PITTSFIELD,VT,05762,Vermont,RODNEY E  MCPHEE ,71 ALLEN STREET,,RUTLAND,VT,05701,2000-04-21,Inactive - Administratively Terminated,2003-12-31,,12.0,,,,
121280,V63517    ,Domestic Business Corporation,"ALDRICH GENERAL STORE, INC.",,196 VT RTE 5A,,WEST BURKE,VT,05871,196 VT RTE 5A,,WEST BURKE,VT,05871,Vermont,NANCY L.  MCDOWELL ,196 MAIN STREET,,WEST BURKE,VT,05871,2001-01-22,Dissolved,2005-12-31,,12.0,,2005-12-16,,
121468,V63708    ,Domestic Business Corporation,"WRIGHT'S GENERAL STORE & DELI, INC.",,PO BOX 125,,W CHARLESTON,VT,05872,PO BOX 125,,W CHARLESTON,VT,05872,Vermont,DONNA  WRIGHT ,PO BOX 125,,W CHARLESTON,VT,05872,2001-03-19,Inactive - Administratively Terminated,2007-03-31,,3.0,,,,
121783,V64024    ,Domestic Business Corporation,"V.G. GENERAL STORE, INC.",,4348 MAIN STREET,,WAITSFIELD,VT,05673,4348 MAIN STREET,,WAITSFIELD,VT,05673,Vermont,RICHARD JOHNSTON KING                                                                               ,4219 MAIN ST BOX 879,,WAITSFIELD,VT,05673,2001-06-15,Dissolved,2005-12-31,,12.0,,2007-01-02,,
121809,V64050    ,Domestic Business Corporation,"NORTON DUTY FREE STORE, INC.",,PO BOX 115,,NORTON,VT,05907,PO BOX 115,,NORTON,VT,05907,Vermont,"RICHARD E.  DILL, Esq.",2 MAIN ST PO BOX 445,,ISLAND POND,VT,05846,2001-06-25,Inactive - Administratively Terminated,2005-12-31,,12.0,,,,
121823,V64064    ,Domestic Business Corporation,"SIMON'S MILTON STORE, INC.",,75 SO. WINOOSKI AVE,,BURLINGTON,VT,05401,75 SO. WINOOSKI AVE,,BURLINGTON,VT,05401,Vermont,BRIAN P HEHIR ESQ,239 S UNION ST,,BURLINGTON,VT,05402,2001-06-28,Active - In Good Standing,2025-12-31,2026-03-16,12.0,,,,
122866,V65109    ,Domestic Business Corporation,"JERICHO CENTER COUNTRY STORE, INC.",,25 Jericho Center Circle,,Jericho Center,VT,05465,25 Jericho Center Circle,,Jericho Center,VT,05465,Vermont,HARLEY G BROWN III ESQ,13 EAST MAIN ST,,RICHMOND,VT,05477,2002-04-08,Active - NOT In Good Standing,2023-12-31,2025-03-16,12.0,,,,
123123,V65367    ,Domestic Business Corporation,"DAN & SHEILA'S COUNTRY STORE & DELI, INC.",,513 VT RTE 109,,Waterville,VT,05492,513 VT RTE 109,513 VT RTE 109,Waterville,VT,05492,Vermont,SHEILA  LORD ,513 VT RTE 109,,Waterville,VT,05492,2002-07-03,Active - In Good Standing,2025-12-31,,12.0,,,,
123869,V66117    ,Domestic Business Corporation,"NEWBURY VILLAGE STORE, INC.",,4991 RTE 5 SOUTH BOX 393,,NEWBURY,VT,05051,4991 RTE 5 SOUTH BOX 393,,NEWBURY,VT,05051,Vermont,"CHRISTOPHER  DYE, Esq.",172 N. MAIN STREET,,BRADFORD,VT,05033,2003-02-05,Dissolved,2008-12-31,,12.0,,2010-03-10,,
124608,V66862    ,Domestic Business Corporation,"GRANDY'S GENERAL STORE, INC.",,SAME AS ABOVE,,-NONE ON FILE-,,,SAME AS ABOVE,,-NONE ON FILE-,,,Vermont,MICHELLE E.  GRANDY ,13 OLD MILL ROAD,,ARLINGTON,VT,05250,2003-09-17,Inactive - Administratively Terminated,2010-12-31,2011-12-31,12.0,,,,
124719,V66973    ,Domestic Business Corporation,"MESSIER'S GENERAL STORE, INC.",,29 VT RTE 14S,,E RANDOLPH,VT,05041,29 VT RTE 14S,,E RANDOLPH,VT,05041,Vermont,AMY  MESSIER ,PO 240,,E RANDOLPH,VT,05041,2003-10-27,Inactive - Administratively Terminated,2004-12-31,,12.0,,,,
124729,V66984    ,Domestic Business Corporation,"GRAMPA COR'S COUNTRY STORE, INC.",,300 LAKE ST   407,,BURLINGTON,VT,05401,300 LAKE ST   407,,BURLINGTON,VT,05401,Vermont,GAIL P  HUNTER ,"300 LAKE ST, #407",,BURLINGTON,VT,05401,2003-10-30,Inactive - Administratively Terminated,2006-12-31,,12.0,,,,
124786,V67041    ,Domestic Business Corporation,"BEAUREGARD'S GENERAL STORE, INC.",,,,,,,,,,,,Vermont,TINA  BEAUREGARD ,67 KING RD,,RICHFORD,VT,05476,2003-11-14,Inactive - Administratively Terminated,,2004-11-14,12.0,,,,
124901,V67157    ,Domestic Business Corporation,"NORTH TUNBRIDGE GENERAL STORE, LTD.",,136 Washington Turnpike,PO Box 190,Chelsea,VT,05038,136 Washington Turnpike,PO Box 190,Chelsea,VT,05038,Vermont,STACEY  FLANDERS ,359 VT. RT 110,,CHELSEA,VT,05038,2003-12-22,Inactive - Administratively Terminated,2015-12-31,2017-03-16,12.0,,,,
125103,V67360    ,Domestic Business Corporation,"BRISTOL COUNTRY STORE, INC.",,3191 S 116 RD,,BRISTOL,VT,05443,3191 S 116 RD,,BRISTOL,VT,05443,Vermont,DONALD R POWERS ESQ                                                                                 ,1205 THREE MILE BRIDGE R,,MIDDLEBURY,VT,05753,2004-02-11,Active - In Good Standing,2025-12-31,,12.0,,,,
125227,V67485    ,Domestic Business Corporation,"SANBORN COUNTRY STORE, INC.",,,,,,,,,,,,Vermont,ORSON  KINGSLEY ,1323 ROUTE 4A,,CASTLETON,VT,05735,2004-03-19,Inactive - Administratively Terminated,2006-12-31,,12.0,,,,
125355,V67614    ,Domestic Business Corporation,"EDELWEISS COUNTRY STORE, INC.",,2215 MOUNTAIN RAOD,,STOWE,VT,05672,2215 MOUNTAIN RAOD,,STOWE,VT,05672,Vermont,RUSS D  BARR ,125 MOUNTAIN ROAD,,STOWE,VT,05672,2004-04-30,Dissolved,2004-12-31,,12.0,,2005-08-17,,
125441,V67701    ,Domestic Business Corporation,"TEWKSBURY'S COUNTRY STORE, INC.",,2 WESTON STREET,,RANDOLPH,VT,05060,2 WESTON STREET,,RANDOLPH,VT,05060,Vermont,EDWARD  LUCE ,24 WESTON ST,,RANDOLPH,VT,05060,2004-05-24,Dissolved,2007-12-31,,12.0,,2011-03-15,,
126239,V68501    ,Domestic Business Corporation,"ORLEANS GENERAL STORE, INC.",,72 MAIN STREET,,ORLEANS,VT,05860,72 MAIN STREET,,ORLEANS,VT,05860,Vermont,MARY  BLAIS ,524 SUNSET ACRES,,NEWPORT,VT,05855,2005-02-16,Inactive - Administratively Terminated,2007-12-31,2008-12-31,12.0,,,,
126945,V69214    ,Domestic Business Corporation,"CHELSEA COUNTRY STORE, INC.",,"289 MAIN ST, VT RTE 110",,CHELSEA,VT,05038,713 VT Route 110,,TUNBRIDGE,VT,05077,Vermont,JULIE  LAWRENCE ,289 MAIN ST. VT RTE 110,,CHELSEA,VT,05038,2005-10-25,Dissolved,2018-12-31,,12.0,,2020-01-25,,
127130,V69400    ,Domestic Business Corporation,"H & J GENERAL STORE, INC.",,,,,,,,,,,,Vermont,HOWARD  IRISH ,PO BOX 67,,CAMBRIDGE,VT,05441,2006-01-03,Dissolved,,,12.0,,2007-05-29,,
127527,V69798    ,Domestic Business Corporation,"KINGSBURY'S GENERAL STORE, INC.",,4348 MAIN ST,,WAITSFIELD,VT,05673,4348 MAIN ST,,WAITSFIELD,VT,05673,Vermont,RICHARD JOHNSTON KING                                                                               ,4219 MAIN ST BOX 879,,WAITSFIELD,VT,05673,2006-05-11,Dissolved,2022-12-31,,12.0,,2023-12-31,,
127622,V69894    ,Domestic Business Corporation,"TUCKER'S COUNTRY STORE, INC.",,1323 ROUTE 4A WEST,,HYDEVILLE,VT,05750,1323 ROUTE 4A WEST,,HYDEVILLE,VT,05750,Vermont,RONALD J.  TUCKER ,1323 ROUTE 4A WEST,,HYDEVILLE,VT,05750,2006-06-16,Inactive - Administratively Terminated,2006-12-31,,12.0,,,,
128052,V70324    ,Domestic Business Corporation,"O'BRIEN'S STORE OF WILLISTON, INC.",,155 NORA PETE DRIVE,,WILLISTON,VT,05495,155 NORA PETE DRIVE,,WILLISTON,VT,05495,Vermont,"KOLVOORD, OVERTON & WILSON, PC",600 Blair Park Road,Suite 205,Williston,VT,05495,2006-12-11,Active - In Good Standing,2025-12-31,,12.0,,,,
128493,V70767    ,Domestic Business Corporation,"HISTORIC CRAFTSBURY GENERAL STORE, INC.",,118 S. CRAFTSBURY RD,,CRAFTSBURY,,,118 S. CRAFTSBURY RD,,CRAFTSBURY,,,Vermont,DAVID  STEMBER ,118 SOUTH CRAFTSBURY RD.,,CRAFTSBURY,VT,05826,2007-05-09,Dissolved,2007-12-31,,12.0,,2009-08-26,,
128501,V70775    ,Domestic Business Corporation,"WEST HARTFORD VILLAGE STORE, INC.",,5187 ROUTE 14 NORTH,,W. HARTFORD,VT,05084,5187 ROUTE 14 NORTH,,W. HARTFORD,VT,05084,Vermont,"FRANK F.  BERK, Esq.",PO BOX 180,,SO. ROYALTON,VT,05068,2007-05-08,Dissolved,2009-12-31,,12.0,,2010-06-10,,
128771,V71046    ,Domestic Business Corporation,"MRS. T'S COUNTRY STORE, INC.",,429 HACKADAM RD.,,WEST HAVEN,VT,05743,429 HACKADAM RD.,,WEST HAVEN,VT,05743,Vermont,CAROL A.  THOMSON ,429 HACKADAM RD.,,WEST HAVEN,VT,05743,2007-08-31,Dissolved,2009-12-31,,12.0,,2010-12-16,,
128935,V71212    ,Domestic Business Corporation,"PROCTOR STORE, INC.",,36 WEST STREET,,PROCTOR,VT,05765,36 WEST STREET,,PROCTOR,VT,05765,Vermont,"DONALD R. POWERS,  ESQUIRE ",48 COURT STREET,,MIDDLEBURY,VT,05753,2007-11-16,Inactive - Administratively Terminated,2008-12-31,2009-12-31,12.0,,,,
129174,V71454    ,Domestic Business Corporation,"WOODFORD MTN GENERAL STORE, INC.",,5053 ROUTE 9,,WOODFORD,VT,05201,5053 ROUTE 9,515 Quarry Rd,WOODFORD,VT,05201,Vermont,CHRISTOPHER S  ROSSO ,515 QUARRY RD,,BENNINGTON,VT,05201,2008-03-06,Dissolved,2016-12-31,,12.0,,2017-12-10,,
129203,V71483    ,Domestic Business Corporation,"EAST CORINTH GENERAL STORE, INC.",,8392 VT RTE 25,,EAST CORINTH,VT,05040,PO BOX 185,,EAST CORINTH,VT,05040,Vermont,RENEE  SALOMAA ,8392 VT RTE 25,,EAST CORINTH,VT,05040,2008-03-17,Active - In Good Standing,2025-12-31,2026-03-16,12.0,,,,
129335,V71618    ,Domestic Business Corporation,"TJ'S COUNTRY STORE, INC.",,1711 NORTH MAIN ST.,,MONTGOMERY,VT,05470,P.O. BOX 6,,MONTGOMERY,VT,05470,Vermont,JEFFREY  DONNA ,573 SO. RICHFORD ROAD,,RICHFORD,VT,05476,2008-05-12,Inactive - Administratively Terminated,2012-12-31,2014-06-01,12.0,,,,
129799,V72089    ,Domestic Business Corporation,"ROBERT'S COUNTRY STORE, INC.",,536 SUGARHOUSE RD,,WILLIAMSTOWN,VT,05679,536 SUGARHOUSE RD,,WILLIAMSTOWN,VT,05679,Vermont,RICKIE L  LACROIX ,536 SUGARHOUSE RD,,WILLIAMSTOWN,VT,05679,2009-02-04,Active - NOT In Good Standing,2018-12-31,2020-03-16,12.0,,,,
129913,V72204    ,Domestic Business Corporation,"LEICESTER GENERAL STORE, INC.",,1620 US RT 7,,LEICESTER,VT,05733,1620 US RT 7,,LEICESTER,VT,05733,Vermont,JAMES HL  PERLEE ,92 FERN LAKE RD,,LEICESTER,VT,05733,2009-03-27,Dissolved,,,12.0,,2009-05-22,,
130138,V72429    ,Domestic Business Corporation,"BROOKSIDE COUNTRY STORE, INC.",,339 EAST MONTPELIER RD,,BARRE TOWN,VT,05641,339 EAST MONTPELIER RD,,BARRE TOWN,VT,05641,Vermont,LARRY  BEEDE ,58 COLBY ST,,BARRE,VT,05641,2009-07-30,Active - NOT In Good Standing,2018-12-31,2020-03-16,12.0,,,,
130227,V72518    ,Domestic Business Corporation,"RUTLAND COUNTRY STORE, INC.",,215 North Main St,,RUTLAND,VT,05701,215 North Main St,,RUTLAND,VT,05701,Vermont,MARY M  DEANGELIS ,1684 MCKINLEY AVE,,RUTLAND,VT,05701,2009-09-17,Inactive - Administratively Terminated,2017-12-31,2019-03-16,12.0,,,,
130261,V72552    ,Domestic Business Corporation,"SIMON'S WAITSFIELD STORE, INC.",,75 SOUTH WINOOSKI AVE,,BURLINGTON,VT,05401,75 SOUTH WINOOSKI AVE,,BURLINGTON,VT,05401,Vermont,BRIAN P HEHIR ESQ,239 S UNION ST,,BURLINGTON,VT,05402,2009-10-15,Active - In Good Standing,2025-12-31,2026-03-16,12.0,,,,
130602,V72893    ,Domestic Business Corporation,"LAKE HORTONIA COUNTRY STORE/FRANK & JUDY, INC.",,303 ROUTE 144,,HUBBARDTON,VT,05760,303 ROUTE 144,,HUBBARDTON,VT,05760,Vermont,MICHAEL GARDNER,5207 RTE 103,,CUTTINGSVILLE,VT,05738,2010-05-03,Inactive - Administratively Terminated,2011-12-31,2013-06-01,12.0,,,,
130831,V73122    ,Domestic Business Corporation,"TAFTSVILLE COUNTRY STORE, INC.",,2706 E WOODSTOCK ROAD,,TAFTSVILLE,VT,05073,PO Box 2,,TAFTSVILLE,VT,05073,Vermont,VICTORIA L  BROOKS ,5 NORTH ST,,WOODSTOCK,VT,05091,2010-09-13,Inactive - Administratively Terminated,2013-12-31,2015-03-16,12.0,,,,
131293,V73585    ,Domestic Business Corporation,"ALBANY GENERAL STORE, INC.",999999-Any Lawful Purpose,2233 COLLINSVILLE RD,,CRAFTSBURY,VT,05826,2233 COLLINSVILLE RD,,CRAFTSBURY,VT,05826,Vermont,BERNARD  ALDEN ,2233 COLLINSVILLE RD,,CRAFTSBURY,VT,05826,2011-06-17,Dissolved,2011-12-31,2013-06-01,12.0,,2014-09-26,,
131333,V73625    ,Domestic Business Corporation,"THE NORTH WOLCOTT COUNTRY STORE, INC.",,3737 NORTH WOLCOTT RD,,WOLCOTT,VT,05680,3737 NORTH WOLCOTT RD,,WOLCOTT,VT,05680,Vermont,JOSEPHINE  HALE ,PO BOX 1657 3737 N WOLCO,,MORRISVILLE,VT,05661,2011-07-19,Active - NOT In Good Standing,2019-12-31,2021-03-16,12.0,,,,
283754,V74748    ,Domestic Business Corporation,MIDDLESEX COUNTRY STORE INC.,,2574 CROSSETT HILL,,DUXBURY,VT,05676,2574 CROSSETT HILL,,DUXBURY,VT,05676,Vermont,DAVID JOHN  SPECHT ,2574 CROSSETT HILL,,DUXBURY,VT,05676,2013-11-27,Dissolved,2016-12-31,,12.0,,2018-01-19,,
289602,V74890    ,Domestic Business Corporation,THE STICKS COUNTRY STORE AND DELI INC.,,1927 HILL WEST RD,,ENOSBURG FALLS,VT,05450,1927 HILL WEST RD,,ENOSBURG FALLS,VT,05450,Vermont,RACHAEL  CAMPBELL ,1927 HILL WEST RD,,ENOSBURG FALLS,VT,05450,2014-03-12,Inactive - Administratively Terminated,2016-12-31,2018-03-16,12.0,,,,
294400,V75048    ,Domestic Business Corporation,"BRIDGE'S COUNTRY STORE, INC.",,2149 US RTE 4,,MENDON,VT,05701,2149 US RTE 4,,MENDON,VT,05701,Vermont,JESSE  BRIDGE ,80 PARK LN,,MENDON,VT,05701,2014-08-18,Inactive - Administratively Terminated,2017-12-31,2019-03-16,12.0,,,,
307522,          ,Domestic Business Corporation,"CHITTENDEN STORE & DELI, INC",722513-Limited-Service Restaurants,231 Chittenden Road,,Chittenden,VT,05737,231 Chittenden Road,,Chittenden,VT,05737,,Patrick J.  Boandl ,36 Beebe Hill Road,,Chittenden,VT,05737,2015-09-22,Dissolved,2016-12-31,,12.0,,2017-11-01,,
316614,          ,Domestic Business Corporation,"CONES POINT GENERAL STORE, INC",999999-Any Lawful Purpose,3816 VT Route 30 S,,Poultney,VT,05764,3816 VT Route 30 S,,Poultney,VT,05764,,JOSEPH A  DEBONIS Esq,226 Main Street,,Poultney,VT,05764,2016-03-17,Dissolved,2021-12-31,,12.0,,2022-11-17,Close,
330019,          ,Domestic Business Corporation,MARSHFIELD VILLAGE STORE INC,445120-Convenience Stores,1425 us route 2,,marshfield,VT,05658,1425 us route 2,,marshfield,VT,05658,,,,,,,,2017-04-25,Inactive - Administratively Terminated,2021-12-31,2026-03-16,12.0,,,,
369409,          ,Domestic Business Corporation,"QUECHEE GENERAL STORE, INC.",999999-Any Lawful Purpose,5573 Woodstock Road,,Quechee,VT,05059,5573 Woodstock Road,,Quechee,VT,05059,,"Darby Kolter & Nordle, LLP",89 South Main Street,,Waterbury,VT,05676,2020-03-09,Active - In Good Standing,2025-12-31,2026-03-16,12.0,,,,
418899,          ,Domestic Business Corporation,AR GENERAL STORE INC,447110-Gasoline Stations with Convenience Stores,7788 VT-113,,POSTMILLS,VT,05058,10 WHITTIER DRIVE,,BOW,NH,03304,,ANKIT  PATEL ,7788 VT-113,,POSTMILLS,VT,05058,2022-11-17,Active - In Good Standing,2025-12-31,,12.0,,,,
444933,          ,Domestic Business Corporation,NORTH BENNINGTON VARIETY STORE INC,999999-Any Lawful Purpose,431 E Arlington Road,Apt. A,Arlington,VT,05250,431 E Arlington Road,Apt. A,Arlington,VT,05250,,Shefali  Patel ,431 E Arlington Road,Apt A,Arlington,VT,05250,2024-03-15,Inactive - Dissolved,,,12.0,,2025-03-03,,
449792,          ,Domestic Business Corporation,AR LYNDONVILLE STORE CORP,445120-Convenience Stores,590 MAIN STREET,,LYNDONVILLE,VT,05851,10 WHITTIER DRIVE,,BOW,NH,03304,,ANKIT  PATEL ,7788 VT-113,,POSTMILLS,VT,05058,2024-06-19,Active - In Good Standing,2025-12-31,,12.0,,,,
450291,          ,Domestic Business Corporation,1836 COUNTRY STORE VILLAGE CORP.,"453220-Gift, Novelty, and Souvenir Stores",19 Assinippi Ave,,Norwell,MA,02061,19 Assinippi Ave,,Norwell,MA,02061,,"Meub Associates, PLC",65 Grove Street,,Rutland,VT,05701,2024-06-28,Active - In Good Standing,2025-12-31,,12.0,,,Close,
450774,          ,Domestic Business Corporation,BENSON GENERAL STORE INC,454310-Fuel Dealers,2813 vt-22a,,benson,VT,05743,2813 vt-22a,,benson,VT,05743,,orwell one stop inc,330 vt-22a,,orwell,VT,05760,2024-07-10,Active - In Good Standing,2025-12-31,2026-03-16,12.0,,,,
462163,,Domestic Business Corporation,JRY Burlington Store Corporation,445120-Convenience Stores,166 North Street,,Burlington,VT,05401,166 North Street,,Burlington,VT,05401,Vermont,Douglas  Brines ,126 College St,Suite 400,Burlington,VT,05402,2025-02-07,Active - In Good Standing,2025-12-31,,12.0,,,,
465923,,Domestic Business Corporation,AR SWANTON STORE CORP.,447110-Gasoline Stations with Convenience Stores,31 Grand Avenue,,Swanton,VT,05488,31 Grand Avenue,,Swanton,VT,05488,Vermont,"Douglas M.  Brines, Esq.","126 College St., Suite 400",,Burlington,VT,05402,2025-04-11,Active - In Good Standing,2025-12-31,2026-03-16,12.0,,,,
487013,,Domestic Business Corporation,AR EDEN GENERAL STORE CORP.,445120-Convenience Stores,2918 VERMONT RT 100,,EDEN,VT,05652,10 WHITTIER DRIVE,,BOW,NH,03304,Vermont,ANKIT  PATEL ,7788 VT-113,,POSTMILLS,VT,05058,2026-02-20,Active - In Good Standing,,,12.0,,,,
487274,,Domestic Business Corporation,AR IRASBURG GENERAL STORE CORP.,445120-Convenience Stores,6196 VT Route 14,,Irasburg,VT,05845,10 WHITTIER DRIVE,,BOW,NH,03304,Vermont,ANKIT  PATEL ,7788 VT-113,,POSTMILLS,VT,05058,2026-02-26,Active - In Good Standing,,,12.0,,,,
722,L0008431  ,Domestic Limited Liability Company,CENTER GENERAL STORE L.L.C.  THE,,"2007 GUPTIL ROAD, BOX D",,WATERBURY CTR,VT,05677,"2007 GUPTIL ROAD, BOX D",,WATERBURY CTR,VT,05677,VT,SUSAN L  GRANT ,2026 BLUSH HILL RD,,WATERBURY,VT,05676,2003-09-04,Terminated,2006-12-31,,12.0,,2008-01-28,,
1135,L0015101  ,Domestic Limited Liability Company,"ALBURGH COUNTRY STORE, LLC",,4 MAIN ST,,ALBURG,VT,05440,4 MAIN ST,,ALBURG,VT,05440,VT,PAMELA E  LEONARD ,PO BOX 417/BORDER RD,,ALBURG,VT,05440,2005-12-28,Inactive - Administratively Terminated,2007-12-31,,12.0,,,,
1593,L0000678  ,Domestic Limited Liability Company,"PLYMOUTH COUNTRY STORE, LLC",,184 Okemo Ridge Road,,Ludlow,VT,05149,PO BOX 691,,Fairfield,CT,06824,VT,DAVID E YURKERWICH                                                                                  ,,,,,,1997-12-16,Active - NOT In Good Standing,2021-12-31,2023-04-01,12.0,,,,
2044,L0021712  ,Domestic Limited Liability Company,"CENTER BAKERY AND GENERAL STORE, LLC",,10 S MAIN ST,,WATERBURY,VT,05676,10 S MAIN ST,,WATERBURY,VT,05676,VT,JEFFREY KILGORE PLC                                                                                 ,10 SOUTH MAIN STREET,,WATERBURY,VT,05676,2007-11-30,Inactive - Administratively Terminated,2010-12-31,2011-12-31,12.0,,,,
2085,L0021753  ,Domestic Limited Liability Company,MOSCOW GENERAL STORE LLC,,PO BOX 500,,MOSCOW,VT,05662,PO BOX 500,,MOSCOW,VT,05662,VT,MARGARET  GUERRA ,PO BOX 500,,MOSCOW,VT,05662,2007-12-05,Inactive - Administratively Terminated,,,12.0,,,,
2588,L0003766  ,Domestic Limited Liability Company,"VERMONT HERBAL GENERAL STORE, LLC  THE",,518 MAIN STREET,,W RUTLAND,VT,05777,518 MAIN STREET,,W RUTLAND,VT,05777,VT,JOHN M  RUGGIERO ,11 COTTAGE STREET,,RUTLAND,VT,05701,2001-02-14,Terminated,,,12.0,,2009-03-16,,
2681,L0003859  ,Domestic Limited Liability Company,"BARNARD GENERAL STORE, LLC",,ROUTE 12,,BARNARD,VT,05031,ROUTE 12,,BARNARD,VT,05031,VT,CAROLYN DICICCO,RT 12/PO 243,,BARNARD,VT,05031,2001-03-05,Terminated,2003-12-31,,12.0,,2004-07-28,,
5169,L0003020  ,Domestic Limited Liability Company,"A&L COUNTRY STORE, LLC",,98 MERCHANTS ROW,,RUTLAND,VT,05702,98 MERCHANTS ROW,,RUTLAND,VT,05702,VT,MARK  WERLE ,98 MERCHANTS ROW POB 310,,RUTLAND,VT,05702,2000-07-19,Inactive - Administratively Terminated,2000-12-31,,12.0,,,,
6325,L0005017  ,Domestic Limited Liability Company,"APPLE ISLAND COUNTRY STORE, LLC",,PO BOX 183,,SOUTH HERO,VT,05486,PO BOX 183,,SOUTH HERO,VT,05486,VT,G STEPHEN  PRATT ,PO BOX 183,,SOUTH HERO,VT,05486,2001-12-21,Inactive - Administratively Terminated,,,12.0,,,,
7534,L0036809  ,Domestic Limited Liability Company,"WEST ENOSBURG COUNTRY STORE, LLC",,2394 WEST ENOSBURG ROAD,,ENOSBURG FALLS,VT,05450,2394 WEST ENOSBURG ROAD,,ENOSBURG FALLS,VT,05450,VT,MARGUERITE D.  PANKO ,PO BOX 250-569 LONGLEY B,,ENSOBURG FALLS,VT,05450,2012-05-11,Active - In Good Standing,2025-12-31,,12.0,,,,
8241,L0002211  ,Domestic Limited Liability Company,"SKIP'S GENERAL STORE, L.L.C.",,44 US ROUTE 4,,W BRIDGEWATER,VT,05035,44 US ROUTE 4,,W BRIDGEWATER,VT,05035,VT,LISA  CURRIER ,513 MACAWEE RD,,WOODSTOCK,VT,05091,1999-11-29,Inactive - Administratively Terminated,,,12.0,,,,
8347,L0004680  ,Domestic Limited Liability Company,"ORWELL COUNTRY STORE, LLC",,130 BELLEVUE AVENUE,,RUTLAND,VT,05701,130 BELLEVUE AVENUE,,RUTLAND,VT,05701,VT,WADE  PUSHEE ,130 BELLEVUE AVENUE,,RUTLAND,VT,05701,2001-10-02,Inactive - Administratively Terminated,2003-12-31,,12.0,,,,
8731,L0007149  ,Domestic Limited Liability Company,"JAQUES COUNTRY STORE, LLC",,2246 MAIN ROAD,,HUNTINGTON,VT,05462,2246 MAIN ROAD,,HUNTINGTON,VT,05462,VT,VINCENT A PARADIS ESQ                                                                               ,34 PEARL ST/PO BOX 174,,ESSEX JCT,VT,05453,2003-02-05,Terminated,2008-12-31,,12.0,,2010-02-18,,
9404,L0004491  ,Domestic Limited Liability Company,"PERKINSVILLE COUNTRY STORE, LLC",,2069 ROUTE 106,,PERKINSVILLE,VT,05151,2069 ROUTE 106,,PERKINSVILLE,VT,05151,VT,LOIS  PATRIE ,187 WALL STREET,,SPRINGFIELD,VT,05156,2001-08-13,Inactive - Administratively Terminated,2001-12-31,,12.0,,,,
10550,L0009813  ,Domestic Limited Liability Company,"MOSCOW GENERAL STORE, LLC",,539 MOSCOW RD,,STOWE,VT,05672,539 MOSCOW RD,,STOWE,VT,05672,VT,ELAINE K NICHOLS                                                                                    ,1878 MOUNTAIN RD/PO 1424,,STOWE,VT,05672,2004-03-19,Terminated,2005-12-31,,12.0,,2006-08-10,,
10691,L0008009  ,Domestic Limited Liability Company,"DEBANVILLE'S GENERAL STORE, LLC",,47 VERMONT RTE 105,,BLOOMFIELD,VT,05905,47 VERMONT RTE 105,,BLOOMFIELD,VT,05905,VT,DARLENE  BELKNAP ,47 VERMONT RTE 105,,BLOOMFIELD,VT,05905,2003-06-24,Inactive - Administratively Terminated,2015-12-31,2017-04-01,12.0,,,,
12303,L0009071  ,Domestic Limited Liability Company,BRISTOL COUNTRY STORE LLC,,3191 SOUTH VT RTE 116,,BRISTOL,VT,05443,3191 SOUTH VT RTE 116,,BRISTOL,VT,05443,VT,DONALD R POWERS ESQ                                                                                 ,48 COURT STREET,,MIDDLEBURY,VT,05753,2003-12-12,Terminated,,,12.0,,2004-02-11,,
13899,L0038749  ,Domestic Limited Liability Company,"JJ HAPGOOD GENERAL STORE, LLC",,305 MAIN STREET,,PERU,VT,05152,53 Falls Road,PO Box 335,SHELBURNE,VT,05482,VT,JULIETTE BRITTON                                                                                    ,"179 OLD MANCH, PO BOX 422",,PERU,VT,05152,2012-11-28,Active - NOT In Good Standing,2022-12-31,2024-04-01,12.0,,,,
13900,L0038750  ,Domestic Limited Liability Company,MAIN STREET PERU GENERAL STORE LLC,,179 OLD MANCHESTER ROAD,,PERU,VT,05152,179 OLD MANCHESTER ROAD,,PERU,VT,05152,VT,JULIETTE BRITTON                                                                                    ,"179 OLD MANCH, PO BOX 422",,PERU,VT,05152,2012-11-28,Inactive - Administratively Terminated,2012-11-28,2014-06-01,12.0,,,,
14864,L0012472  ,Domestic Limited Liability Company,"BROOKFIELD VALLEY STORE, LLC",,7523 VT RTE 14,,BROOKFIELD,VT,05036,7523 VT RTE 14,,BROOKFIELD,VT,05036,VT,DOUGLAS HAGGETT                                                                                     ,7523 VT RTE 14,,BROOKFIELD,VT,05036,2005-02-28,Inactive - Administratively Terminated,2012-12-31,2014-06-01,12.0,,,,
14886,L0012495  ,Domestic Limited Liability Company,"ORIGINAL GENERAL STORE ROUTE 100 PITTSFIELD, LLC.",,3963 ROUTE 100,PO BOX 832,PITTSFIELD,VT,05762,PO Box 869,,PITTSFIELD,VT,05762,VT,COURTNEY  DESENA ,57 TWEED RIVER DR,,PITTSFIELD,VT,05762,2005-03-02,Active - In Good Standing,2025-12-31,,12.0,,,,
15115,L0019258  ,Domestic Limited Liability Company,TROY GENERAL STORE LLC,,VT ROUTE 100,,TROY,VT,05868,VT ROUTE 100,,TROY,VT,05868,VT,LINDA  PRUE ,PO BOX 188,,TROY,VT,05868,2007-03-21,Terminated,,,12.0,,2008-04-29,,
15341,L0007666  ,Domestic Limited Liability Company,"BENSON VILLAGE STORE, LLC",,774 STAGE ROAD,,BENSON,VT,05731,774 STAGE ROAD,,BENSON,VT,05731,VT,MORRIS L SILVER  ATTY ,767 LAKE ROAD,,BENSON,VT,05731,2003-05-01,Inactive - Administratively Terminated,2005-12-31,,12.0,,,,
17113,L0014727  ,Domestic Limited Liability Company,"LOWER CABOT GENERAL STORE, LLC",,1782 ROUTE 215,,CABOT,VT,05647,1782 ROUTE 215,,CABOT,VT,05647,VT,JOHN F  PAULSON ,1013 WEST HILL POND RD,,MARSHFIELD,VT,05658,2005-11-16,Inactive - Administratively Terminated,,,12.0,,,,
18713,L0010769  ,Domestic Limited Liability Company,"WHITING COUNTRY STORE, LLC",,150 GLEN VIEW DRIVE,,SHOREHAM,VT,05770,150 GLEN VIEW DRIVE,,SHOREHAM,VT,05770,VT,LAWRENCE  QUESNEL ,378 N MAIN ST,,WHITING,VT,05778,2004-07-27,Inactive - Administratively Terminated,2011-12-31,2013-06-01,12.0,,,,
19246,L0018255  ,Domestic Limited Liability Company,"FLETCHER GENERAL STORE, LLC",,1619 East Peacham Road,,Peacham,VT,05862,1619 East Peacham Road,1619 East Peacham Road,Peacham,VT,05862,VT,"VINCENT  PARADIS, Esq","34 PEARL ST, BOX 174",,ESSEX JNCT,VT,05453,2006-12-11,Terminated,2013-12-31,2015-03-16,12.0,,2015-07-09,,
19390,L0023682  ,Domestic Limited Liability Company,EAST DOVER GENERAL STORE LLC,,4 NORTH STREET,,EAST DOVER,VT,05341,4 NORTH STREET,,EAST DOVER,VT,05341,VT,BECKY  STOCKHAUSARBELLA ,,,,,,2008-06-17,Terminated,2008-12-31,,12.0,,2012-11-27,,
20036,L0015710  ,Domestic Limited Liability Company,"MESSIER'S GENERAL STORE, LLC",,29 VT RTE 14 S,,E RANDOLPH,VT,05041,29 VT RTE 14 S,,E RANDOLPH,VT,05041,VT,AMY  MESSIER ,29 VT RTE 14 SOUTH,,E RANDOLPH,VT,05041,2006-03-01,Terminated,2009-12-31,,12.0,,2011-01-10,,
20067,L0018104  ,Domestic Limited Liability Company,"J 'N B GENERAL STORE, LLC",,26 THE COMMON,,CHESTER,VT,05143,26 THE COMMON,,CHESTER,VT,05143,VT,NANCY F.  PHILLIPS ,26 THE COMMON,,CHESTER,VT,05143,2006-11-20,Inactive - Administratively Terminated,2008-12-31,,12.0,,,,
20536,L0015519  ,Domestic Limited Liability Company,"TUNBRIDGE VILLAGE STORE, LLC",,MAIN STREET,,TUNBRIDGE,VT,05077,MAIN STREET,,TUNBRIDGE,VT,05077,VT,ANN SWANSON                                                                                         ,3998 ROUTE 113,,THETFORD CTR,VT,05075,2006-02-07,Inactive - Administratively Terminated,,,12.0,,,,
22254,L0036705  ,Domestic Limited Liability Company,"THE NEW ENGLAND COUNTRY STORE, LTD. CO.",,27 MOCKINGBIRD LANE,,SO BURLINGTON,VT,05403,27 MOCKINGBIRD LANE,,SO BURLINGTON,VT,05403,VT,MICHAEL  CROUSE ,74 FEATHERBED LANE,,SOUTH HERO,VT,05486,2012-05-02,Terminated,2012-05-02,2013-05-02,3.0,,2019-01-08,,
23762,L0017650  ,Domestic Limited Liability Company,BASKET OF SUNSHINE COUNTRY STORE LLC,,52 ONION RIVER RD,,PLAINFIELD,VT,05667,52 ONION RIVER RD,,PLAINFIELD,VT,05667,VT,LINDA  LAMBERTON ,52 ONION RIVER RD,,PLAINFIELD,VT,05667,2006-10-02,Inactive - Administratively Terminated,,,12.0,,,,
24494,L0017410  ,Domestic Limited Liability Company,"LABELLE'S COUNTRY STORE, LLC",,PO BOX 108,,BAKERSFIELD,VT,05441,PO BOX 108,,BAKERSFIELD,VT,05441,VT,ELIZABETH H  MORRIS ,,,,,,2006-09-07,Terminated,2006-12-31,,12.0,,2008-06-26,,
25241,L0026914  ,Domestic Limited Liability Company,"OLSON'S GENERAL STORE, LLC",,331 Route 100 N,,LUDLOW,VT,05149,331 Route 100 N,,LUDLOW,VT,05149,VT,MATTHEW T BIRMINGHAM III ESQ                                                                        ,"71 MAIN ST, PO BOX 247",,LUDLOW,VT,05149,2009-06-11,Inactive - Administratively Terminated,2020-12-31,2026-04-01,12.0,,,,
25791,L0022323  ,Domestic Limited Liability Company,"QUECHEE COUNTRY STORE, LLC",,5967 WOODSTOCK RD.,,QUECHEE,VT,05059,PO BOX 1225,,QUECHEE,VT,05059,VT,RITA  MACE ,#119 TALL TIMBER DR,,WHITE RIVER JC,VT,05001,2008-01-30,Inactive - Administratively Terminated,2012-12-31,2014-06-01,12.0,,,,
26610,L0019669  ,Domestic Limited Liability Company,"WEST HARTFORD VILLAGE STORE, LLC",,5187 ROUTE 14 NORTH,,WEST HARTFORD,VT,05084,5187 ROUTE 14 NORTH,,WEST HARTFORD,VT,05084,VT,FRANK BERK                                                                                          ,PO BOX 180,,S ROYALTON,VT,05068,2007-04-25,Terminated,,,12.0,,2007-05-08,,
27265,L0023382  ,Domestic Limited Liability Company,"TROY GENERAL STORE, LLC",,6740 US RTE 100,,TROY,VT,05868,PO Box 188,,TROY,VT,05868,VT,ANTHONY  BLAIS ,6740 US RTE 100 POB 188,,TROY,VT,05868,2008-05-19,Active - In Good Standing,2025-12-31,2026-04-02,12.0,,,,
28115,L0024373  ,Domestic Limited Liability Company,"LANOUE'S GENERAL STORE, LLC",,39 MAPLE ST,,ORLEANS,VT,05860,72 Main St,,ORLEANS,VT,05860,VT,PETER  LANOUE ,39 MAPLE STREET,,ORLEANS,VT,05860,2008-09-03,Terminated,2016-12-31,,12.0,,2017-12-14,,
28495,L0031424  ,Domestic Limited Liability Company,NAYLOR'S COUNTRY STORE LLC,,304 DUFORD RD,,NEWARK,VT,05871,304 DUFORD RD,,NEWARK,VT,05871,VT,SARAH NAYLOR                                                                                        ,304 DUFORD RD,,NEWARK,VT,05871,2010-11-01,Inactive - Administratively Terminated,2010-12-31,2011-12-31,12.0,,,,
29493,L0029649  ,Domestic Limited Liability Company,"THOMPSON HILL CAMPGROUND & COUNTRY STORE, LLC",,43 THOMPSON ROAD,,TOPSHAM,VT,05076,PO Box 184,,EAST CORINTH,VT,05040,VT,JANICE  THOMPSON ,501 THOMPSON HILL ROAD,,TOPSHAM,VT,05076,2010-04-15,Active - NOT In Good Standing,2023-12-31,2025-04-02,12.0,,,,
30355,L0029123  ,Domestic Limited Liability Company,"NORTHEAST KINGDOM COUNTRY STORE, LLC",,466 VT ROUTE 114,PO Box 180,EAST BURKE,VT,05832,466 VT ROUTE 114,PO Box 180,EAST BURKE,VT,05832,VT,Diane  Haser ,466 VT Route 114,,East Burke,VT,05832,2010-02-26,Active - In Good Standing,2025-12-31,,12.0,,,,
31033,L0026050  ,Domestic Limited Liability Company,"VERMONT HERBAL GENERAL STORE, LLC THE",,518 MAIN STREET,,W. RUTLAND,VT,05777,518 MAIN STREET,518 Main St,West Rutland,VT,05777,VT,SYLVIA  LIO ,518 MAIN STREET,,W. RUTLAND,VT,05777,2009-03-16,Active - NOT In Good Standing,2018-12-31,2020-04-01,12.0,,,,
32146,L0025914  ,Domestic Limited Liability Company,DOLLYS COUNTRY STORE LLC,,1696 MAIN STREET,,MARSHFIELD,VT,05658,1696 MAIN STREET,,MARSHFIELD,VT,05658,VT,DAWN L.  DIMICK ,2780 RT 232,,MARSHFIELD,VT,05658,2009-03-02,Terminated,,,2.0,,2010-12-13,,
35191,L0035360  ,Domestic Limited Liability Company,"GENERAL STORE TWENTY-FOUR SEVEN, LLC",,"11 ON THE GREEN,POBOX647",,EAST POULTNEY,VT,05741,"11 ON THE GREEN,POBOX647",,EAST POULTNEY,VT,05741,VT,DEENA  GUILLET ,"PO BOX 647, 11 ON THE GR",,E POULTNEY,VT,05741,2012-01-01,Inactive - Administratively Terminated,2012-01-01,2014-06-01,12.0,,,,
35313,L0032702  ,Domestic Limited Liability Company,"FLANNEL COUNTRY STORE, LLC",,289 Lowery Road,,East Barre,VT,05649,PO Box 77,,East Barre,VT,05649,VT,"H. Kenneth Merritt,  Jr., Esq.","Merritt & Merritt, 60 Lake Street",2nd Floor,BURLINGTON,VT,05401,2011-03-21,Active - In Good Standing,2025-12-31,,12.0,,,,
280212,L0039379  ,Domestic Limited Liability Company,"FALLS GENERAL STORE, LLC",,7 COX BROOK RD,,NORTHFIELD FALLS,VT,05664,P. O. Box 93,,Northfield Falls,VT,05664,VT,SHEILA KI.  GETZINGER ,"PO BOX 515,5031 MAIN ST",,WAITSFIELD,VT,05673,2013-01-24,Active - In Good Standing,2025-12-31,,12.0,,,,
284556,L0042773  ,Domestic Limited Liability Company,"AC'S GENERAL STORE, LLC",,11 ON THE GREENE,,E POULTNEY,VT,05741,11 ON THE GREENE,PO Box 566,E POULTNEY,VT,05741,VT,CAROL B.  STIERLE ,11 ON THE GREENE,,E POULTNEY,VT,05741,2013-12-11,Terminated,2019-12-31,,12.0,,2021-01-12,,
291772,L0044700  ,Domestic Limited Liability Company,"THE PANTON GENERAL STORE, LLC",,3074 JERSEY STREET,,PANTON,VT,05491,3074 JERSEY STREET,,PANTON,VT,05491,VT,LINDA A.  GOODSPEED ,#2 FIRST ST,,VERGENNES,VT,05491,2014-05-20,Inactive - Administratively Terminated,2014-12-31,2016-04-01,12.0,,,,
291997,L0044735  ,Domestic Limited Liability Company,BAKERSFIELD GENERAL STORE LLC,,31 MAIN ST N,,BAKERSFIELD,VT,05441,31 MAIN ST N,,BAKERSFIELD,VT,05441,VT,BETTY JEAN  TRIVENTO ,194 VT RTE 105E,,NORTH TROY,VT,05859,2014-05-23,Terminated,,,12.0,,2015-01-26,,
297971,          ,Domestic Limited Liability Company,"CHARLIE'S COUNTRY STORE, LLC",531390-Other Activities Related to Real Estate,231 East 54 Street,,New York,NY,10022,6 West 18th Street,,New York,NY,10011,VT,Gary R.  Kupferer ,25 Washington Street,,Rutland,VT,05701,2014-12-16,Terminated,2014-12-31,,12.0,,2016-02-24,,
299131,          ,Domestic Limited Liability Company,BAKERSFIELD GENERAL STORE LLC,445120-Convenience Stores,31 Main Street North,,Bakersfield,VT,05441,364 Courser Road,,Enosburg Falls,VT,05450,VT,Tammy & Todd  LaPan ,364 Courser Road,,Enosburg Falls,VT,05450,2015-01-26,Inactive - Administratively Terminated,,2016-04-01,12.0,,,,
304907,          ,Domestic Limited Liability Company,THE COUNTRY STORE ON MAIN LLC,"453220-Gift, Novelty, and Souvenir Stores",109 Main Street,,Stowe,VT,05672,PO Box 1521,,Stowe,VT,05672,VT,Cristina  Mink ,105 Depot Street,#728,Stowe,VT,05672,2015-06-29,Active - In Good Standing,2025-12-31,,12.0,,,,
311518,          ,Domestic Limited Liability Company,"GENERAL STORE FILMS, LLC","711510-Independent Artists, Writers, and Performers",700 John Darling Road,,South Woodstock,VT,05071,PO Box 221,,Woodstock,VT,05091,VT,Joshua Aaron  Melrod ,148 Lime Pond Road,,Barnard,VT,05031,2016-01-27,Active - In Good Standing,2025-12-31,2026-04-02,12.0,,,,
311813,          ,Domestic Limited Liability Company,"WOODBURY VILLAGE STORE, LLC",445110-Supermarkets and Other Grocery (except Convenience) Stores,21 Valley Lake Rd,,Woodbury,VT,05681,PO Box 296,,Woodbury,VT,05681,VT,Jessica  Waters ,21 Valley Lake Rd,,Woodbury,VT,05681,2016-02-04,Terminated,2017-12-31,2019-04-01,12.0,,2019-08-20,,
312678,          ,Domestic Limited Liability Company,"BLOOMFIELD CORNER STORE, LLC",999999-Any Lawful Purpose,47 RTE 105,,Bloomfield,VT,05905,47 RTE 105,,Bloomfield,VT,05905,VT,Jim  Mazzonna ,37 Private West 2,,Maidstone,VT,05905,2016-03-02,Active - In Good Standing,2025-12-31,,12.0,,,,
318521,          ,Domestic Limited Liability Company,"LYNDONVILLE STORE, LLC",453998-All Other Miscellaneous Store Retailers (except Tobacco Stores),12 Broad Street,,Lyndonville,VT,05851,9758 W Rockwood Dr,,Peoria,AZ,85382,VT,SANDRA  TOWNS ,2267 LILLY POND ROAD,,LYNDONVILLE,VT,05851,2016-05-06,Terminated,2024-12-31,,12.0,,2026-02-13,,
323020,          ,Domestic Limited Liability Company,CRYSTAL LAKE COUNTRY STORE LLC,445120-Convenience Stores,155 Main Street,,Barton,VT,05822,17 Maple Street,,Orleans,VT,05860,VT,Barbara Dimick-Rowell,17 Maple Street,,Orleans,VT,05860,2016-09-22,Inactive - Administratively Terminated,,2017-04-01,12.0,,,,
327988,          ,Domestic Limited Liability Company,LOWELL GENERAL STORE  LLC,445110-Supermarkets and Other Grocery (except Convenience) Stores,3042 VT RT 100,,LOWELL,VT,05847,3042 VT RT 100,,LOWELL,VT,05847,VT,GARY  KENNISON ,3042 vt rt 100,,lowell,VT,05847,2017-02-27,Terminated,2019-12-31,,12.0,,2020-07-16,,
331349,          ,Domestic Limited Liability Company,"CARDINAL GENERAL STORE, LLC",999999-Any Lawful Purpose,271 Shaw Road,,CAMBRIDGE,VT,05444,271 SHAW ROAD,,CAMBRIDGE,VT,05444,VT,Nancy  Cardinal ,110 school road,,fletcher,VT,05444,2017-06-02,Active - NOT In Good Standing,2022-12-31,2024-04-01,12.0,,,,
331877,          ,Domestic Limited Liability Company,"COLD BROOK ICE CREAM & GENERAL STORE, LLC",452319-All Other General Merchandise Stores,67 Governor Hunt Rd,,Vernon,VT,05354,67 Governor Hunt Rd,,Vernon,VT,05354,VT,Dana  Macaluso ,500 Coolidge Hwy Apt 104,,Guilford,VT,05301,2017-06-16,Active - NOT In Good Standing,2021-12-31,2023-04-01,12.0,,,,
335152,          ,Domestic Limited Liability Company,"THE POMFRET ROAD GENERAL STORE, LLC",999999-Any Lawful Purpose,2035 Pomfret Road,,South Pomfret,VT,05067,c/o Richard Baccari,PO Box 1014,,NY,10598,VT,Kathleen M.  Dolan ,2095 Pomfret Road,,South Pomfret,VT,05067,2017-09-26,Active - In Good Standing,2025-12-31,,12.0,,,,
340262,          ,Domestic Limited Liability Company,FRIENDS OF THE BROWNSVILLE GENERAL STORE LLC,445120-Convenience Stores,841 Westgate Road,,Brownsville,VT,05037,PO Box 396,,Brownsville,VT,05037,VT,Christopher S  Nesbitt ,841 Westgate Road,,Brownsville,VT,05037,2018-02-22,Terminated,2021-12-31,,12.0,,2022-04-29,,
343219,          ,Domestic Limited Liability Company,"RIPTON STORE, LLC",445120-Convenience Stores,1192 Rte 125,,Ripton,VT,05766,1192 Rte 125,,Ripton,VT,05766,VT,Alex  Cox ,1192 Rte 125,,Ripton,VT,05766,2018-08-20,Inactive - Administratively Terminated,,2019-04-01,12.0,,,,
350852,          ,Domestic Limited Liability Company,TROY VILLAGE STORE LLC,447110-Gasoline Stations with Convenience Stores,6561 VT ROUTE 100,,Troy,VT,05868,PO Box 242,,Troy ,VT,05868,VT,todd  alix ,67 shallow brook road,,jay,VT,06859,2018-12-11,Active - In Good Standing,2025-12-31,2026-04-02,12.0,,,,
360469,          ,Domestic Limited Liability Company,MOUNT EQUINOX COUNTRY STORE LLC,445120-Convenience Stores,375 Glastenbury Road,,SHAFTSBURY,VT,05262,375 Glastenbury Road,,SHAFTSBURY,VT,05262,VT,Jason J  Thomas ,375 Glastenbury Road,,Shaftsbury,VT,05262,2019-07-23,Inactive - Administratively Terminated,2020-12-31,2026-04-01,12.0,,,,
361062,          ,Domestic Limited Liability Company,THE GENERAL STORE DAO LLC,541611-Administrative Management and General Management Consulting Services,3008 Hennepin Ave,,Minneapolis,VT,55408,3008 Hennepin Ave,,Minneapolis,VT,55408,VT,Vermont Registered Agent LLC,145 Pine Haven Shores Suite 1000-A,,"Shelburne, VT",VT,05482,2019-08-07,Active - NOT In Good Standing,,2020-04-01,12.0,,,Blockchain-Based Limited Liability Company,
361512,          ,Domestic Limited Liability Company,WASHINGTON VILLAGE STORE LLC.,445120-Convenience Stores,2980 VT Route 110,Washington,Vermont,VT,05675,2980 VT Route 110,Washington,Vermont,VT,05675,VT,Nicole Sancibrian CPA PLLC.,192 South Main Street,,Barre,VT,05641,2019-08-17,Active - In Good Standing,2025-12-31,2026-04-02,12.0,,,,
363511,          ,Domestic Limited Liability Company,"WOODFORD GENERAL STORE, LLC",999999-Any Lawful Purpose,5053 VT Route 9,,Woodford,VT,05201,5053 VT Route 9,,Woodford,VT,05201,VT,RYAN  HASSETT ,94 MERSON STREET,,BENNINGTON,VT,05201,2019-10-07,Active - In Good Standing,2025-12-31,,12.0,,,,
365421,          ,Domestic Limited Liability Company,CLARK'S COUNTRY STORE LLC,445120-Convenience Stores,2964 VT-66,,RANDOLPH CENTER,VT,05061,2964 VT-66,,RANDOLPH CENTER,VT,05061,VT,Randy Clark,2964 VT-66,,Randolph Center,VT,05061,2019-12-31,Terminated,,,12.0,,2020-01-02,,
366019,          ,Domestic Limited Liability Company,WESTFORD COUNTRY STORE AND CAFE LLC,445120-Convenience Stores,1408 VT Route 108 S,,Jeffersonville,VT,05464,1408 VT Route 108 S,,Jeffersonville,VT,05464,VT,Seamus  Page ,1233 Shelburne Road,Suite 200,South Burlington,VT,05403,2019-12-16,Active - In Good Standing,2025-12-31,,12.0,,,,
371610,          ,Domestic Limited Liability Company,"1836 COUNTRY STORE, LLC","453220-Gift, Novelty, and Souvenir Stores",28 West Main Street,,Wilmington,VT,05363,PO Box 578,,Wilmington,VT,05363,VT,CS  Wurzberger ,389 Cow Path 40,,Marlboro,VT,05344,2020-05-12,Terminated,,,12.0,,2020-05-14,,
371881,          ,Domestic Limited Liability Company,MODERN COUNTRY STORE LLC,445120-Convenience Stores,3699 woodstock RD,,White River Junction,VT,05001,po box 4153,,White River Junction,VT,05001,VT,Rafik  Anton ,421 RTE 14,,Wite River,VT,05001,2020-05-18,Active - NOT In Good Standing,2021-12-31,2023-04-01,12.0,,,,
373745,          ,Domestic Limited Liability Company,CHARLOTTE GENERAL STORE LLC,445120-Convenience Stores,20 Jackson Hill Rd,,Charlotte,VT,05445,20 Jackson Hill Road,Charlotte,Charlotte,VT,05445,VT,Sarah  Reis ,20 Jackson Hill Rd,Apt 1,Charlotte,VT,05445,2020-06-30,Active - NOT In Good Standing,2024-12-31,2026-04-02,12.0,,,,
374515,          ,Domestic Limited Liability Company,"ERIN'S GENERAL STORE, LLC",999999-Any Lawful Purpose,8 Beanville Road,,West Fairlee,VT,05083,198 Brackett Road,,Fairlee,VT,05045,VT,Dustin  Hill ,198 Brackett Road,,Fairlee,VT,05045,2020-07-16,Active - NOT In Good Standing,2023-12-31,2025-04-02,12.0,,,,
374852,          ,Domestic Limited Liability Company,THE BOLTON COUNTRY STORE LLC,445120-Convenience Stores,3033 Theodore Roosevelt Highway,,Bolton,VT,05676,3017 Theodore Roosevelt Highway,,Bolton,VT,05676,VT,Erica Duggento,3033 Theodore Roosevelt Highway,,Bolton,VT,05676,2020-07-23,Active - NOT In Good Standing,2021-12-31,2023-04-01,12.0,,,,
379957,          ,Domestic Limited Liability Company,READSBORO COUNTRY STORE LLC,452319-All Other General Merchandise Stores,6828 Main St.,,Readsboro,VT,05350,P.O. Box 101,,Readsboro,VT,05350,VT,Timothy Stys,6828 Main St.,,Readsboro,VT,05350,2020-11-11,Terminated,2025-12-31,,12.0,,2026-07-03,,
379958,          ,Domestic Limited Liability Company,COUNTRY STORE READSBORO LLC,531120-Lessors of Nonresidential Buildings (except Miniwarehouses),6828 Main St.,,Readsboro,VT,05350,6828 Main St.,,Readsboro,VT,05350,VT,Timothy  Stys ,6828 Main St.,,Readsboro,VT,05350,2020-11-11,Terminated,2025-12-31,,12.0,,2026-07-03,,
380827,          ,Domestic Limited Liability Company,"MANCHESTER VARIETY STORE, LLC",445120-Convenience Stores,530 DEPOT ST,,MANCHESTER CENTER,VT,05255,530 DEPOT ST,,MANCHESTER CENTER,VT,05255,VT,SUREKHA  PATEL ,150 BENMONT AVENUE,,BENNINGTON,VT,05201,2020-11-23,Active - In Good Standing,2025-12-31,2026-04-02,12.0,,,,
383276,          ,Domestic Limited Liability Company,"ROBO'S CREEMEES & GENERAL STORE, LLC",999999-Any Lawful Purpose,33 Creek Road,,Castleton,VT,05735,33 Creek Rd,33 Creek Rd,Castleton ,VT,05735,VT,"Gary R. Kupferer,  Esquire ",25 Washington Street,,Rutland,VT,05701,2021-01-26,Active - NOT In Good Standing,2024-12-31,2026-04-02,12.0,,,,
384622,          ,Domestic Limited Liability Company,THE NEWFANE STORE LLC,999999-Any Lawful Purpose,596 VT Route 30,,Newfane,VT,05345,PO Box 1,,Newfane,VT,05345,VT,DAVID  HULL ,45 FRENCH CABIN ROAD,,NEWFANE,VT,05345,2021-02-19,Active - In Good Standing,2025-12-31,2026-04-02,12.0,,,,
386317,          ,Domestic Limited Liability Company,1836 COUNTRY STORE LLC,"453220-Gift, Novelty, and Souvenir Stores",28 West Main Street,,Wilmington,VT,05363,PO Box 578,,Wilmington,VT,05363,VT,CS  Wurzberger ,28 West Main Street,,Wilmington,VT,05363,2021-03-22,Active - NOT In Good Standing,2023-12-31,2025-04-02,12.0,,,,
389757,          ,Domestic Limited Liability Company,THE DANBY VILLAGE MARKETPLACE AT NICHOLS STORE LLC                 RE LLC        RE,445299-All Other Specialty Food Stores,12 North Main Street,,Danby,VT,05739,281 South main Street,,Danby,VT,05739,VT,nancilee  kennedy ,281 s main street,,danby,VT,05739,2021-05-23,Inactive - Administratively Terminated,,2026-04-01,12.0,,,,
394703,          ,Domestic Limited Liability Company,"HARMONYVILLE COUNTRY STORE, LLC",445120-Convenience Stores,1412 VT Route 30,,Townshend,VT,05353,P.O. Box 158,,Townshend,VT,05353,VT,Donna  Moitoza ,1412 VT Route 30,,Townshend,VT,05353,2021-08-09,Active - NOT In Good Standing,2024-12-31,2026-04-02,12.0,,,,
396790,          ,Domestic Limited Liability Company,SANFO GENERAL STORE LLC,424490-Other Grocery and Related Products Merchant Wholesalers,383 Moscow Rd,,Stowe,VT,05672,8 CHATHAM SQUARE STE 803,,NEW YORK,NY,10038,VT,Chunchao  Lin ,712 Maple St,,Stowe,VT,05672,2021-09-18,Active - In Good Standing,2025-12-31,,12.0,,,,
397480,          ,Domestic Limited Liability Company,"CROSSMAN'S GENERAL STORE, LLC",452319-All Other General Merchandise Stores,120 Fitzgerald Rd,,Middletown Springs,VT,05757,120 Fitzgerald Rd,,Middletown Springs,VT,05757,VT,David  Crossman ,120 Fitzgerald Rd,,Middletown Springs,VT,05757,2021-10-01,Active - In Good Standing,2025-12-31,,12.0,,,,
399554,          ,Domestic Limited Liability Company,"JEFFERSONVILLE COUNTRY STORE,LLC","445310-Beer, Wine, and Liquor Stores",21 Mill Street,,Jeffersonville,VT,05464,PO Box 527,,Jeffersonville,VT,05464,VT,Lindsey  Parent ,132 Foote Brook Road,,Johnson,VT,05656,2021-11-17,Active - In Good Standing,2025-12-31,2026-04-02,12.0,,,,
401729,          ,Domestic Limited Liability Company,"FLANNEL COUNTRY STORE - EAST BARRE, LLC",999999-Any Lawful Purpose,289 Lowery Road,,East Barre,VT,05649,PO Box 77,,East Barre,VT,05649,VT,"H. Kenneth Merritt,  Jr., Esq.","Merritt & Merritt, 60 Lake Street",2nd Floor,BURLINGTON,VT,05401,2022-01-06,Active - In Good Standing,2025-12-31,,12.0,,,,
401771,          ,Domestic Limited Liability Company,"FLANNEL COUNTRY STORE - FERRISBURGH, LLC",999999-Any Lawful Purpose,289 Lowery Road,,East Barre,VT,05649,PO Box 77,,East Barre,VT,05649,VT,"H. Kenneth Merritt,  Jr., Esq.","Merritt & Merritt, 60 Lake Street",2nd Floor,BURLINGTON,VT,05401,2022-01-07,Active - In Good Standing,2025-12-31,,12.0,,,,
401774,          ,Domestic Limited Liability Company,"FLANNEL COUNTRY STORE - JOHNSON, LLC",999999-Any Lawful Purpose,289 Lowery Road,,East Barre,VT,05649,PO Box 77,,East Barre,VT,05649,VT,"H. Kenneth Merritt,  Jr., Esq.","Merritt & Merritt, 60 Lake Street",2nd Floor,BURLINGTON,VT,05401,2022-01-07,Active - In Good Standing,2025-12-31,,12.0,,,,
401777,          ,Domestic Limited Liability Company,"FLANNEL COUNTRY STORE - WOODSTOCK, LLC",999999-Any Lawful Purpose,289 Lowery Road,,East Barre,VT,05649,PO Box 77,,East Barre,VT,05649,VT,"H. Kenneth Merritt,  Jr., Esq.","Merritt & Merritt, 60 Lake Street",2nd Floor,BURLINGTON,VT,05401,2022-01-07,Active - In Good Standing,2025-12-31,,12.0,,,,
402261,          ,Domestic Limited Liability Company,NORTH TUNBRIDGE GENERAL STORE LLC,445120-Convenience Stores,494 Vt Route 110,,Tunbridge,VT,05077,PO Box 61,,Tunbridge,VT,05077,VT,Michael C  Gross ,116 Hanson Rd.,,Tunbridge,VT,05077,2022-01-16,Active - In Good Standing,2025-12-31,,12.0,,,,
420049,          ,Domestic Limited Liability Company,GENERAL STORE OF WHITING LLC,445110-Supermarkets and Other Grocery (except Convenience) Stores,3 S Main St,PO Box 65,Whiting,VT,05778,955 Mass Ave,Bx300,Cambridge,MA,02139,VT,LANGROCK SPERRY & WOOL LLP,210 COLLEGE STREET,Suite 400,BURLINGTON,VT,05401,2022-12-13,Active - In Good Standing,2025-12-31,,12.0,,,,
424617,          ,Domestic Limited Liability Company,"EAST CALAIS GENERAL STORE, LLC",999999-Any Lawful Purpose,4520 VT ROUTE 14,,EAST CALAIS,VT,05650,PO Box 43,,EAST CALAIS,VT,05650,VT,Jessica  Quinn ,3685 Vermont Route 14,,East Calais,VT,05650,2023-03-08,Active - In Good Standing,2025-12-31,,12.0,,,,
424816,          ,Domestic Limited Liability Company,THE CANNABIS COUNTRY STORE LLC,999999-Any Lawful Purpose,3 Comstock Dr,,Bethel,VT,05032,3 Comstock Dr,,Bethel,VT,05032,VT,Cass  Bath ,3 Comstock Dr,,Bethel,VT,05032,2023-03-13,Active - NOT In Good Standing,,2024-04-01,12.0,,,,
435579,          ,Domestic Limited Liability Company,NORTON STORE & DELI LLC,445120-Convenience Stores,540 VT Rt 114 South,,Norton,VT,05907,2335 B Vt Rt 114 South,,Norton,VT,05907,VT,Christopher  Fletcher ,2335 B Vt Rt 114 South,,Norton,VT,05907,2023-09-26,Active - In Good Standing,2025-12-31,,12.0,,,,
442799,          ,Domestic Limited Liability Company,WOLCOTT COUNTRY STORE LLC,445120-Convenience Stores,4076 VT 15,,Wolcott,VT,05680,3824 Littleton Rd,,Monroe,NH,03771,VT,Dakota  Humphrey ,137 Sugarhouse Rd apt 3,,West burke,VT,05871,2024-02-05,Active - NOT In Good Standing,,2025-04-02,12.0,,,,
445681,          ,Domestic Limited Liability Company,"ST JOHNSBURY COUNTRY STORE, LLC",445120-Convenience Stores,1872 Mount Pisgah Rd,,St. Johnsbury,VT,05819,PO Box 300,,St. Johnsbury Center,VT,05863,VT,KEVIN  FONTECHA ,1872 Mount Pisgah Rd,,St. Johnsbury,VT,05819,2024-03-29,Active - In Good Standing,2025-12-31,,12.0,,,,
446349,          ,Domestic Limited Liability Company,RUSSIN GENERAL STORE LLC,445120-Convenience Stores,110 SCHOOL RD,,FLETCHER,VT,05444,187 High Meadow Rd,,East Fairfield,VT,05448,VT,Calob  Russin ,651 Fletcher road,,Cambridge,VT,05444,2024-04-12,Active - In Good Standing,2025-12-31,,12.0,,,,
449352,          ,Domestic Limited Liability Company,THETFORD VILLAGE STORE LLC,424410-General Line Grocery Merchant Wholesalers,Route 113 3954,,Thetford,VT,05075,690 Rocky Ridge Road,,St. Johnsbury,VT,05819,VT,Bouaketh John  Sayarath ,3954-56 Route 113,,Thetford,VT,05075,2024-06-10,Active - In Good Standing,2025-12-31,2025-04-02,12.0,,,,
454487,          ,Domestic Limited Liability Company,LAST CHANCE GENERAL STORE LLC,999999-Any Lawful Purpose,8 Beanville Road,,West Fairlee,VT,05083,PO Box 63,,Post Mills,VT,05058,VT,Matthew R.  Cross ,202 Robinson Hill RD,,Post Mills,VT,05058,2024-09-02,Active - In Good Standing,2025-12-31,2026-04-02,12.0,,,,
455247,          ,Domestic Limited Liability Company,"WINOOSKI RIVER STORE, LLC",999999-Any Lawful Purpose,103 Crossfield Drive,,Colchester,VT,05446,103 Crossfield Drive,,Colchester,VT,05446,VT,James  Shea ,103 Crossfield Drive,,Colchester,VT,05446,2024-09-17,Active - NOT In Good Standing,,2025-04-02,12.0,,,,
455942,          ,Domestic Limited Liability Company,WHEELOCK VILLAGE STORE LLC,445120-Convenience Stores,1311 VT 122,,Wheelock,VT,05851,167 N Church Rd,,Danville,VT,05828,VT,Hannah Marie  Morris ,167 N Church Rd,,Danville,VT,05828,2024-09-30,Active - In Good Standing,2025-12-31,,12.0,,,,
458457,          ,Domestic Limited Liability Company,"GROTON FOREST COUNTRY STORE, LLC",445120-Convenience Stores,780 Boulder Beach Rd,,Groton,VT,05046,59 Leitao Dr,,Oakdale,CT,06370,VT,DWAINE L  SMITH ,119 Spoor Road,,Groton,VT,05046,2024-12-02,Active - In Good Standing,2025-12-31,,12.0,,,,
459071,,Domestic Limited Liability Company,Cabot Store LLC,445110-Supermarkets and Other Grocery (except Convenience) Stores,3109 Main St,,Cabot,VT,05647,1009 Urban Farm Way,,Cabot,VT,05647,VT,Stephen Cochlan DeLacy ,1009 Urban Farm Way,,Cabot,VT,05647,2024-12-19,Active - In Good Standing,2025-12-31,2026-04-02,12.0,,,,
460032,,Domestic Limited Liability Company,Johnson General Store LLC,445110-Supermarkets and Other Grocery (except Convenience) Stores,201 Lower Main St E,,Johnson,VT,05656,PO BOX 462,,Johnson,VT,05656,VT,Michael  Mignone ,548 Ober Hill Rd,,Johnson,VT,05656,2025-01-14,Active - In Good Standing,2025-12-31,,12.0,,,,
463283,,Domestic Limited Liability Company,JJs Country Store L.L.C.,447110-Gasoline Stations with Convenience Stores,4076 VT Rte 15,,Wolcott,VT,05680,4076 VT Rte 15,,Wolcott,VT,05680,VT,Stephanie A Burbank ,2371 Elmore Pond Rd,,Wolcott,VT,05680,2025-03-10,Active - In Good Standing,2025-12-31,,12.0,,,,
463342,,Domestic Limited Liability Company,"AIR GENERAL STORE, LLC",452319-All Other General Merchandise Stores,71 US Route 2,,South Hero,VT,05486,71 US Route 2,,South Hero,VT,05486,VT,Dinse P.C.,209 BATTERY STREET,,BURLINGTON,VT,05401,2025-03-10,Active - In Good Standing,2025-12-31,,12.0,,,,
467601,,Domestic Limited Liability Company,Leicester convenient store LLC,"445310-Beer, Wine, and Liquor Stores",1620 rt 7,,Leicester,VT,05733,1620 rt 7,,Leicester,VT,05733,VT,NORTHWEST REGISTERED AGENT LLC,145 PINE HAVEN SHORES RD #1000A,,SHELBURNE,VT,05482,2025-05-15,Active - In Good Standing,2025-12-31,2026-04-02,12.0,,,,
475191,,Domestic Limited Liability Company,"East Dover General Store, LLC",445120-Convenience Stores,4 North Street,,East Dover,VT,05341,4 North Street,,East Dover,VT,05341,VT,Chad  Bullock ,48 Ruth Way,,Wilmington,VT,05363,2025-09-11,Active - In Good Standing,2025-12-31,2026-04-02,12.0,,,,
480860,,Domestic Limited Liability Company,"Simon's North Hero Store, LLC",447110-Gasoline Stations with Convenience Stores,75 S Winooski Ave,,Burlington,VT,05401,75 S Winooski Ave,,Burlington,VT,05401,VT,BRIAN  HEHIR Esq,"239 S UNION ST, PO BOX 1052",,BURLINGTON,VT,05402,2025-11-17,Active - In Good Standing,2025-12-31,,12.0,,,,
482793,,Domestic Limited Liability Company,General Store LLC,531190-Lessors of Other Real Estate Property,794 W Lakeshore Dr,Suite 2,Colchester,VT,05446,794 W Lakeshore Dr,Suite 2,Colchester,VT,05446,VT,"LMC Law, PLLC",85 Prim Road Suite 402A,,Colchester,VT,05446,2025-12-10,Active - In Good Standing,2025-12-31,,12.0,,,,
488224,,Domestic Limited Liability Company,802 Country Store LLC,999999-Any Lawful Purpose,145 Pine Haven Shores Rd.,#1000a,Shelburne,VT,05482,145 Pine Haven Shores Rd.,#1000a,Shelburne,VT,05482,VT,NORTHWEST REGISTERED AGENT LLC,145 PINE HAVEN SHORES RD #1000A,,SHELBURNE,VT,05482,2026-03-16,Active - In Good Standing,,,12.0,,,,
493319,,Domestic Limited Liability Company,SOWO COUNTRY STORE LLC,455219-All Other General Merchandise Retailers,4800 South Road,,South Woodstock,VT,05071,South Woodstock Country Store,4800 South Road,South Woodstock,VT,05071,VT,PETER J.  DESMEULES ,2 Beaver Meadow Rd,,Norwich,VT,05055,2026-06-02,Active - In Good Standing,,,12.0,,,,
495889,,Domestic Limited Liability Company,Middletown Springs Country Store LLC,999999-Any Lawful Purpose,8 East St,,Middletown Springs,VT,05757,8 East St,,Middletown Springs,VT,05757,VT,NORTHWEST REGISTERED AGENT LLC,145 PINE HAVEN SHORES RD #1000A,,SHELBURNE,VT,05482,2026-07-09,Active - In Good Standing,,,12.0,,,,
40405,A0000086  ,Foreign Limited Partnership,BURLINGTON SQUARE DEPARTMENT STORE SITE L.P.,,INDEPENDENCE MALL WEST,,PHILADELPHIA,PA,19106,INDEPENDENCE MALL WEST,,PHILADELPHIA,PA,19106,Pennsylvania,,,,,,,2000-01-07,Inactive - Administratively Revoked,1900-01-01,,0.0,2004-02-24,,,
281035,A0001007  ,Domestic Limited Partnership,WATROBA'S GENERAL STORE L.P.,,PO BOX 253,,READING,VT,05062,PO BOX 253,,READING,VT,05062,Vermont,,,,,,,2013-05-21,Active - In Good Standing,,,12.0,,,,
150043,T0023461  ,Assumed Name,BRANDON CASH STORE,,13 CENTER STREET,,BRANDON,VT,05733,13 CENTER STREET,,BRANDON,VT,05733,Vermont,,,,,,,1989-05-15,Inactive - Expired,,,,,,,1999-07-15
150198,T0121659  ,Assumed Name,EAST MIDDLEBURY GENERAL STORE,,ROUTE 125,,E. MIDDLEBURY,VT,05740,ROUTE 125,,E. MIDDLEBURY,VT,05740,Vermont,,,,,,,2000-04-11,Inactive - Expired,,,,,,,2010-06-11
150483,T0084101  ,Assumed Name,GRANVILLE COUNTRY STORE,,ROUTE 100,,GRANVILLE,VT,05747,ROUTE 100,,GRANVILLE,VT,05747,Vermont,,,,,,,1990-10-22,Inactive - Expired,,,,,,,2000-12-21
150632,T0026293  ,Assumed Name,VERMONT COUNTRY STORE RESTAURANT,722511-Full-Service Restaurants,657 MAIN ST.,,WESTON,VT,05161,P. O. Box 128,,WESTON,VT,05161,Vermont,,,,,,,1962-08-17,Active - Registered,2024-06-13,,,,,,2029-05-27
150652,T0026662  ,Assumed Name,WESTMINSTER WEST COUNTRY STORE,,,,WESTMINSTER,VT,05346,,,WESTMINSTER,VT,05346,Vermont,,,,,,,1978-12-04,Inactive - Expired,,,,,,,1989-02-02
151319,T0030986  ,Assumed Name,THE COUNTRY STORE OF WESTON,452319-All Other General Merchandise Stores,657 MAIN STREET,,WESTON,VT,05161,P. O. Box 128,,WESTON,VT,05161,Vermont,,,,,,,1969-10-06,Active - Registered,2024-06-13,,,,,,2029-05-27
151320,T0031000  ,Assumed Name,THE WESTON COUNTRY STORE,452319-All Other General Merchandise Stores,657 MAIN STREET,,WESTON,VT,05161,P.O. Box 128,,WESTON,VT,05161,Vermont,,,,,,,1969-10-06,Active - Registered,2024-06-13,,,,,,2029-05-27
151437,T0121968  ,Assumed Name,NANCY'S COUNTRY STORE,,MAIN ST,,WELLS,VT,05774,MAIN ST,,WELLS,VT,05774,Vermont,,,,,,,2000-05-03,Inactive - Expired,,,,,,,2010-07-03
151541,T0122072  ,Assumed Name,BUDZYN'S COUNTRY STORE,,882 VT RT 12A,,RANDOLPH,VT,05060,882 VT RT 12A,,RANDOLPH,VT,05060,Vermont,,,,,,,2000-05-12,Inactive - Expired,,,,,,,2010-07-12
151633,T0158467  ,Assumed Name,WINDRIDGE FARMS COUNTRY STORE,,PO BOX 39,,JEFFERSONVILLE,VT,05464,PO BOX 39,,JEFFERSONVILLE,VT,05464,Vermont,,,,,,,2009-03-05,Inactive - Expired,,,,,,,2014-05-04
151933,T0033394  ,Assumed Name,GUILFORD COUNTRY STORE,,"RTE 5, RFD 3",,GUILFORD,VT,05301,"RTE 5, RFD 3",,GUILFORD,VT,05301,Vermont,,,,,,,1978-11-30,Inactive - Expired,,,,,,,1989-01-29
151976,T0035060  ,Assumed Name,LITTLE COUNTRY STORE,,DANBY PAWLET RD,,DANBY,VT,05739,DANBY PAWLET RD,,DANBY,VT,05739,Vermont,,,,,,,1979-09-21,Inactive - Expired,,,,,,,1989-11-20
151992,T0036345  ,Assumed Name,JERUSALEM CORNERS COUNTRY STORE,,,,STARKSBORO,VT,05487,,,STARKSBORO,VT,05487,Vermont,,,,,,,1979-07-25,Inactive - Expired,,,,,,,1989-09-23
152261,T0158630  ,Assumed Name,"MOTHER HUBBARD'S BAKERY, DELI AND COUNTRY STORE",,,,SWANTON,VT,     ,,,SWANTON,VT,     ,Vermont,,,,,,,2009-03-20,Inactive - Cessated,2014-05-29,,,,,,2019-07-28
152512,T0036965  ,Assumed Name,PAQUETTE'S GENERAL STORE,,MAIN STREET,,E. FRANKLIN,VT,05457,MAIN STREET,,E. FRANKLIN,VT,05457,Vermont,,,,,,,1980-01-03,Inactive - Expired,,,,,,,1990-03-04
152554,T0037401  ,Assumed Name,"VILLAGE STORE OF MIDDLEBURY, THE",,2888 ROUTE 7 SOUTH,,MIDDLEBURY,VT,05753,2888 ROUTE 7 SOUTH,,MIDDLEBURY,VT,05753,Vermont,,,,,,,1989-03-09,Inactive - Expired,1999-04-27,,,,,,2009-06-26
152564,T0037476  ,Assumed Name,BROWNSVILLE GENERAL STORE,,"RTE 44, MAIN STREET",,WEST WINDSOR,VT,05037,"RTE 44, MAIN STREET",,WEST WINDSOR,VT,05037,Vermont,,,,,,,1988-12-05,Inactive - Expired,,,,,,,1999-02-04
152604,T0037922  ,Assumed Name,LINCOLN GENERAL STORE,,"RD 1, BOX 1815",,LINCOLN CTR.,VT,     ,"RD 1, BOX 1815",,LINCOLN CTR.,VT,     ,Vermont,,,,,,,1989-05-04,Inactive - Expired,,,,,,,1999-07-04
152698,T0122299  ,Assumed Name,PITTFIELD COUNTRY BUTCHER & COUNTRY STORE,,RT 100 DAGG ROAD,,PITTSFIELD,VT,05762,RT 100 DAGG ROAD,,PITTSFIELD,VT,05762,Vermont,,,,,,,2000-05-31,Inactive - Expired,,,,,,,2010-07-31
153060,T0084809  ,Assumed Name,NORTH BENNINGTON VARIETY STORE,,BANK STREET EXT.,,N. BENNINGTON,VT,05257,BANK STREET EXT.,,N. BENNINGTON,VT,05257,Vermont,,,,,,,1991-01-09,Inactive - Expired,,,,,,,2001-03-10
153272,T0122408  ,Assumed Name,PLAINFIELD RED STORE,,230 HIGH ST,,PLAINFIELD,VT,05667,230 HIGH ST,,PLAINFIELD,VT,05667,Vermont,,,,,,,2000-06-09,Inactive - Expired,,,,,,,2010-08-09
153732,T0039462  ,Assumed Name,ADDISON FOUR CORNERS' STORE,,"RD 1, ROUTES 22A& 17",,VERGENNES,VT,05491,"RD 1, ROUTES 22A& 17",,VERGENNES,VT,05491,Vermont,,,,,,,1989-02-10,Inactive - Expired,,,,,,,1999-04-12
153745,T0039517  ,Assumed Name,JERICHO GENERAL STORE,,RTE 15,,JERICHO,VT,05465,RTE 15,,JERICHO,VT,05465,Vermont,,,,,,,1980-07-23,Inactive - Expired,,,,,,,1990-09-22
153856,T0040129  ,Assumed Name,MARLBORO COUNTRY GIFT SHOP AND STORE,,,,MARLBORO,VT,05344,,,MARLBORO,VT,05344,Vermont,,,,,,,1979-10-04,Inactive - Expired,,,,,,,1989-12-03
154326,T0085156  ,Assumed Name,WEST HARTFORD VILLAGE STORE,,799 MAIN STREET,,WEST HARTFORD,VT,05084,799 MAIN STREET,,WEST HARTFORD,VT,05084,Vermont,,,,,,,1991-02-12,Inactive - Expired,,,,,,,2001-04-13
154354,T0040374  ,Assumed Name,BOMOSEEN HARBOR GENERAL STORE,,CREEK ROAD,,HYDEVILLE,VT,05750,CREEK ROAD,,HYDEVILLE,VT,05750,Vermont,,,,,,,1989-04-07,Inactive - Expired,1999-06-01,,,,,,2009-07-31
154461,T0040928  ,Assumed Name,CHIPPENHOOK GENERAL STORE,,OLD MILL ROAD,,E. ARLINGTON,VT,05252,OLD MILL ROAD,,E. ARLINGTON,VT,05252,Vermont,,,,,,,1989-05-11,Inactive - Expired,1999-05-14,,,,,,2009-07-13
154491,T0041122  ,Assumed Name,SUTTON STORE,,TOWN HGWY #1/MAIN ST,,SUTTON,VT,05867,TOWN HGWY #1/MAIN ST,,SUTTON,VT,05867,Vermont,,,,,,,1989-06-15,Inactive - Expired,,,,,,,1999-08-15
154525,T0122731  ,Assumed Name,VERMONT COUNTRY STORE,,PO BOX 1090,,MANCHESTER CTR,VT,05255,PO BOX 1090,,MANCHESTER CTR,VT,05255,Vermont,,,,,,,2000-07-12,Inactive - Expired,,,,,,,2010-09-11
154530,T0122736  ,Assumed Name,GRANBY GENERAL STORE,,PO BOX 127,,GRANBY,VT,05840,PO BOX 127,,GRANBY,VT,05840,Vermont,,,,,,,2000-07-12,Inactive - Expired,,,,,,,2010-09-11
154762,T0159271  ,Assumed Name,GRAMP'S COUNTRY STORE,,,,TOPSHAM,VT,     ,,,TOPSHAM,VT,     ,Vermont,,,,,,,2009-05-20,Inactive - Expired,,,,,,,2014-07-19
154845,T0085222  ,Assumed Name,EAGLE ROCK COUNTRY STORE,,ROUTE 30,,HUBBARDTON,VT,05735,ROUTE 30,,HUBBARDTON,VT,05735,Vermont,,,,,,,1991-02-21,Inactive - Expired,,,,,,,2001-04-22
154904,T0085281  ,Assumed Name,JUNCTION COUNTRY STORE,,US ROUTE 4 AND 100A,,W. BRIDGEWATER,VT,05034,US ROUTE 4 AND 100A,,W. BRIDGEWATER,VT,05034,Vermont,,,,,,,1991-02-27,Inactive - Expired,,,,,,,2001-04-28
155485,T0042101  ,Assumed Name,WALLINGFORD COUNTRY STORE,,MAIN STREET,,WALLINGFORD,VT,05773,MAIN STREET,,WALLINGFORD,VT,05773,Vermont,,,,,,,1980-02-06,Inactive - Expired,,,,,,,1990-04-07
155679,T0159413  ,Assumed Name,CAM'S COUNTRY STORE,,,,WILDER,VT,     ,,,WILDER,VT,     ,Vermont,,,,,,,2009-06-01,Inactive - Expired,,,,,,,2014-07-31
155917,T0085506  ,Assumed Name,JIM'S COUNTRY STORE,,ROUTE 107,,ROYALTON,VT,05068,ROUTE 107,,ROYALTON,VT,05068,Vermont,,,,,,,1991-03-19,Inactive - Expired,,,,,,,2001-05-18
156022,T0085611  ,Assumed Name,NICHOLS GENERAL STORE,445120-Convenience Stores,MAIN STREET,,DANBY,VT,05739,P.O. Box 102,,DANBY,VT,05739,Vermont,,,,,,,1991-03-27,Inactive - Expired,2016-07-07,,,,,,2021-08-06
156150,T0043039  ,Assumed Name,RIPTON COUNTRY STORE,,"RTE 125, BOX 60",,RIPTON,VT,05766,"RTE 125, BOX 60",,RIPTON,VT,05766,Vermont,,,,,,,1976-09-27,Inactive - Cessated,2013-09-23,,,,,,2018-11-22
156364,T0123175  ,Assumed Name,ALBANY GENERAL STORE,,2519 VT RTE 105,,NEWPORT CTR,VT,05857,2519 VT RTE 105,,NEWPORT CTR,VT,05857,Vermont,,,,,,,2000-08-24,Inactive - Expired,,,,,,,2010-10-24
156407,T0123218  ,Assumed Name,HARBOR VIEW GENERAL STORE THE,,33 CREEK RD,,HYDEVILLE,VT,05750,33 CREEK RD,,HYDEVILLE,VT,05750,Vermont,,,,,,,2000-08-25,Inactive - Expired,,,,,,,2010-10-25
156480,T0123291  ,Assumed Name,SIMON'S WINOOSKI STORE & DELI,447110-Gasoline Stations with Convenience Stores,75 SO WINOOSKI AVE,,BURLINGTON,VT,05401,75 SO WINOOSKI AVE,,BURLINGTON,VT,05401,Vermont,,,,,,,2000-08-30,Inactive - Expired,2015-09-01,,,,,,2020-10-24
156556,T0085680  ,Assumed Name,SHAFTSBURY COUNTRY STORE,,ROUTE 7A,,SHAFTSBURY,VT,05262,ROUTE 7A,,SHAFTSBURY,VT,05262,Vermont,,,,,,,1991-04-03,Inactive - Expired,,,,,,,2001-06-02
156612,T0085736  ,Assumed Name,SWANTON GENERAL STORE,,71 FIRST STREET,,SWANTON,VT,05488,71 FIRST STREET,,SWANTON,VT,05488,Vermont,,,,,,,1991-04-09,Inactive - Expired,,,,,,,2001-06-08
156693,T0043495  ,Assumed Name,MARTY'S GENERAL STORE,,"ROUTE 100, BOX 167",,NO. HYDE PARK,VT,05665,"ROUTE 100, BOX 167",,NO. HYDE PARK,VT,05665,Vermont,,,,,,,1989-02-23,Inactive - Expired,,,,,,,1999-04-25
156698,T0043519  ,Assumed Name,STOCKBRIDGE GENERAL STORE,,RTE 100,,STOCKBRIDGE,VT,05772,RTE 100,,STOCKBRIDGE,VT,05772,Vermont,,,,,,,1979-03-14,Inactive - Expired,,,,,,,1989-05-13
156975,T0159781  ,Assumed Name,MARSHFIELD VILLAGE STORE,,PO BOX 76,,MARSHFIELD,VT,05658,PO BOX 76,,MARSHFIELD,VT,05658,Vermont,,,,,,,2009-07-02,Inactive - Expired,,,,,,,2014-08-31
157006,T0123352  ,Assumed Name,GRAM'S COUNTRY STORE,,4 MAIN ST,,ALBURG,VT,05440,4 MAIN ST,,ALBURG,VT,05440,Vermont,,,,,,,2000-09-08,Inactive - Expired,,,,,,,2010-11-08
157088,T0123434  ,Assumed Name,MT. HOLLY COUNTRY STORE,,RTE 103 & BELMONT RD,,MT HOLLY,VT,05758,RTE 103 & BELMONT RD,,MT HOLLY,VT,05758,Vermont,,,,,,,2000-09-15,Inactive - Expired,,,,,,,2010-11-15
157089,T0123435  ,Assumed Name,MOUNT HOLLY COUNTRY STORE,,RTE 103 BELMONT RD,,MT HOLLY,VT,05758,RTE 103 BELMONT RD,,MT HOLLY,VT,05758,Vermont,,,,,,,2000-09-15,Inactive - Expired,,,,,,,2010-11-15
157168,T0044024  ,Assumed Name,FRANKLIN'S COUNTRY STORE,,,,W. ADDISON,VT,     ,,,W. ADDISON,VT,     ,Vermont,,,,,,,1979-04-26,Inactive - Expired,,,,,,,1989-06-25
157225,T0044179  ,Assumed Name,"PERKINSVILLE GENERAL STORE, THE",,MAIN STREET,,PERKINSVILLE,VT,05151,MAIN STREET,,PERKINSVILLE,VT,05151,Vermont,,,,,,,1979-06-21,Inactive - Expired,,,,,,,1989-08-20
157243,T0044233  ,Assumed Name,STARKSBORO VILLAGE STORE,,ROUTE 116,,STARKSBORO,VT,05487,ROUTE 116,,STARKSBORO,VT,05487,Vermont,,,,,,,1989-05-16,Inactive - Expired,,,,,,,1999-07-16
157269,T0044309  ,Assumed Name,COON'S GENERAL STORE,,RTE 4A & RTE 30,,CASTLETON,VT,05732,RTE 4A & RTE 30,,CASTLETON,VT,05732,Vermont,,,,,,,1979-07-09,Inactive - Expired,,,,,,,1989-09-07
157643,T0123524  ,Assumed Name,BAYLEY-HAZEN COUNTRY STORE,,PO BOX 247,,PEACHAM,VT,05862,PO BOX 247,,PEACHAM,VT,05862,Vermont,,,,,,,2000-09-26,Inactive - Expired,,,,,,,2010-11-26
157763,T0044408  ,Assumed Name,"CORN CRIB GENERAL STORE, THE",,BLACK POND ROAD,,HUBBARDTON,VT,05743,BLACK POND ROAD,,HUBBARDTON,VT,05743,Vermont,,,,,,,1979-07-18,Inactive - Expired,,,,,,,1989-09-16
157864,T0044677  ,Assumed Name,COLD RIVER COUNTRY STORE,,COLD RIVER ROAD,,SHREWSBURY,VT,05738,COLD RIVER ROAD,,SHREWSBURY,VT,05738,Vermont,,,,,,,1979-10-25,Inactive - Expired,,,,,,,1989-12-24
157876,T0044711  ,Assumed Name,CONCORD COUNTRY STORE,,MAIN STREET,,CONCORD,VT,05824,MAIN STREET,,CONCORD,VT,05824,Vermont,,,,,,,1979-06-22,Inactive - Expired,,,,,,,1989-08-21
158068,T0159944  ,Assumed Name,ROCKING HORSE COUNTRY STORE,"453220-Gift, Novelty, and Souvenir Stores",1307 US ROUTE 4 EAST,,RUTLAND TOWN,VT,05701,1307 US ROUTE 4 EAST,,RUTLAND TOWN,VT,05701,Vermont,,,,,,,2009-07-20,Active - Registered,2024-09-12,,,,,,2029-09-10
158194,T0160071  ,Assumed Name,BRIDGEWATER CORNERS COUNTRY STORE,,5680 US ROUTE 4,,BRIDGEWATER CR,VT,05035,5680 US ROUTE 4,,BRIDGEWATER CR,VT,05035,Vermont,,,,,,,2009-07-31,Inactive - Expired,2014-08-11,,,,,,2019-10-10
158386,T0044874  ,Assumed Name,PERRY'S GENERAL STORE,,SCHOOL STREET,,E. WALLINGFORD,VT,05742,SCHOOL STREET,,E. WALLINGFORD,VT,05742,Vermont,,,,,,,1979-10-25,Inactive - Expired,,,,,,,1989-12-24
158426,T0045004  ,Assumed Name,SENECAL'S GENERAL STORE,,MAIN STREET,,WALLINGFORD,VT,05773,MAIN STREET,,WALLINGFORD,VT,05773,Vermont,,,,,,,1980-01-07,Inactive - Expired,,,,,,,1990-03-08
158612,T0086188  ,Assumed Name,BELMONT GENERAL STORE THE,,PO BOX 287,,BELMONT,VT,05730,PO BOX 287,,BELMONT,VT,05730,Vermont,,,,,,,1991-05-20,Inactive - Expired,,,,,,,2001-07-19
158630,T0086217  ,Assumed Name,ALBURGH COUNTRY STORE,,ROUTE 2,,ALBURG,VT,05440,ROUTE 2,,ALBURG,VT,05440,Vermont,,,,,,,1991-05-21,Inactive - Expired,,,,,,,2001-07-20
158865,T0045304  ,Assumed Name,"FIRESIDE GENERAL STORE, THE",,9 MAIN ST,,ESSEX JCT.,VT,05452,9 MAIN ST,,ESSEX JCT.,VT,05452,Vermont,,,,,,,1980-03-17,Inactive - Expired,,,,,,,1990-05-17
158985,T0045620  ,Assumed Name,WEST RIVER COUNTRY STORE,,MAIN ST,,LONDONDERRY,VT,05148,MAIN ST,,LONDONDERRY,VT,05148,Vermont,,,,,,,1980-06-23,Inactive - Expired,,,,,,,1990-08-23
159217,T0086339  ,Assumed Name,TRUE'S GENERAL STORE,,RTE HCR 65 BOX 830A,,WOODFORD,VT,05201,RTE HCR 65 BOX 830A,,WOODFORD,VT,05201,Vermont,,,,,,,1991-06-03,Inactive - Expired,2001-08-08,,,,,,2011-10-08
159302,T0160249  ,Assumed Name,PEPE POUTRE'S COUNTRY STORE,,,,CANAAN,VT,     ,,,CANAAN,VT,     ,Vermont,,,,,,,2009-08-24,Inactive - Expired,,,,,,,2014-10-23
159327,T0160274  ,Assumed Name,CRAFTSBURY GENERAL STORE,,,,CRAFTSBURY,VT,     ,,,CRAFTSBURY,VT,     ,Vermont,,,,,,,2009-08-26,Inactive - Expired,,,,,,,2014-10-25
159399,T0160346  ,Assumed Name,GUILFORD COUNTRY STORE,,475 COOLIDGE HWY,,GUILFORD,VT,05301,475 COOLIDGE HWY,,GUILFORD,VT,05301,Vermont,,,,,,,2009-09-03,Inactive - Expired,,,,,,,2014-11-02
159428,T0160375  ,Assumed Name,OTTAUQUECHEE COUNTRY STORE,,3699 WOODSTOCK RD,,W RIVER JCT,VT,05001,3699 WOODSTOCK RD,,W RIVER JCT,VT,05001,Vermont,,,,,,,2009-09-08,Inactive - Expired,,,,,,,2014-11-07
159462,T0045650  ,Assumed Name,"WEST WARDSBORO STORE, THE",,STRATON-ARLINGTON RD,,W. WARDSBORO,VT,05360,STRATON-ARLINGTON RD,,W. WARDSBORO,VT,05360,Vermont,,,,,,,1980-06-25,Inactive - Expired,,,,,,,1990-08-25
159697,T0124028  ,Assumed Name,ARLINGTON STORE THE,,TOWN LINE RD,,SHAFTSBURY,VT,05262,TOWN LINE RD,,SHAFTSBURY,VT,05262,Vermont,,,,,,,2000-11-15,Inactive - Expired,,,,,,,2011-01-15
159847,T0086504  ,Assumed Name,SOUTH NEWFANE GENERAL STORE,,,,SOUTH NEWFANE,VT,05351,,,SOUTH NEWFANE,VT,05351,Vermont,,,,,,,1991-06-19,Inactive - Expired,,,,,,,2001-08-18
160038,T0160521  ,Assumed Name,RUTLAND COUNTRY STORE,,1684 MCKINLEY AVE,,RUTLAND,VT,05701,1684 MCKINLEY AVE,,RUTLAND,VT,05701,Vermont,,,,,,,2009-09-24,Inactive - Expired,,,,,,,2014-11-23
160164,T0046141  ,Assumed Name,BROWNINGTON COUNTRY STORE,,MAIN ST,,BROWNINGTON,VT,05860,MAIN ST,,BROWNINGTON,VT,05860,Vermont,,,,,,,1978-06-26,Inactive - Expired,,,,,,,1988-08-25
160474,T0086687  ,Assumed Name,BENSON VILLAGE STORE,,STAGE ROAD,,BENSON,VT,05731,STAGE ROAD,,BENSON,VT,05731,Vermont,,,,,,,1991-07-12,Inactive - Expired,,,,,,,2001-09-10
160478,T0086691  ,Assumed Name,ESSEX ARMY/NAVY STORE,,159 PEARL STREET,,ESSEX,VT,05452,159 PEARL STREET,,ESSEX,VT,05452,Vermont,,,,,,,1991-07-12,Inactive - Expired,,,,,,,2001-09-10
160553,T0160571  ,Assumed Name,THE BARTON VILLAGE CORNER STORE,,155 MAIN ST,,BARTON,VT,05822,155 MAIN ST,,BARTON,VT,05822,Vermont,,,,,,,2009-09-28,Inactive - Expired,,,,,,,2014-11-27
160603,T0160621  ,Assumed Name,MARVIN'S COUNTRY STORE,,,,JOHNSON,VT,     ,,,JOHNSON,VT,     ,Vermont,,,,,,,2009-10-02,Inactive - Expired,,,,,,,2014-12-01
160805,T0046363  ,Assumed Name,FRANKLIN GENERAL STORE,,MAIN STREET,,FRANKLIN,VT,05457,MAIN STREET,,FRANKLIN,VT,05457,Vermont,,,,,,,1978-08-15,Inactive - Expired,,,,,,,1988-10-14
160832,T0046394  ,Assumed Name,LEICESTER GENERAL STORE,,"RTE 7, RD2",,BRANDON,VT,05733,"RTE 7, RD2",,BRANDON,VT,05733,Vermont,,,,,,,1978-08-23,Inactive - Expired,,,,,,,1988-10-22
160893,T0086775  ,Assumed Name,TYSON COUNTRY STORE,,RTE 100 NORTH,,LUDLOW,VT,05149,RTE 100 NORTH,,LUDLOW,VT,05149,Vermont,,,,,,,1991-07-19,Inactive - Expired,,,,,,,2001-09-17
160923,T0086805  ,Assumed Name,VAL'S COUNTRY STORE,,MAIN ST.,,STOWE,VT,05672,MAIN ST.,,STOWE,VT,05672,Vermont,,,,,,,1991-07-23,Inactive - Expired,2001-09-14,,,,,,2011-11-14
160956,T0086838  ,Assumed Name,PITTSFIELD COUNTRY STORE,,ROUTE 100,,PITTSFIELD,VT,05762,ROUTE 100,,PITTSFIELD,VT,05762,Vermont,,,,,,,1991-07-26,Inactive - Expired,,,,,,,2001-09-24
161169,T0160722  ,Assumed Name,MORRISON'S COUNTRY STORE & DELI,,,,EAST BARRE,VT,     ,,,EAST BARRE,VT,     ,Vermont,,,,,,,2009-10-15,Inactive - Expired,,,,,,,2014-12-14
161327,T0046433  ,Assumed Name,BARNES CAMP COUNTRY STORE,,"MTN ROAD, RT 108",,STOWE,VT,05672,"MTN ROAD, RT 108",,STOWE,VT,05672,Vermont,,,,,,,1979-08-29,Inactive - Cessated,2013-12-09,,,,,,2019-02-07
161345,T0046452  ,Assumed Name,GERAW'S GENERAL STORE,,MAIN STREET,,BAKERSFIELD,VT,05441,MAIN STREET,,BAKERSFIELD,VT,05441,Vermont,,,,,,,1978-09-06,Inactive - Expired,,,,,,,1988-11-05
161406,T0046522  ,Assumed Name,BEN FRANKLIN STORE,,193 MAIN STREET,,VERGENNES,VT,05491,193 MAIN STREET,,VERGENNES,VT,05491,Vermont,,,,,,,1978-09-21,Inactive - Expired,,,,,,,1988-11-20
161563,T0086980  ,Assumed Name,MILLER'S STORE OF EAST TOPSHAM,,,,EAST TOPSHAM,VT,05076,,,EAST TOPSHAM,VT,05076,Vermont,,,,,,,1991-08-09,Inactive - Expired,,,,,,,2001-10-08
161865,T0160953  ,Assumed Name,THOMPSON HILL CAMPGROUND & COUNTRY STORE,,509 THOMPSON HILL RD,,TOPSHAM,VT,05076,509 THOMPSON HILL RD,,TOPSHAM,VT,05076,Vermont,,,,,,,2009-11-05,Inactive - Expired,,,,,,,2015-01-04
162206,T0087158  ,Assumed Name,GREENSBORO BEND STORE,,MAIN STREET,,GREENSBORO BND,VT,05842,MAIN STREET,,GREENSBORO BND,VT,05842,Vermont,,,,,,,1991-08-29,Inactive - Expired,,,,,,,2001-10-28
162270,T0124585  ,Assumed Name,J&D'S RIVERTON GENERAL STORE,,PO OX 74,,RICHMOND,VT,05477,PO OX 74,,RICHMOND,VT,05477,Vermont,,,,,,,2001-01-08,Inactive - Expired,,,,,,,2011-03-10
162274,T0124589  ,Assumed Name,PITTSFIELD GENERAL STORE,,PO BOX 776,,PITTSFIELD,VT,05762,PO BOX 776,,PITTSFIELD,VT,05762,Vermont,,,,,,,2001-01-16,Inactive - Expired,,,,,,,2011-03-18
162419,T0046818  ,Assumed Name,KAPPY'S COUNTRY STORE,,RTE 7,,PITTSFORD,VT,05763,RTE 7,,PITTSFORD,VT,05763,Vermont,,,,,,,1978-11-20,Inactive - Expired,,,,,,,1989-01-19
162695,T0161163  ,Assumed Name,WEST TOWNSHEND COUNTRY STORE,,PO BOX 1049,,W. TOWNSHEND,VT,05359,PO BOX 1049,,W. TOWNSHEND,VT,05359,Vermont,,,,,,,2009-11-25,Inactive - Expired,,,,,,,2015-01-24
162726,T0087213  ,Assumed Name,JONESVILLE COUNTRY STORE,,U.S. ROUTE 2,,JONESVILLE,VT,05466,U.S. ROUTE 2,,JONESVILLE,VT,05466,Vermont,,,,,,,1991-09-04,Inactive - Expired,,,,,,,2001-11-03
162732,T0087219  ,Assumed Name,CARPENTER'S COUNTRY STORE,,MAIN STREET,,CHESTER,VT,05143,MAIN STREET,,CHESTER,VT,05143,Vermont,,,,,,,1991-09-05,Inactive - Expired,,,,,,,2001-11-04
162860,T0087347  ,Assumed Name,ROXBURY COUNTRY STORE,,MAIN STREET,,ROXBURY,VT,05641,MAIN STREET,,ROXBURY,VT,05641,Vermont,,,,,,,1991-09-16,Inactive - Expired,,,,,,,2001-11-15
163058,T0047023  ,Assumed Name,MONKTON GENERAL STORE,,,,MONKTON,VT,05469,,,MONKTON,VT,05469,Vermont,,,,,,,1979-01-09,Inactive - Expired,,,,,,,1989-03-10
163115,T0047095  ,Assumed Name,ALEXANDER'S COUNTRY STORE,,PLEASANT VALLEY RD,,UNDERHILL CTR,VT,05490,PLEASANT VALLEY RD,,UNDERHILL CTR,VT,05490,Vermont,,,,,,,1979-01-24,Inactive - Expired,,,,,,,1989-03-25
163147,T0047133  ,Assumed Name,NEWBURY GENERAL STORE,,MAIN STREET,,NEWBURY,VT,05051,MAIN STREET,,NEWBURY,VT,05051,Vermont,,,,,,,1989-02-10,Inactive - Expired,1999-03-29,,,,,,2009-05-28
163306,T0161310  ,Assumed Name,WAYSIDE COUNTRY STORE,,,,WEST ARLINGTON,VT,     ,,,WEST ARLINGTON,VT,     ,Vermont,,,,,,,2009-12-14,Inactive - Expired,,,,,,,2015-02-12
163781,T0047346  ,Assumed Name,CAMBRIDGE GENERAL STORE,,"RD 1, BOX 283",,CAMBRIDGE,VT,05444,"RD 1, BOX 283",,CAMBRIDGE,VT,05444,Vermont,,,,,,,1979-03-20,Inactive - Expired,,,,,,,1989-05-19
163815,T0161354  ,Assumed Name,MARSHFIELD VILLAGE STORE,,,,MARSHFIELD,VT,     ,,,MARSHFIELD,VT,     ,Vermont,,,,,,,2009-12-17,Inactive - Cessated,2015-02-04,,,,,,2020-04-04
163824,T0161363  ,Assumed Name,DANBY FOUR CORNERS STORE,,5 DANBY PAWLET ROAD,,DANBY,VT,05739,5 DANBY PAWLET ROAD,,DANBY,VT,05739,Vermont,,,,,,,2009-12-18,Inactive - Expired,,,,,,,2015-02-16
163864,T0161403  ,Assumed Name,1836 COUNTRY STORE,,28 W MAIN ST,,WILMINGTON,VT,05363,PO BOX 578,,WILMINGTON,VT,05363,Vermont,,,,,,,2009-12-23,Inactive - Cessated,2015-01-16,,,,,,2020-03-16
163884,T0161423  ,Assumed Name,BARTON VILLAGE CORNER STORE THE,,,,BARTON,VT,     ,,,BARTON,VT,     ,Vermont,,,,,,,2009-12-28,Inactive - Expired,,,,,,,2015-02-26
164014,T0087571  ,Assumed Name,ASCUTNEY COUNTRY STORE,,RTE 5,,ASCUTNEY,VT,05030,RTE 5,,ASCUTNEY,VT,05030,Vermont,,,,,,,1991-10-09,Inactive - Expired,,,,,,,2001-12-08
164237,T0125157  ,Assumed Name,PURE VERMONT MAPLE SYRUP COUNTRY STORE,,179 VT MAPLE DRIVE,,FRANKLIN,VT,05457,179 VT MAPLE DRIVE,,FRANKLIN,VT,05457,Vermont,,,,,,,2001-03-08,Inactive - Expired,2011-04-11,,,,,,2016-06-09
164390,T0047528  ,Assumed Name,BOGERT'S GENERAL STORE,,MAIN STREET,,SAXTONS RIVER,VT,05154,MAIN STREET,,SAXTONS RIVER,VT,05154,Vermont,,,,,,,1979-04-17,Inactive - Expired,,,,,,,1989-06-16
164409,T0047551  ,Assumed Name,JACKSONVILLE GENERAL STORE,,CHURCH & MAIN,,JACKSONVILLE,VT,05342,CHURCH & MAIN,,JACKSONVILLE,VT,05342,Vermont,,,,,,,1979-04-20,Inactive - Expired,,,,,,,1989-06-19
164644,T0087736  ,Assumed Name,LINCOLN GENERAL STORE,,RD 1 BOX 1815,,BRISTOL,VT,05443,RD 1 BOX 1815,,BRISTOL,VT,05443,Vermont,,,,,,,1991-10-28,Inactive - Expired,,,,,,,2001-12-27
164674,T0087766  ,Assumed Name,SIMON'S ESSEX CENTER STORE & DELI,,134 JERICHO ROAD,,ESSEX,VT,05451,134 JERICHO ROAD,,ESSEX,VT,05451,Vermont,,,,,,,1991-10-31,Inactive - Expired,2001-11-28,,,,,,2012-01-28
164994,T0047690  ,Assumed Name,DANVILLE GENERAL STORE,,MAIN STREET,,DANVILLE,VT,05828,MAIN STREET,,DANVILLE,VT,05828,Vermont,,,,,,,1979-05-09,Inactive - Expired,,,,,,,1989-07-08
165469,T0125458  ,Assumed Name,WEST TOWNSHEND COUNTRY STORE,,,,TOWNSHEND,VT,05353,,,TOWNSHEND,VT,05353,Vermont,,,,,,,2001-04-02,Inactive - Expired,,,,,,,2011-06-02
165576,T0047839  ,Assumed Name,WILLIAMS GENERAL STORE,,,,TUNBRIDGE,VT,05077,,,TUNBRIDGE,VT,05077,Vermont,,,,,,,1979-06-06,Inactive - Expired,,,,,,,1989-08-05
165680,T0087997  ,Assumed Name,MARTIN'S GENERAL STORE,,GENERAL DELIVERY,,HIGHGATE SPRGS,VT,05488,GENERAL DELIVERY,,HIGHGATE SPRGS,VT,05488,Vermont,,,,,,,1991-11-22,Inactive - Expired,,,,,,,2002-01-21
166042,T0125566  ,Assumed Name,VERMONT HORSE COUNTRY STORE,,,,SO WOODSTOCK,VT,     ,,,SO WOODSTOCK,VT,     ,Vermont,,,,,,,2001-04-04,Inactive - Expired,,,,,,,2011-06-04
166059,T0125583  ,Assumed Name,MOUNT TABOR COUNTRY STORE,445120-Convenience Stores,1072 Route 7,,MOUNT TABOR,VT,05739,PO Box 194,,Mt Tabor,VT,05739,Vermont,,,,,,,2001-04-12,Active - Registered,2021-07-12,,,,,,2031-05-30
166269,T0048124  ,Assumed Name,WINCHESTER'S STORE,,RTE 7,,POWNAL,VT,05261,RTE 7,,POWNAL,VT,05261,Vermont,,,,,,,1979-08-01,Inactive - Expired,,,,,,,1989-09-30
166415,T0088266  ,Assumed Name,"SAWMILL COUNTRY STORE, THE",,MAIN ST.,,PUTNEY,VT,05346,MAIN ST.,,PUTNEY,VT,05346,Vermont,,,,,,,1991-12-30,Inactive - Expired,2002-02-19,,,,,,2012-04-20
166552,T0162079  ,Assumed Name,NORTHEAST KINGDOM COUNTRY STORE,722513-Limited-Service Restaurants,466 VT RTE 114,,EAST BURKE,VT,05832,466 VT RTE 114,PO Box 180,EAST BURKE,VT,05832,Vermont,,,,,,,2010-02-26,Inactive - Expired,2020-04-20,,,,,,2025-03-14
166650,T0125709  ,Assumed Name,MACH'S GENERAL STORE,,,,PAWLET,VT,     ,,,PAWLET,VT,     ,Vermont,,,,,,,2001-04-23,Inactive - Expired,,,,,,,2011-06-23
166755,T0048150  ,Assumed Name,FLETCHER'S STORE,,MAIN STREET,,HARTFORD,VT,05047,MAIN STREET,,HARTFORD,VT,05047,Vermont,,,,,,,1979-08-07,Inactive - Expired,,,,,,,1989-10-06
166820,T0048229  ,Assumed Name,MACH'S GENERAL STORE,,RTE 30 & SCHOOL ST.,,PAWLET,VT,05761,RTE 30 & SCHOOL ST.,,PAWLET,VT,05761,Vermont,,,,,,,1989-08-17,Inactive - Expired,1999-08-25,,,,,,2009-10-24
166877,T0048295  ,Assumed Name,GREENSBORO BEND STORE,,,,GREENSBORO,VT,05842,,,GREENSBORO,VT,05842,Vermont,,,,,,,1979-09-11,Inactive - Expired,,,,,,,1989-11-10
167135,T0162197  ,Assumed Name,DERBY VILLAGE STORE,445110-Supermarkets and Other Grocery (except Convenience) Stores,33 MOUNTAIN VIEW DR,,NEWPORT,VT,05855,PO BOX 527,,DERBY,VT,05829,Vermont,,,,,,,2010-03-10,Inactive - Cessated,2020-03-12,,,,,,2025-05-09
167269,T0125863  ,Assumed Name,WEST BARNET GENERAL STORE,,,,BARNET,VT,     ,,,BARNET,VT,     ,Vermont,,,,,,,2001-05-02,Inactive - Expired,,,,,,,2011-07-02
167402,T0048364  ,Assumed Name,1836 COUNTRY STORE,,BOX 578,,WILMINGTON,VT,05363,BOX 578,,WILMINGTON,VT,05363,Vermont,,,,,,,1989-11-13,Inactive - Expired,1999-12-07,,,,,,2010-02-05
167774,T0162371  ,Assumed Name,NEWBURY VILLAGE STORE,452319-All Other General Merchandise Stores,4991 RTE 5 S,,NEWBURY,VT,05051,4991 RTE 5 S,,NEWBURY,VT,05051,Vermont,,,,,,,2010-03-24,Inactive - Cessated,2015-05-22,,,,,,2020-05-23
168052,T0048584  ,Assumed Name,JAMAICA GENERAL STORE,,,,JAMAICA,VT,05343,,,JAMAICA,VT,05343,Vermont,,,,,,,1979-10-31,Inactive - Expired,,,,,,,1989-12-30
168193,T0088650  ,Assumed Name,WAITSFIELD VILLAGE STORE,,RT. 100,,WAITSFIELD,VT,05673,RT. 100,,WAITSFIELD,VT,05673,Vermont,,,,,,,1992-02-07,Inactive - Expired,,,,,,,2002-04-08
168368,T0162501  ,Assumed Name,CABOT VILLAGE STORE,445110-Supermarkets and Other Grocery (except Convenience) Stores,3109 MAIN ST,,CABOT,VT,05647,PO BOX 147,,CABOT,VT,05647,Vermont,,,,,,,2010-04-01,Inactive - Expired,2020-04-30,,,,,,2025-04-01
168511,T0048760  ,Assumed Name,VILLAGE STORE OF TUNBRIDGE,,,,TUNBRIDGE,VT,05077,,,TUNBRIDGE,VT,05077,Vermont,,,,,,,1979-12-06,Inactive - Expired,,,,,,,1990-02-04
168945,T0048919  ,Assumed Name,FLEURY'S COUNTRY STORE,,FERRY ROAD,,ISLE LA MOTTE,VT,05463,FERRY ROAD,,ISLE LA MOTTE,VT,05463,Vermont,,,,,,,1979-08-17,Inactive - Expired,,,,,,,1989-10-16
169094,T0162608  ,Assumed Name,LUDLOW COUNTRY STORE,,,,LUDLOW,VT,     ,,,LUDLOW,VT,     ,Vermont,,,,,,,2010-04-12,Inactive - Expired,,,,,,,2015-06-11
169471,T0088998  ,Assumed Name,CONCORD COUNTRY STORE,,ROUTE 2,,CONCORD,VT,05824,ROUTE 2,,CONCORD,VT,05824,Vermont,,,,,,,1992-03-10,Inactive - Expired,,,,,,,2002-05-10
169655,T0049256  ,Assumed Name,WHEELOCK VILLAGE STORE,,ROUTE 122,,WHEELOCK,VT,05851,ROUTE 122,,WHEELOCK,VT,05851,Vermont,,,,,,,1990-01-29,Inactive - Expired,,,,,,,2000-03-30
169770,T0126506  ,Assumed Name,DANVILLE GENERAL STORE,,,,DANVILLE,VT,     ,,,DANVILLE,VT,     ,Vermont,,,,,,,2001-06-27,Inactive - Expired,,,,,,,2011-08-27
169804,T0126540  ,Assumed Name,SIMON'S MILTON STORE,,PO BOX 201,,MILTON,VT,05468,PO BOX 201,,MILTON,VT,05468,Vermont,,,,,,,2001-06-28,Inactive - Expired,2011-07-18,,,,,,2016-09-15
169949,T0162843  ,Assumed Name,ROUTE FOUR COUNTRY STORE,452319-All Other General Merchandise Stores,3699 WOODSTOCK RD,,WHITE RIVER JUNCTION,VT,05001,PO BOX 865,,QUECHEE,VT,05059,Vermont,,,,,,,2010-04-30,Inactive - Expired,2015-05-05,,,,,,2020-06-29
170278,T0049448  ,Assumed Name,VERMONT GENERAL STORE,"445299-All Other Specialty Food Stores, 453998-All Other Miscellaneous Store Retailers (except Tobacco Stores)",16 Elm Street,,Woodstock,VT,05091,16 ELM STREET,,WOODSTOCK,VT,05091,Vermont,,,,,,,1980-03-21,Active - Registered,2020-02-13,,,,,,2030-02-11
170333,T0126604  ,Assumed Name,ALBANY GENERAL STORE,,PO BOX 282,,ALBANY,VT,05820,PO BOX 282,,ALBANY,VT,05820,Vermont,,,,,,,2001-07-09,Inactive - Expired,,,,,,,2011-09-08
170342,T0126613  ,Assumed Name,THE STORE OF ROCHESTER,,,,ROCHESTER,VT,     ,,,ROCHESTER,VT,     ,Vermont,,,,,,,2001-07-09,Inactive - Expired,2011-08-05,,,,,,2016-10-03
170396,T0126667  ,Assumed Name,GUILDHALL VILLAGE GENERAL STORE  THE,,PO BOX 137,,GUILDHALL,VT,05905,PO BOX 137,,GUILDHALL,VT,05905,Vermont,,,,,,,2001-07-16,Inactive - Expired,,,,,,,2011-09-15
170422,T0126693  ,Assumed Name,BELMONT GENERAL STORE,,2400 BELMONT ROAD,,BELMONT,VT,05730,2400 BELMONT ROAD,,BELMONT,VT,05730,Vermont,,,,,,,2001-07-16,Inactive - Expired,,,,,,,2011-09-15
170631,T0089228  ,Assumed Name,COON'S GENERAL STORE,,JCT. OF RT 4 & 30,,BOMOSEEN,VT,05732,JCT. OF RT 4 & 30,,BOMOSEEN,VT,05732,Vermont,,,,,,,1992-04-02,Inactive - Expired,,,,,,,2002-06-02
170721,T0089318  ,Assumed Name,HALIFAX GENERAL STORE,,BRANCH RD.,,W. HALIFAX,VT,05358,BRANCH RD.,,W. HALIFAX,VT,05358,Vermont,,,,,,,1992-04-08,Inactive - Expired,,,,,,,2002-06-08
170884,T0049614  ,Assumed Name,PERKINS GENERAL STORE,,MAIN STREET,,ST. JOHNSBURY,VT,05819,MAIN STREET,,ST. JOHNSBURY,VT,05819,Vermont,,,,,,,1980-04-17,Inactive - Expired,,,,,,,1990-06-17
171156,T0163120  ,Assumed Name,BOSTON POST DAIRY COUNTRY STORE,,2061 SAMPSONVILLE RD,,ENOSBURG FALLS,VT,05450,2061 SAMPSONVILLE RD,,ENOSBURG FALLS,VT,05450,Vermont,,,,,,,2010-05-26,Inactive - Expired,,,,,,,2015-07-25
171192,T0163156  ,Assumed Name,HARTFORD CO-OP FOOD STORE,,,,HARTFORD,VT,     ,,,HARTFORD,VT,     ,Vermont,,,,,,,2010-06-01,Inactive - Expired,,,,,,,2015-07-31
171443,T0049732  ,Assumed Name,CAREY'S GENERAL STORE,,"RTE 14, BOX 242",,E. MONTPELIER,VT,05651,"RTE 14, BOX 242",,E. MONTPELIER,VT,05651,Vermont,,,,,,,1980-05-05,Inactive - Expired,,,,,,,1990-07-05
171698,T0127039  ,Assumed Name,SHAFTSBURY COUNTRY STORE,,,,SHAFTSBURY,VT,     ,,,SHAFTSBURY,VT,     ,Vermont,,,,,,,2001-08-20,Inactive - Expired,,,,,,,2011-10-20
171775,T0163274  ,Assumed Name,WEST HARTFORD VILLAGE STORE,,,,HARTFORD,VT,     ,,,HARTFORD,VT,     ,Vermont,,,,,,,2010-06-10,Inactive - Expired,,,,,,,2015-08-09
171940,T0089607  ,Assumed Name,WARDSBORO COUNTRY STORE,,23 MAIN STREET,,WARDSBORO,VT,05355,23 MAIN STREET,,WARDSBORO,VT,05355,Vermont,,,,,,,1992-04-30,Inactive - Cessated,2012-08-17,,,,,,2017-10-16
171984,T0089651  ,Assumed Name,UPPER VALLEY GRILL AND GENERAL STORE,,ROUTE 302,,GROTON,VT,05046,ROUTE 302,,GROTON,VT,05046,Vermont,,,,,,,1992-05-05,Inactive - Expired,,,,,,,2002-07-05
172023,T0049868  ,Assumed Name,"STORE OF ROCHESTER, THE",,RTE 100,,ROCHESTER,VT,05767,RTE 100,,ROCHESTER,VT,05767,Vermont,,,,,,,1980-05-22,Inactive - Expired,,,,,,,1990-07-22
172102,T0049966  ,Assumed Name,D & R GENERAL STORE,,ROUTE 121,,CAMBRIDGEPORT,VT,05141,ROUTE 121,,CAMBRIDGEPORT,VT,05141,Vermont,,,,,,,1990-05-22,Inactive - Expired,2010-06-08,,,,,,2015-08-07
172163,T0050048  ,Assumed Name,NIEMEYER'S COUNTRY STORE,,SOUTH STREET,,MIDDLETOWN SPR,VT,05757,SOUTH STREET,,MIDDLETOWN SPR,VT,05757,Vermont,,,,,,,1980-06-18,Inactive - Expired,,,,,,,1990-08-18
172168,T0127044  ,Assumed Name,MAPLE HILL-COUNTRY STORE,,5129 ROUTE 30,,CORNWALL,VT,05753,5129 ROUTE 30,,CORNWALL,VT,05753,Vermont,,,,,,,2001-08-21,Inactive - Expired,,,,,,,2011-10-21
172717,T0050160  ,Assumed Name,NEW START COUNTRY STORE,,ROUTE 100,,NEWPORT,VT,05857,ROUTE 100,,NEWPORT,VT,05857,Vermont,,,,,,,1980-07-07,Inactive - Expired,,,,,,,1990-09-06
172786,T0127197  ,Assumed Name,THE WARREN STORE,,284 MAIN STREET,,WARREN,VT,05674,284 MAIN STREET,,WARREN,VT,05674,Vermont,,,,,,,2001-09-06,Inactive - Expired,2011-10-11,,,,,,2016-12-09
172919,T0127330  ,Assumed Name,ADDISON FOUR CORNERS STORE,,789 JERSEY STREET,,ADDISON,VT,05491,789 JERSEY STREET,,ADDISON,VT,05491,Vermont,,,,,,,2001-09-18,Inactive - Expired,,,,,,,2011-11-18
173156,T0089893  ,Assumed Name,FLETCHER GENERAL STORE,,T.H. #28,,FLETCHER,VT,     ,T.H. #28,,FLETCHER,VT,     ,Vermont,,,,,,,1992-06-01,Inactive - Expired,,,,,,,2002-08-01
173172,T0089909  ,Assumed Name,NORTH POMFRET STORE,,POMFRET RD.,,NO. POMFRET,VT,05053,POMFRET RD.,,NO. POMFRET,VT,05053,Vermont,,,,,,,1992-06-01,Inactive - Expired,,,,,,,2002-08-01
173220,T0089957  ,Assumed Name,TROY GENERAL STORE,,JCT. ROUTE 100 & 101,,TROY,VT,05868,JCT. ROUTE 100 & 101,,TROY,VT,05868,Vermont,,,,,,,1992-06-04,Inactive - Expired,,,,,,,2002-08-04
173323,T0050326  ,Assumed Name,WEST BARNET GEN. STORE,,36 MAIN STREET,,WEST BARNET,VT,05870,36 MAIN STREET,,WEST BARNET,VT,05870,Vermont,,,,,,,1980-08-06,Inactive - Expired,,,,,,,1990-10-06
173461,T0127407  ,Assumed Name,HASGAS GENERAL STORE,,1791 RTE 30,,DORSET,VT,05251,1791 RTE 30,,DORSET,VT,05251,Vermont,,,,,,,2001-09-24,Inactive - Expired,,,,,,,2011-11-24
173867,T0090139  ,Assumed Name,KINGSBURY'S COUNTRY STORE,,RT. 100,,WARREN,VT,05674,RT. 100,,WARREN,VT,05674,Vermont,,,,,,,1992-06-22,Inactive - Expired,,,,,,,2002-08-22
173944,T0050535  ,Assumed Name,HATHORNE'S COUNTRY STORE,,RD 3,,VERGENNES,VT,05491,RD 3,,VERGENNES,VT,05491,Vermont,,,,,,,1980-09-08,Inactive - Expired,,,,,,,1990-11-08
173994,T0050592  ,Assumed Name,NANCY'S COUNTRY STORE,,PO BOX 727,,WELLS,VT,05774,PO BOX 727,,WELLS,VT,05774,Vermont,,,,,,,1990-08-29,Inactive - Expired,,,,,,,2000-10-28
174016,T0050622  ,Assumed Name,RAY'S GENERAL STORE,,RICHMOND RD,,HINESBURG,VT,05461,RICHMOND RD,,HINESBURG,VT,05461,Vermont,,,,,,,1980-09-23,Inactive - Expired,,,,,,,1990-11-23
174077,T0127558  ,Assumed Name,HARBOR VIEW GENERAL STORE,,,,HYDEVILLE,,,,,HYDEVILLE,,,,,,,,,,2001-10-10,Inactive - Expired,,,,,,,2011-12-10
174596,T0050772  ,Assumed Name,"LEWIS STORE, THE",,72 MAIN STREET,,POULTNEY,VT,05764,72 MAIN STREET,,POULTNEY,VT,05764,Vermont,,,,,,,1980-10-16,Inactive - Expired,,,,,,,1990-12-16
174612,T0050789  ,Assumed Name,GARDNER'S STORE OF POWNAL,,ROUTE 7,,POWNAL,VT,05261,ROUTE 7,,POWNAL,VT,05261,Vermont,,,,,,,1980-10-20,Inactive - Expired,,,,,,,1990-12-20
174613,T0050790  ,Assumed Name,GROTON GENERAL STORE,,ROUTE 302,,GROTON,VT,05046,ROUTE 302,,GROTON,VT,05046,Vermont,,,,,,,1980-10-20,Inactive - Expired,,,,,,,1990-12-20
174661,T0127677  ,Assumed Name,ORLEANS GENERAL STORE,,,,ORLEANS,VT,     ,,,ORLEANS,VT,     ,Vermont,,,,,,,2001-10-22,Inactive - Expired,,,,,,,2011-12-22
174735,T0127751  ,Assumed Name,BILL & TED'S EXCELLENT GENERAL STORE,,PO BOX 13,,BROWNSVILLE,VT,05037,PO BOX 13,,BROWNSVILLE,VT,05037,Vermont,,,,,,,2001-10-30,Inactive - Expired,,,,,,,2011-12-30
174847,T0090344  ,Assumed Name,PERKINSVILLE GENERAL STORE,,ROUTE 106,,PERKINSVILLE,VT,05151,ROUTE 106,,PERKINSVILLE,VT,05151,Vermont,,,,,,,1992-07-13,Inactive - Expired,,,,,,,2002-09-12
175410,T0127961  ,Assumed Name,MARTINS GENERAL STORE,445120-Convenience Stores,2934 US ROUTE 7,,HIGHGATE SPR,VT,05460,2934 US ROUTE 7,,HIGHGATE SPR,VT,05460,Vermont,,,,,,,2001-11-20,Active - Registered,2022-01-28,,,,,,2027-01-17
175484,T0090516  ,Assumed Name,HOLDEN GENERAL STORE,,RIVER RD.,,CHITTENDEN,VT,05737,RIVER RD.,,CHITTENDEN,VT,05737,Vermont,,,,,,,1992-07-30,Inactive - Expired,,,,,,,2002-09-29
175487,T0090519  ,Assumed Name,PERKINSVILLE GENERAL STORE,,ROUTE 106,,PERKINSVILLE,VT,05151,ROUTE 106,,PERKINSVILLE,VT,05151,Vermont,,,,,,,1992-07-30,Inactive - Expired,,,,,,,2002-09-29
175520,T0090552  ,Assumed Name,SHIPPING STORE OF MIDDLEBURY,,2 MAPLE ST.,,MIDDLEBURY,VT,05753,2 MAPLE ST.,,MIDDLEBURY,VT,05753,Vermont,,,,,,,1992-08-03,Inactive - Expired,,,,,,,2002-10-03
175549,T0090581  ,Assumed Name,FAIRFIELD COUNTRY STORE,,ROUTE 36,,FAIRFIELD,VT,05455,ROUTE 36,,FAIRFIELD,VT,05455,Vermont,,,,,,,1992-08-06,Inactive - Expired,,,,,,,2002-10-06
175814,T0164215  ,Assumed Name,GUILFORD COUNTRY STORE,,638 COOLIDGE HIGHWAY,,GUILFORD,VT,05301,638 COOLIDGE HIGHWAY,,GUILFORD,VT,05301,Vermont,,,,,,,2010-09-09,Inactive - Expired,,,,,,,2015-11-08
175885,T0164286  ,Assumed Name,DUXBURY COUNTRY STORE & CAMPGROUND,,2542 VT RTE 100,,DUXBURY,VT,05676,2542 VT RTE 100,,DUXBURY,VT,05676,Vermont,,,,,,,2010-09-16,Inactive - Expired,,,,,,,2015-11-15
176084,T0051267  ,Assumed Name,FINESTKIND GENERAL STORE,,JCT AT 5 & 12,,HARTLAND,VT,05048,JCT AT 5 & 12,,HARTLAND,VT,05048,Vermont,,,,,,,1981-01-19,Inactive - Expired,,,,,,,1991-03-21
176254,T0090666  ,Assumed Name,HARTLAND GENERAL STORE,,US ROUTE 5 & 12,,HARTLAND,VT,05048,US ROUTE 5 & 12,,HARTLAND,VT,05048,Vermont,,,,,,,1992-08-13,Inactive - Expired,,,,,,,2002-10-13
176487,T0164423  ,Assumed Name,THE GENERAL STORE AT SUGARBUSH,,1840 SUGARBUSH ROAD,,WARREN,VT,05674,1840 SUGARBUSH ROAD,,WARREN,VT,05674,Vermont,,,,,,,2010-09-30,Inactive - Expired,,,,,,,2015-11-29
176973,T0164444  ,Assumed Name,MACH'S GENERAL STORE,,6019 ROUTE 30,,PAWLET,VT,05761,6019 ROUTE 30,,PAWLET,VT,05761,Vermont,,,,,,,2010-10-04,Inactive - Expired,,,,,,,2015-12-03
177175,T0128331  ,Assumed Name,JACKSONVILLE GENERAL STORE,,PO BOX 307,,JACKSONVILLE,VT,05342,PO BOX 307,,JACKSONVILLE,VT,05342,Vermont,,,,,,,2002-01-04,Inactive - Expired,2012-01-26,,,,,,2017-03-26
177303,T0051607  ,Assumed Name,WOODBURY COUNTRY STORE,,MAIN STREET,,WOODBURY,VT,05681,MAIN STREET,,WOODBURY,VT,05681,Vermont,,,,,,,1981-03-13,Inactive - Expired,,,,,,,1991-05-13
177430,T0051753  ,Assumed Name,MCGARRY'S GENERAL STORE,,"RD 1, BOX 348",,WALLINGFORD,VT,05773,"RD 1, BOX 348",,WALLINGFORD,VT,05773,Vermont,,,,,,,1981-04-06,Inactive - Expired,,,,,,,1991-06-06
177514,T0090996  ,Assumed Name,"TUNBRIDGE VILLAGE STORE, THE",,MAIN ST.,,TUNBRIDGE,VT,05077,MAIN ST.,,TUNBRIDGE,VT,05077,Vermont,,,,,,,1992-09-16,Inactive - Expired,,,,,,,2002-11-16
178327,T0169868  ,Assumed Name,ALDRICH'S GENERAL STORE,,3547 US RTE 5,,W BURKE,VT,05851,3547 US RTE 5,,W BURKE,VT,05851,Vermont,,,,,,,2010-11-15,Inactive - Expired,,,,,,,2016-01-14
178457,T0052059  ,Assumed Name,POND VILLAGE GENERAL STORE,,MAIN STREET,,BROOKFIELD,VT,05036,MAIN STREET,,BROOKFIELD,VT,05036,Vermont,,,,,,,1981-05-31,Inactive - Expired,,,,,,,1991-07-31
178503,T0052110  ,Assumed Name,PEARSON GENERAL STORE,,US ROUTE 5,,BARNET,VT,05821,US ROUTE 5,,BARNET,VT,05821,Vermont,,,,,,,1981-05-27,Inactive - Expired,,,,,,,1991-07-27
179008,T0052157  ,Assumed Name,HAGEN 1778 GENERAL STORE,,RTE 103 GASSETTS,,CHESTER DEPOT,VT,05144,RTE 103 GASSETTS,,CHESTER DEPOT,VT,05144,Vermont,,,,,,,1981-06-02,Inactive - Expired,,,,,,,1991-08-02
179023,T0052176  ,Assumed Name,JUNCTION COUNTRY STORE,,RTE 4 AND 100A,,BRIDGEWATER,VT,05034,RTE 4 AND 100A,,BRIDGEWATER,VT,05034,Vermont,,,,,,,1981-06-04,Inactive - Expired,,,,,,,1991-08-04
179117,T0052294  ,Assumed Name,MR. BILL'S GENERAL STORE,,RTE 100 TYSON ROAD,,LUDLOW,VT,05149,RTE 100 TYSON ROAD,,LUDLOW,VT,05149,Vermont,,,,,,,1981-06-23,Inactive - Expired,,,,,,,1991-08-23
179436,T0091523  ,Assumed Name,GRAND ISLE STORE,,1 HYDE RD.,,GRAND ISLE,VT,05458,1 HYDE RD.,,GRAND ISLE,VT,05458,Vermont,,,,,,,1992-11-09,Inactive - Expired,,,,,,,2003-01-09
179660,T0052394  ,Assumed Name,SUDBURY COUNTRY STORE,,RTE 73,,SUDBURY,VT,05733,RTE 73,,SUDBURY,VT,05733,Vermont,,,,,,,1981-07-06,Inactive - Expired,,,,,,,1991-09-05
179701,T0052443  ,Assumed Name,RENY'S OLD TIME COUNTRY STORE,,407 WOODSTOCK ROAD,,HARTFORD,VT,05001,407 WOODSTOCK ROAD,,HARTFORD,VT,05001,Vermont,,,,,,,1981-07-14,Inactive - Expired,,,,,,,1991-09-13
179714,T0052459  ,Assumed Name,O. J. COUNTRY STORE,,"RD 1, BOX 338",,WEST TOPSHAM,VT,05086,"RD 1, BOX 338",,WEST TOPSHAM,VT,05086,Vermont,,,,,,,1981-07-16,Inactive - Expired,,,,,,,1991-09-15
180032,T0091659  ,Assumed Name,WOODBURY COUNTRY STORE,,RT. 14,,WOODBURY,VT,05681,RT. 14,,WOODBURY,VT,05681,Vermont,,,,,,,1992-11-20,Inactive - Expired,,,,,,,2003-01-20
180335,T0052640  ,Assumed Name,BROWN'S GENERAL STORE,,MAIN STREET,,WHITINGHAM,VT,05361,MAIN STREET,,WHITINGHAM,VT,05361,Vermont,,,,,,,1991-08-01,Inactive - Expired,,,,,,,2001-09-30
180395,T0091707  ,Assumed Name,HUBBARD COUNTRY STORE,,ROUTE 125,,HANCOCK,VT,05748,ROUTE 125,,HANCOCK,VT,05748,Vermont,,,,,,,1992-11-30,Inactive - Expired,2002-12-12,,,,,,2013-02-10
180399,T0091711  ,Assumed Name,"NORTH POMFRET STORE, THE",,NORTH POMFRET RD.,,NORTH POMFRET,VT,05053,NORTH POMFRET RD.,,NORTH POMFRET,VT,05053,Vermont,,,,,,,1992-11-30,Inactive - Expired,,,,,,,2003-01-30
180685,T0129206  ,Assumed Name,SUNRISE GENERAL STORE,445120-Convenience Stores,Jct Rt 4 & 100 South/44 Route 4,,BRIDGEWATER CORNERS,VT,05035,Jct Rt 4 & 100 South/44 Route 4,,BRIDGEWATER CORNERS,VT,05035,Vermont,,,,,,,2002-03-20,Inactive - Expired,2017-04-21,,,,,,2022-06-15
180868,T0052718  ,Assumed Name,UNDERHILL FEED STORE,,RTE 15,,UNDERHILL,VT,05489,RTE 15,,UNDERHILL,VT,05489,Vermont,,,,,,,1981-09-02,Inactive - Expired,,,,,,,1991-11-02
180910,T0052765  ,Assumed Name,"SAWMILL COUNTRY STORE, THE",,MAIN STREET,,PUTNEY,VT,05346,MAIN STREET,,PUTNEY,VT,05346,Vermont,,,,,,,1981-09-08,Inactive - Expired,,,,,,,1991-11-08
180947,T0052808  ,Assumed Name,VERMONT GENERAL STORE AND GRIST MILL,,POMFRET ROAD,,WOODSTOCK,VT,05091,POMFRET ROAD,,WOODSTOCK,VT,05091,Vermont,,,,,,,1981-09-15,Inactive - Expired,,,,,,,1991-11-15
181169,T0129225  ,Assumed Name,"WOODBURY VILLAGE STORE, THE",,PO BOX 163,,WOODBURY,VT,05681,PO BOX 163,,WOODBURY,VT,05681,Vermont,,,,,,,2002-03-21,Inactive - Expired,,,,,,,2012-05-20
181248,T0129304  ,Assumed Name,NEWFANE COUNTRY STORE  THE,,PO BOX 56,,NEWFANE,VT,05345,PO BOX 56,,NEWFANE,VT,05345,Vermont,,,,,,,2002-03-27,Inactive - Expired,,,,,,,2012-05-26
181330,T0170546  ,Assumed Name,GRANVILLE GENERAL STORE,,PO BOX 59-5358 VT RT,,GRANVILLE,VT,05747,PO BOX 59-5358 VT RT,,GRANVILLE,VT,05747,Vermont,,,,,,,2011-01-25,Inactive - Expired,,,,,,,2016-03-25
181475,T0052887  ,Assumed Name,ROXBURY COUNTRY STORE,,MAIN ST,,ROXBURY,VT,05669,MAIN ST,,ROXBURY,VT,05669,Vermont,,,,,,,1981-09-24,Inactive - Expired,,,,,,,1991-11-24
181529,T0052947  ,Assumed Name,MIDDLESEX COUNTRY STORE,,ROUTE 2,,MIDDLESEX,VT,05602,ROUTE 2,,MIDDLESEX,VT,05602,Vermont,,,,,,,1981-10-02,Inactive - Expired,,,,,,,1991-12-02
181595,T0053030  ,Assumed Name,M-K COUNTRY STORE,,RTE 14,,E MONTPELIER,VT,05651,RTE 14,,E MONTPELIER,VT,05651,Vermont,,,,,,,1981-10-19,Inactive - Expired,,,,,,,1991-12-19
181596,T0053031  ,Assumed Name,CANE'S COUNTRY STORE,,MAIN STREET RTE 14,,WOODBURY,VT,05681,MAIN STREET RTE 14,,WOODBURY,VT,05681,Vermont,,,,,,,1981-10-19,Inactive - Expired,,,,,,,1991-12-19
181892,T0129483  ,Assumed Name,WATROBA'S GENERAL STORE,,2265 FOREST DALE RD,,BRANDON,VT,05733,2265 FOREST DALE RD,,BRANDON,VT,05733,Vermont,,,,,,,2002-04-08,Inactive - Expired,,,,,,,2012-06-07
182214,T0170810  ,Assumed Name,TEAGO GENERAL STORE,,2035 POMFRET RD,,POMFRET,VT,05067,2035 POMFRET RD,,POMFRET,VT,05067,Vermont,,,,,,,2011-02-22,Inactive - Expired,,,,,,,2016-04-22
182360,T0092277  ,Assumed Name,"AMATEUR RADIO GENERAL STORE, THE",,,,MORRISVILLE,VT,     ,,,MORRISVILLE,VT,     ,Vermont,,,,,,,1993-01-26,Inactive - Expired,,,,,,,2003-03-28
182373,T0092290  ,Assumed Name,ROXBURY COUNTRY STORE,,ROUTE 12A,,ROXBURY,VT,05669,ROUTE 12A,,ROXBURY,VT,05669,Vermont,,,,,,,1993-01-26,Inactive - Expired,,,,,,,2003-03-28
182503,T0129629  ,Assumed Name,EAST MAIN GENERAL STORE,,,,NEWPORT CITY,VT,05857,,,NEWPORT CITY,VT,05857,Vermont,,,,,,,2002-04-16,Inactive - Expired,,,,,,,2012-06-15
183144,T0129805  ,Assumed Name,TRUE'S GENERAL STORE,,291 HARBOUR ROAD,,WOODFORD,VT,05201,291 HARBOUR ROAD,,WOODFORD,VT,05201,Vermont,,,,,,,2002-05-01,Inactive - Expired,,,,,,,2012-06-30
183408,T0171074  ,Assumed Name,D & R GENERAL STORE,,,,CAMBRDIGEPORT,VT,     ,,,CAMBRDIGEPORT,VT,     ,Vermont,,,,,,,2011-03-18,Inactive - Expired,,,,,,,2016-05-16
183502,T0092489  ,Assumed Name,ANNIE'S COUNTRY STORE,,MAIN ST.,,WESTMINSTER,VT,05158,MAIN ST.,,WESTMINSTER,VT,05158,Vermont,,,,,,,1993-02-10,Inactive - Expired,,,,,,,2003-04-12
183587,T0092574  ,Assumed Name,BRADLEY'S GENERAL STORE,,BOX 1995,,JOHNSON,VT,05656,BOX 1995,,JOHNSON,VT,05656,Vermont,,,,,,,1993-02-18,Inactive - Expired,,,,,,,2003-04-20
183813,T0053644  ,Assumed Name,MENDON COUNTRY STORE,,ROUTE 4,,MENDON,VT,05701,ROUTE 4,,MENDON,VT,05701,Vermont,,,,,,,1992-01-31,Inactive - Expired,2012-05-21,,,,,,2017-07-20
183931,T0053777  ,Assumed Name,MAPLE LEAF COUNTRY STORE,,POB 155,,E. DOVER,VT,05341,POB 155,,E. DOVER,VT,05341,Vermont,,,,,,,1992-02-14,Inactive - Expired,,,,,,,2002-04-15
184697,T0171433  ,Assumed Name,HARBOR VIEW GENERAL STORE,,33 CREEK ROAD,,CASTLETON,VT,05735,33 CREEK ROAD,,CASTLETON,VT,05735,Vermont,,,,,,,2011-04-14,Inactive - Expired,,,,,,,2016-06-12
184750,T0092813  ,Assumed Name,VERSHIRE GENERAL STORE,,RT 113,,VERSHIRE,VT,05079,RT 113,,VERSHIRE,VT,05079,Vermont,,,,,,,1993-03-11,Inactive - Expired,,,,,,,2003-05-11
184991,T0130257  ,Assumed Name,MORGAN COUNTRY STORE,,PO BOX 176,,MORGAN,VT,05853,PO BOX 176,,MORGAN,VT,05853,Vermont,,,,,,,2002-06-06,Inactive - Expired,,,,,,,2012-08-05
185408,T0171524  ,Assumed Name,MAPLE MABEL'S COUNTRY STORE,,108 S LUNENBURG RD,,LUNENBURG,VT,05906,108 S LUNENBURG RD,,LUNENBURG,VT,05906,Vermont,,,,,,,2011-04-22,Inactive - Expired,,,,,,,2016-06-20
185569,T0130370  ,Assumed Name,NORTH TUNBRIDGE GENERAL STORE,,,,TUMBRIDGE,VT,     ,,,TUMBRIDGE,VT,     ,Vermont,,,,,,,2002-06-13,Inactive - Expired,2012-06-29,,,,,,2017-08-28
185635,T0130436  ,Assumed Name,NEWFANE COUNTRY STORE THE,,PO BOX 56,,NEWFANE,VT,05345,PO BOX 56,,NEWFANE,VT,05345,Vermont,,,,,,,2002-06-21,Inactive - Expired,2012-06-22,,,,,,2017-08-21
185809,T0093091  ,Assumed Name,ALBERGHINI'S GENERAL STORE,,MAIN ST.,,DERBY LINE,VT,05830,MAIN ST.,,DERBY LINE,VT,05830,Vermont,,,,,,,1993-04-02,Inactive - Expired,,,,,,,2003-06-02
186140,T0130476  ,Assumed Name,WILLIAMSVILLE GENERAL STORE,,,,NEWFANE,VT,05345,,,NEWFANE,VT,05345,Vermont,,,,,,,2002-06-25,Inactive - Expired,,,,,,,2012-08-24
186314,T0054399  ,Assumed Name,IRASBURG GENERAL STORE,,RTE 14,,IRASBURG,VT,05845,RTE 14,,IRASBURG,VT,05845,Vermont,,,,,,,1992-04-14,Inactive - Expired,,,,,,,2002-06-14
186352,T0054440  ,Assumed Name,KINGSBURY'S COUNTRY STORE,,RTE 100,,WARREN,VT,05674,RTE 100,,WARREN,VT,05674,Vermont,,,,,,,1982-06-03,Inactive - Expired,,,,,,,1992-08-02
186355,T0054443  ,Assumed Name,"MORGAN COUNTRY STORE, THE",,MORGAN FOUR CORNERS,,MORGAN,VT,05853,MORGAN FOUR CORNERS,,MORGAN,VT,05853,Vermont,,,,,,,1982-06-03,Inactive - Expired,,,,,,,1992-08-02
186451,T0093268  ,Assumed Name,LITTLE OTTER GENERAL STORE,,US. ROUTE 7,,FERRISBURGH,VT,05456,US. ROUTE 7,,FERRISBURGH,VT,05456,Vermont,,,,,,,1993-04-15,Inactive - Expired,,,,,,,2003-06-15
186544,T0093361  ,Assumed Name,HOOGIE'S CRAFTSBURY VILLAGE STORE,,MAIN ST.,,CRAFTSBURY,VT,05827,MAIN ST.,,CRAFTSBURY,VT,05827,Vermont,,,,,,,1993-04-23,Inactive - Expired,,,,,,,2003-06-23
186649,T0171835  ,Assumed Name,UNDERHILL COUNTRY STORE,,,,UNDERHILL,VT,     ,,,UNDERHILL,VT,     ,Vermont,,,,,,,2011-05-23,Inactive - Cessated,,,,,,,2016-07-21
186786,T0130657  ,Assumed Name,ALBANY GENERAL STORE,,PO BOX 263,,ALBANY,VT,05820,PO BOX 263,,ALBANY,VT,05820,Vermont,,,,,,,2002-07-12,Inactive - Expired,,,,,,,2012-09-10
186857,T0130728  ,Assumed Name,WELLS COUNTRY STORE,445299-All Other Specialty Food Stores,1450 Vermont Route 30,,WELLS,VT,05774,"1450 Vermont Route 30, Box 672, Box 672,",Box 672,Wells,VT,05774,Vermont,,,,,,,2002-07-16,Inactive - Cessated,2022-09-26,,,,,,2027-11-16
186998,T0054643  ,Assumed Name,"GREEN MOUNTAIN COUNTRY STORE, THE",,NEWTON ROAD,,BRANDON,VT,05733,NEWTON ROAD,,BRANDON,VT,05733,Vermont,,,,,,,1982-07-02,Inactive - Expired,,,,,,,1992-08-31
186999,T0054644  ,Assumed Name,H & H COUNTRY STORE,,ROUTE 100,,GRANVILLE,VT,05747,ROUTE 100,,GRANVILLE,VT,05747,Vermont,,,,,,,1982-07-02,Inactive - Expired,,,,,,,1992-08-31
187008,T0054653  ,Assumed Name,WOODBURYS THE BUILDING STORE,,FOREST & PINE ST.,,RUTLAND,VT,05701,FOREST & PINE ST.,,RUTLAND,VT,05701,Vermont,,,,,,,1982-07-02,Inactive - Expired,,,,,,,1992-08-31
187078,T0093430  ,Assumed Name,WILSON'S COUNTRY STORE,,WEST MILTON RD.,,MILTON,VT,05468,WEST MILTON RD.,,MILTON,VT,05468,Vermont,,,,,,,1993-04-28,Inactive - Expired,,,,,,,2003-06-28
187389,T0054733  ,Assumed Name,EAST DUMMERSTON COMMUNITY STORE,,RTE 5,,E. DUMMERSTON,VT,05346,RTE 5,,E. DUMMERSTON,VT,05346,Vermont,,,,,,,1982-07-21,Inactive - Expired,,,,,,,1992-09-19
187410,T0054756  ,Assumed Name,TAFTSVILLE COUNTRY STORE & GIFTS,,ROUTE 4,,TAFTSVILLE,VT,05073,ROUTE 4,,TAFTSVILLE,VT,05073,Vermont,,,,,,,1982-07-21,Inactive - Expired,,,,,,,1992-09-19
187589,T0130840  ,Assumed Name,NOTCHBROOK GENERAL STORE,445120-Convenience Stores,4968 MOUNTAIN ROAD,,STOWE,VT,05672,414 West Grove Street,,Middleboro,MA,02346,Vermont,,,,,,,2002-07-25,Active - Registered,2022-10-19,,,,,,2027-09-14
188082,T0054992  ,Assumed Name,JERICHO BEVERAGE STORE,,RTE 15,,JERICHO,VT,05465,RTE 15,,JERICHO,VT,05465,Vermont,,,,,,,1982-08-27,Inactive - Expired,,,,,,,1992-10-26
188196,T0130982  ,Assumed Name,MOOSE RIVER COUNTRY STORE,,PO BOX 281,,CONCORD,VT,05824,PO BOX 281,,CONCORD,VT,05824,Vermont,,,,,,,2002-08-06,Inactive - Expired,,,,,,,2012-10-05
188236,T0131022  ,Assumed Name,WOODBURY VILLAGE STORE  THE,,PO BOX 7,,WOODBURY,VT,05681,PO BOX 7,,WOODBURY,VT,05681,Vermont,,,,,,,2002-08-09,Inactive - Expired,,,,,,,2012-10-08
188277,T0131063  ,Assumed Name,CLARENDON SPRINGS GENERAL STORE,,,,CLARENDON,VT,     ,,,CLARENDON,VT,     ,Vermont,,,,,,,2002-08-12,Inactive - Expired,,,,,,,2012-10-11
188543,T0055166  ,Assumed Name,JEN-WIN COUNTRY STORE,,101 RTE 7A,,BENNINGTON,VT,05201,101 RTE 7A,,BENNINGTON,VT,05201,Vermont,,,,,,,1982-09-22,Inactive - Expired,,,,,,,1992-11-21
188563,T0055188  ,Assumed Name,BRATTLEBORO COUNTRY STORE,,106 WESTERN AVE,,BRATTLEBORO,VT,05301,106 WESTERN AVE,,BRATTLEBORO,VT,05301,Vermont,,,,,,,1982-09-28,Inactive - Expired,,,,,,,1992-11-27
188694,T0172330  ,Assumed Name,BELMONT GENERAL STORE,,,,MOUNT HOLLY,VT,     ,,,MOUNT HOLLY,VT,     ,Vermont,,,,,,,2011-07-07,Inactive - Expired,,,,,,,2016-09-04
188868,T0131189  ,Assumed Name,JAY COUNTRY STORE  THE,,67 SHALLOWBROOK RD,,JAY,VT,05859,67 SHALLOWBROOK RD,,JAY,VT,05859,Vermont,,,,,,,2002-08-26,Inactive - Expired,,,,,,,2012-10-25
188967,T0093924  ,Assumed Name,"BAKERSFIELD GENERAL STORE, THE",,MAIN ST.,,BAKERSFIELD,VT,     ,MAIN ST.,,BAKERSFIELD,VT,     ,Vermont,,,,,,,1993-06-10,Inactive - Expired,2003-07-17,,,,,,2013-09-15
189171,T0055346  ,Assumed Name,"WOODEN BARREL COUNTRY STORE, THE",,E. PITTSFORD ROAD,,CHITTENDEN,VT,05737,E. PITTSFORD ROAD,,CHITTENDEN,VT,05737,Vermont,,,,,,,1982-10-22,Inactive - Expired,,,,,,,1992-12-21
189189,T0055365  ,Assumed Name,CHESTER GENERAL STORE,,ROUTE 103,,CHESTER,VT,05143,ROUTE 103,,CHESTER,VT,05143,Vermont,,,,,,,1982-10-26,Inactive - Expired,,,,,,,1992-12-25
189201,T0055378  ,Assumed Name,NAPA AND BORDEAUX WINES AT THE WARREN STORE,,BOX 247,,WARREN,VT,05674,BOX 247,,WARREN,VT,05674,Vermont,,,,,,,1982-10-28,Inactive - Expired,,,,,,,1992-12-27
189312,T0172483  ,Assumed Name,NORTHERN EXPOSURE COUNTRY STORE,,1266 VT 5A,,WESTMORE,VT,05860,1266 VT 5A,,WESTMORE,VT,05860,Vermont,,,,,,,2011-07-27,Inactive - Expired,,,,,,,2016-09-24
189618,T0094110  ,Assumed Name,BROWNSVILLE GENERAL STORE,,RTE. 44,,BROWNSVILLE,VT,05037,RTE. 44,,BROWNSVILLE,VT,05037,Vermont,,,,,,,1993-06-28,Inactive - Cessated,2013-07-25,,,,,,2018-09-23
190110,T0172661  ,Assumed Name,NORTHERN EXPOSURE COUNTRY STORE,445120-Convenience Stores,1266 VT RTE 5A,,WESTMORE,VT,05860,1266 VT RTE 5A,,WESTMORE,VT,05860,Vermont,,,,,,,2011-08-15,Inactive - Expired,2016-10-13,,,,,,2021-10-13
191029,T0055861  ,Assumed Name,MILL VILLAGE COUNTRY STORE,,JUNCTION PITTSORD RD,,RUTLAND,VT,05701,JUNCTION PITTSORD RD,,RUTLAND,VT,05701,Vermont,,,,,,,1983-01-13,Inactive - Expired,,,,,,,1993-03-14
191032,T0055865  ,Assumed Name,BIRCHWOOD COUNTRY STORE,,"RFD 1, BOX 39",,PLAINFIELD,VT,05667,"RFD 1, BOX 39",,PLAINFIELD,VT,05667,Vermont,,,,,,,1983-01-17,Inactive - Expired,,,,,,,1993-03-18
191141,T0131757  ,Assumed Name,K & B COUNTRY STORE,,3296 RTE 22A,,SHOREHAM,VT,05770,3296 RTE 22A,,SHOREHAM,VT,05770,Vermont,,,,,,,2002-10-14,Inactive - Expired,,,,,,,2012-12-13
191418,T0094515  ,Assumed Name,ABBOTT AND STAPLES GENERAL STORE,,RT. 7A,,MANCHESTER CTR,VT,05255,RT. 7A,,MANCHESTER CTR,VT,05255,Vermont,,,,,,,1993-08-05,Inactive - Expired,,,,,,,2003-10-05
191617,T0055997  ,Assumed Name,BOWEN'S GENERAL STORE,,MAIN STREET,,ALBANY,VT,05820,MAIN STREET,,ALBANY,VT,05820,Vermont,,,,,,,1983-01-31,Inactive - Expired,,,,,,,1993-04-01
191664,T0056047  ,Assumed Name,DAYS OF YORE - A COUNTRY STORE,,RTE 100,,N. HYDE PARK,VT,05665,RTE 100,,N. HYDE PARK,VT,05665,Vermont,,,,,,,1983-02-03,Inactive - Expired,,,,,,,1993-04-04
192111,T0094743  ,Assumed Name,"GRAND ISLE COUNTRY STORE, THE",,US ROUTE 2,,GRAND ISLE,VT,05458,US ROUTE 2,,GRAND ISLE,VT,05458,Vermont,,,,,,,1993-08-27,Inactive - Expired,,,,,,,2003-10-27
192217,T0056147  ,Assumed Name,WOLCOTT STORE AND GARAGE,,BOX 25,,WOLCOTT,VT,05680,BOX 25,,WOLCOTT,VT,05680,Vermont,,,,,,,1982-02-18,Inactive - Expired,,,,,,,1992-04-19
192227,T0056158  ,Assumed Name,OTIS' COUNTRY STORE,,ROUTE 2,,E. MONTPELIER,VT,05651,ROUTE 2,,E. MONTPELIER,VT,05651,Vermont,,,,,,,1983-02-23,Inactive - Expired,,,,,,,1993-04-24
192320,T0132005  ,Assumed Name,MOUNTAIN VALLEY VIEW PANTON GENERAL STORE,,3074 NERSEY ST,,PANTON,VT,05491,3074 NERSEY ST,,PANTON,VT,05491,Vermont,,,,,,,2002-11-06,Inactive - Expired,2012-11-13,,,,,,2018-01-12
192445,T0132130  ,Assumed Name,EAST POULTNEY GENERAL STORE,,PO BOX 647,,E POULTNEY,VT,05741,PO BOX 647,,E POULTNEY,VT,05741,Vermont,,,,,,,2002-11-15,Inactive - Expired,,,,,,,2013-01-14
192473,T0173164  ,Assumed Name,PUTNEY GENERAL STORE,,4 KIMBALL HILL RD,,PUTNEY,VT,05346,4 KIMBALL HILL RD,,PUTNEY,VT,05346,Vermont,,,,,,,2011-10-06,Inactive - Expired,,,,,,,2016-12-04
192531,T0173222  ,Assumed Name,WINOOSKI HALAL STORE,,88 MALLETTS BAY AVE,,WINOOSKI,VT,05404,88 MALLETTS BAY AVE,,WINOOSKI,VT,05404,Vermont,,,,,,,2011-10-12,Inactive - Expired,,,,,,,2016-12-10
192780,T0094947  ,Assumed Name,DERRY VILLAGE ANTIQUES & COUNTRY STORE,,RT. 100,,S. LONDONDERRY,VT,05155,RT. 100,,S. LONDONDERRY,VT,05155,Vermont,,,,,,,1993-09-15,Inactive - Expired,,,,,,,2003-11-15
192918,T0056401  ,Assumed Name,FALLS GENERAL STORE,,BOX 7,,NFLD. FALLS,VT,05664,BOX 7,,NFLD. FALLS,VT,05664,Vermont,,,,,,,1983-03-23,Inactive - Expired,,,,,,,1993-05-22
193197,T0173423  ,Assumed Name,BURNHAM HOLLOW COUNTRY STORE,,128 MERCHANTS ROW,,RUTLAND,VT,05701,128 MERCHANTS ROW,,RUTLAND,VT,05701,Vermont,,,,,,,2011-10-31,Inactive - Expired,,,,,,,2016-12-29
194147,T0056722  ,Assumed Name,HARRINGTON'S COUNTRY STORE,,RTE 7,,SHAFTSBURY,VT,05262,RTE 7,,SHAFTSBURY,VT,05262,Vermont,,,,,,,1983-04-27,Inactive - Expired,,,,,,,1993-06-26
194734,T0056878  ,Assumed Name,MILES POND COUNTRY STORE,,MILES POND ROAD,,CONCORD,VT,05824,MILES POND ROAD,,CONCORD,VT,05824,Vermont,,,,,,,1983-05-12,Inactive - Expired,,,,,,,1993-07-11
194803,T0132628  ,Assumed Name,MACH'S GENERAL STORE,,,,PAWLET,VT,05761,,,PAWLET,VT,05761,Vermont,,,,,,,2003-01-02,Inactive - Expired,,,,,,,2013-03-03
194845,T0132670  ,Assumed Name,BOB'S COUNTRY STORE,,,,ORWELL,VT,     ,,,ORWELL,VT,     ,Vermont,,,,,,,2003-01-07,Inactive - Expired,,,,,,,2013-03-08
194885,T0132710  ,Assumed Name,FRANKLIN GENERAL STORE,,PO BOX 57,,FRANKLIN,VT,05457,PO BOX 57,,FRANKLIN,VT,05457,Vermont,,,,,,,2003-01-08,Inactive - Expired,,,,,,,2013-03-09
194927,T0132752  ,Assumed Name,BASSETT GENERAL STORE,,1781 VT RTE 103 S,,MT HOLLY,VT,05730,1781 VT RTE 103 S,,MT HOLLY,VT,05730,Vermont,,,,,,,2003-01-13,Inactive - Expired,,,,,,,2013-03-14
194933,T0132758  ,Assumed Name,BROOKSIDE COUNTRY STORE,,,,BARRE TOWN,VT,05641,,,BARRE TOWN,VT,05641,Vermont,,,,,,,2003-01-13,Inactive - Expired,,,,,,,2013-03-14
194949,T0132774  ,Assumed Name,JAQUES COUNTRY STORE,,PO BOX 125,,HUNTINGTON,VT,05462,PO BOX 125,,HUNTINGTON,VT,05462,Vermont,,,,,,,2003-01-14,Inactive - Expired,,,,,,,2013-03-15
195037,T0057033  ,Assumed Name,BARNARD GENERAL STORE,,,,BARNARD,VT,05031,,,BARNARD,VT,05031,Vermont,,,,,,,1983-06-02,Inactive - Expired,,,,,,,1993-08-01
195090,T0057090  ,Assumed Name,TYSON GENERAL STORE,,RTE 100,,LUDLOW,VT,05159,RTE 100,,LUDLOW,VT,05159,Vermont,,,,,,,1983-06-09,Inactive - Expired,,,,,,,1993-08-08
195629,T0057171  ,Assumed Name,PLR MANWELL GENERAL STORE,,MAIN STREET,,PLAINFIELD,VT,05667,MAIN STREET,,PLAINFIELD,VT,05667,Vermont,,,,,,,1983-06-22,Inactive - Expired,,,,,,,1993-08-21
195653,T0057195  ,Assumed Name,SUDBURY GENERAL STORE,,RTE 73,,SUDBURY,VT,05733,RTE 73,,SUDBURY,VT,05733,Vermont,,,,,,,1983-06-24,Inactive - Expired,,,,,,,1993-08-23
195736,T0095578  ,Assumed Name,GIORGIO ARMANI GENERAL STORE,,ROUTES 11/30 & 7,,MANCHESTER,VT,05254,ROUTES 11/30 & 7,,MANCHESTER,VT,05254,Vermont,,,,,,,1993-11-08,Inactive - Expired,,,,,,,2004-01-08
195930,T0173986  ,Assumed Name,EAST POULTNEY GENERAL STORE,,,,POULTNEY,VT,     ,,,POULTNEY,VT,     ,Vermont,,,,,,,2012-01-03,Inactive - Expired,,,,,,,2017-03-03
196268,T0057362  ,Assumed Name,"ELMORE STORE, THE",,RT. 12,,LAKE ELMORE,VT,05657,RT. 12,,LAKE ELMORE,VT,05657,Vermont,,,,,,,1993-06-29,Inactive - Expired,2003-07-16,,,,,,2013-09-14
196307,T0057403  ,Assumed Name,SAM'S COUNTRY STORE,,EAST ROAD,,NO CLARENDON,VT,05759,EAST ROAD,,NO CLARENDON,VT,05759,Vermont,,,,,,,1983-07-22,Inactive - Expired,,,,,,,1993-09-20
196339,T0057438  ,Assumed Name,TC'S GENERAL STORE,,JUNCT 4 & 100,,W. BRIDGEWATER,VT,05035,JUNCT 4 & 100,,W. BRIDGEWATER,VT,05035,Vermont,,,,,,,1993-09-21,Inactive - Expired,,,,,,,2003-11-21
196636,T0174227  ,Assumed Name,THE TUNBRIDGE STORE,453998-All Other Miscellaneous Store Retailers (except Tobacco Stores),304 VT Route 110,,TUNBRIDGE,VT,05077,PO BOX 277,,TUNBRIDGE,VT,05077,Vermont,,,,,,,2012-01-25,Inactive - Expired,2017-03-15,,,,,,2022-03-25
196931,T0057568  ,Assumed Name,NEWARK STREET COUNTRY STORE AND ICE CREAM COMPANY,,NEWARK STREET,,NEWARK,VT,05871,NEWARK STREET,,NEWARK,VT,05871,Vermont,,,,,,,1983-08-15,Inactive - Expired,,,,,,,1993-10-14
197283,T0057611  ,Assumed Name,CABOT VILLAGE STORE,,MAIN STREET,,CABOT,VT,05647,MAIN STREET,,CABOT,VT,05647,Vermont,,,,,,,1983-08-22,Inactive - Expired,,,,,,,1993-10-21
197398,T0057732  ,Assumed Name,LUK'S GENERAL STORE,,MAPLE STREET,,WATERBURY CTR,VT,05677,MAPLE STREET,,WATERBURY CTR,VT,05677,Vermont,,,,,,,1983-09-07,Inactive - Expired,,,,,,,1993-11-06
197709,T0096156  ,Assumed Name,MANCHESTER COUNTRY STORE,,"MAIN ST., ROUTE 7A",,MANCHESTER CTR,VT,05255,"MAIN ST., ROUTE 7A",,MANCHESTER CTR,VT,05255,Vermont,,,,,,,1994-01-10,Inactive - Expired,,,,,,,2004-03-11
197939,T0057813  ,Assumed Name,SOUTH NEWFANE GENERAL STORE,,,,S. NEWFANE,VT,05351,,,S. NEWFANE,VT,05351,Vermont,,,,,,,1983-09-20,Inactive - Expired,,,,,,,1993-11-19
197973,T0057848  ,Assumed Name,PICKLES 'N' TEA GENERAL STORE,,RT 7,,FERRISBURG,VT,05456,RT 7,,FERRISBURG,VT,05456,Vermont,,,,,,,1983-09-23,Inactive - Expired,,,,,,,1993-11-22
198437,T0174633  ,Assumed Name,AUNT VICKY'S COUNTRY STORE,,,,E CALAIS,VT,     ,,,E CALAIS,VT,     ,Vermont,,,,,,,2012-02-28,Inactive - Expired,,,,,,,2017-04-28
198469,T0174665  ,Assumed Name,BILLMONT'S COUNTRY STORE,445120-Convenience Stores,544 MAIN ROAD,,Stamford,VT,05352,544 MAIN ROAD,,Stamford,VT,05352,Vermont,,,,,,,2012-03-01,Inactive - Expired,2017-03-22,,,,,,2022-04-30
198707,T0133587  ,Assumed Name,HOME STORE OF MANCHESTER  THE,,162 ELM STREET,,MANCHESTER CTR,VT,05255,162 ELM STREET,,MANCHESTER CTR,VT,05255,Vermont,,,,,,,2003-03-14,Inactive - Expired,,,,,,,2013-05-13
198708,T0133588  ,Assumed Name,HOME STORE OF STRATTON  THE,,,,STRATTON,VT,05155,,,STRATTON,VT,05155,Vermont,,,,,,,2003-03-14,Inactive - Expired,,,,,,,2013-05-13
198726,T0133606  ,Assumed Name,GRANITEVILLE GENERAL STORE,,652 GRANITEVILLE RD,,GRANITEVILLE,VT,05654,652 GRANITEVILLE RD,,GRANITEVILLE,VT,05654,Vermont,,,,,,,2003-03-17,Inactive - Expired,,,,,,,2013-05-16
198907,T0096424  ,Assumed Name,HOLDEN GENERAL STORE,,,,CHITTENDEN,VT,     ,,,CHITTENDEN,VT,     ,Vermont,,,,,,,1994-02-03,Inactive - Expired,,,,,,,2004-04-04
198929,T0096446  ,Assumed Name,SOUTH NEWFANE GENERAL STORE,,E. DOVER RD.,,NEWFANE,VT,05351,E. DOVER RD.,,NEWFANE,VT,05351,Vermont,,,,,,,1994-02-04,Inactive - Expired,,,,,,,2004-04-05
198965,T0096482  ,Assumed Name,MOSCOW GENERAL STORE,,POB 959,,STOWE,VT,05672,POB 959,,STOWE,VT,05672,Vermont,,,,,,,1994-02-08,Inactive - Expired,,,,,,,2004-04-09
199108,T0174839  ,Assumed Name,SIMON'S ESSEX CENTER STORE & DELI,,,,ESSEX,VT,     ,,,ESSEX,VT,     ,Vermont,,,,,,,2012-03-16,Inactive - Expired,,,,,,,2017-05-15
199126,T0174857  ,Assumed Name,"WILLIAMS,S COUNTRY STORE",,409 DENSMORE RD,,CAVENDISH,VT,05142,409 DENSMORE RD,,CAVENDISH,VT,05142,Vermont,,,,,,,2012-03-19,Inactive - Expired,,,,,,,2017-05-18
199274,T0058219  ,Assumed Name,MCFEETERS GENERAL STORE,,213 MAIN ST.,,E. HARDWICK,VT,05836,213 MAIN ST.,,E. HARDWICK,VT,05836,Vermont,,,,,,,1993-11-17,Inactive - Expired,,,,,,,2004-01-17
199912,T0096654  ,Assumed Name,MT. HOLLY COUNTRY STORE,,RT. 103,,MT. HOLLY,VT,     ,RT. 103,,MT. HOLLY,VT,     ,Vermont,,,,,,,1994-02-23,Inactive - Expired,,,,,,,2004-04-24
200163,T0133958  ,Assumed Name,TRUE'S COUNTRY STORE & DELI,,,,BENNINGTON,VT,05201,,,BENNINGTON,VT,05201,Vermont,,,,,,,2003-04-10,Inactive - Expired,,,,,,,2013-06-09
200382,T0058398  ,Assumed Name,GRANVILLE COUNTRY STORE,,RTE 100,,GRANVILLE,VT,05747,RTE 100,,GRANVILLE,VT,05747,Vermont,,,,,,,1983-12-09,Inactive - Expired,,,,,,,1994-02-07
200534,T0096811  ,Assumed Name,PLAINFIELD GENERAL STORE,,POB 296,,PLAINFIELD,VT,05667,POB 296,,PLAINFIELD,VT,05667,Vermont,,,,,,,1994-03-08,Inactive - Expired,,,,,,,2004-05-07
200610,T0096887  ,Assumed Name,FAIRLEE GENERAL STORE,,50 MAIN ST.,,FAIRLEE,VT,05045,50 MAIN ST.,,FAIRLEE,VT,05045,Vermont,,,,,,,1994-03-15,Inactive - Expired,,,,,,,2004-05-14
200616,T0096893  ,Assumed Name,ESDEN FLORIST AND COUNTRY STORE,,,,FAIRFIELD,VT,     ,,,FAIRFIELD,VT,     ,Vermont,,,,,,,1994-03-16,Inactive - Expired,2009-06-15,,,,,,2014-08-14
200948,T0175284  ,Assumed Name,THE EAST CALAIS GENERAL STORE,,,,EAST CALAIS,VT,     ,,,EAST CALAIS,VT,     ,Vermont,,,,,,,2012-04-23,Inactive - Expired,,,,,,,2017-06-22
201004,T0058555  ,Assumed Name,BOLTON STORE (THE),,RT 2,,BOLTON,VT,05477,RT 2,,BOLTON,VT,05477,Vermont,,,,,,,1984-01-04,Inactive - Expired,,,,,,,1994-03-05
201360,T0134225  ,Assumed Name,WEST CHARLESTON CORNER STORE,,PO BOX 23,,W CHARLESTON,VT,05872,PO BOX 23,,W CHARLESTON,VT,05872,Vermont,,,,,,,2003-04-28,Inactive - Expired,,,,,,,2013-06-27
201480,T0058721  ,Assumed Name,QUINTIN COUNTRY STORE,,RFD1,,HANKSVILLE,VT,05487,RFD1,,HANKSVILLE,VT,05487,Vermont,,,,,,,1984-01-24,Inactive - Expired,,,,,,,1994-03-25
201516,T0058757  ,Assumed Name,HOOTING OWL COUNTRY STORE (THE),,"RR1, BOX 517/RT 314",,GRAND ISLE,VT,05458,"RR1, BOX 517/RT 314",,GRAND ISLE,VT,05458,Vermont,,,,,,,1984-01-30,Inactive - Expired,,,,,,,1994-03-31
201723,T0175439  ,Assumed Name,JERUSALEM CORNERS COUNTRY STORE,,1858 VT RTE 17,,STARKSBORO,VT,05487,1858 VT RTE 17,,STARKSBORO,VT,05487,Vermont,,,,,,,2012-05-04,Inactive - Expired,,,,,,,2017-07-03
201824,T0097171  ,Assumed Name,HUB'S COUNTRY STORE AND DELI,,ROUTE 133,,CLARENDON,VT,05777,ROUTE 133,,CLARENDON,VT,05777,Vermont,,,,,,,1994-04-07,Inactive - Expired,,,,,,,2004-06-06
201893,T0097240  ,Assumed Name,GRANITEVILLE GENERAL STORE,,MAIN ST.,,GRANITEVILLE,VT,     ,MAIN ST.,,GRANITEVILLE,VT,     ,Vermont,,,,,,,1994-04-13,Inactive - Expired,,,,,,,2004-06-12
202078,T0134478  ,Assumed Name,LAKE PARKER COUNTRY STORE,,PO BOX 3,,WEST GLOVER,VT,05875,PO BOX 3,,WEST GLOVER,VT,05875,Vermont,,,,,,,2003-05-16,Inactive - Expired,2013-06-14,,,,,,2018-08-13
202183,T0058959  ,Assumed Name,SANDI'S COUNTRY STORE,,90 A FRISBEE HILL,,CASTLETON,VT,05735,90 A FRISBEE HILL,,CASTLETON,VT,05735,Vermont,,,,,,,1984-02-23,Inactive - Expired,,,,,,,1994-04-24
202211,T0058988  ,Assumed Name,UNDERHILL GENERAL STORE,,,,UNDERHILL CTR.,VT,05490,,,UNDERHILL CTR.,VT,05490,Vermont,,,,,,,1984-02-27,Inactive - Expired,,,,,,,1994-04-28
202237,T0175488  ,Assumed Name,MANCHESTER MUSIC STORE,,,,MANCHESTER,VT,     ,,,MANCHESTER,VT,     ,Vermont,,,,,,,2012-05-09,Inactive - Expired,,,,,,,2017-07-08
202282,T0175533  ,Assumed Name,THE VERMONT VINTAGE COUNTRY STORE,,,,NORTH POWNAL,VT,     ,,,NORTH POWNAL,VT,     ,Vermont,,,,,,,2012-05-11,Inactive - Cessated,,,,,,,2017-07-10
202668,T0134603  ,Assumed Name,LITTLE OTTER GENERAL STORE,,2707 ROUTE 7,,FERRISBURGH,VT,05456,2707 ROUTE 7,,FERRISBURGH,VT,05456,Vermont,,,,,,,2003-05-28,Inactive - Expired,,,,,,,2013-07-27
203104,T0097521  ,Assumed Name,COON'S COUNTRY STORE,,,,CASTLETON,VT,     ,,,CASTLETON,VT,     ,Vermont,,,,,,,1994-05-05,Inactive - Expired,,,,,,,2004-07-04
203138,T0097555  ,Assumed Name,ADDISON FOUR CORNERS STORE,,,,ADDISON,VT,     ,,,ADDISON,VT,     ,Vermont,,,,,,,1994-05-09,Inactive - Expired,,,,,,,2004-07-08
203160,T0097577  ,Assumed Name,WILLIAMSTOWN GENERAL STORE,,POB 554,,WILLIAMSTOWN,VT,05679,POB 554,,WILLIAMSTOWN,VT,05679,Vermont,,,,,,,1994-05-09,Inactive - Expired,,,,,,,2004-07-08
203480,T0175801  ,Assumed Name,VERMONT COUNTRY STORE,452319-All Other General Merchandise Stores,5650 MAIN STREET,,MANCHESTER CTR,VT,05255,5650 MAIN STREET,,MANCHESTER CTR,VT,05255,Vermont,,,,,,,2012-06-08,Active - Registered,2022-06-23,,,,,,2027-06-08
203600,T0175921  ,Assumed Name,CROSS COUNTRY STORE,,,,NEWARK,VT,     ,,,NEWARK,VT,     ,Vermont,,,,,,,2012-06-20,Inactive - Expired,,,,,,,2017-08-19
203644,T0097596  ,Assumed Name,GREENSBORO BEND STORE,,POB 177,,GREENSBORO BND,VT,05842,POB 177,,GREENSBORO BND,VT,05842,Vermont,,,,,,,1994-05-11,Inactive - Expired,,,,,,,2004-07-10
203687,T0097639  ,Assumed Name,STARKSBORO COUNTRY STORE,,,,STARKSBORO,VT,     ,,,STARKSBORO,VT,     ,Vermont,,,,,,,1994-05-13,Inactive - Expired,,,,,,,2004-07-12
203948,T0059332  ,Assumed Name,BRADFORD VILLAGE STORE,,MAIN ST.,,BRADFORD,VT,05033,MAIN ST.,,BRADFORD,VT,05033,Vermont,,,,,,,1984-04-04,Inactive - Expired,,,,,,,1994-06-04
203993,T0059377  ,Assumed Name,SNOWSVILLE GENERAL STORE,,ROUTE 12,,EAST BRAINTREE,VT,05060,ROUTE 12,,EAST BRAINTREE,VT,05060,Vermont,,,,,,,1984-04-06,Inactive - Expired,,,,,,,1994-06-06
204028,T0059412  ,Assumed Name,TOWNSHEND CORNER STORE (THE),,MAIN ST.,,TOWNSHEND,VT,05353,MAIN ST.,,TOWNSHEND,VT,05353,Vermont,,,,,,,1984-04-11,Inactive - Expired,,,,,,,1994-06-11
204115,T0175971  ,Assumed Name,THE LITTLE STORE AT CLARENDON SPRINGS,,,,CLARENDON SPRI,VT,     ,,,CLARENDON SPRI,VT,     ,Vermont,,,,,,,2012-06-25,Inactive - Expired,,,,,,,2017-08-24
204346,T0097833  ,Assumed Name,BARNARD GENERAL STORE,,ROUTE 12,,BARNARD,VT,05031,ROUTE 12,,BARNARD,VT,05031,Vermont,,,,,,,1994-06-02,Inactive - Expired,,,,,,,2004-08-01
204369,T0097856  ,Assumed Name,WHITING COUNTRY STORE,,,,WHITING,VT,     ,,,WHITING,VT,     ,Vermont,,,,,,,1994-06-03,Inactive - Expired,,,,,,,2004-08-02
204631,T0059550  ,Assumed Name,TINMOUTH STORE (THE),,STATE AID ROAD,,TINMOUTH,VT,05773,STATE AID ROAD,,TINMOUTH,VT,05773,Vermont,,,,,,,1984-04-26,Inactive - Expired,,,,,,,1994-06-26
204664,T0059583  ,Assumed Name,GRAND ISLE STORE,,RTE 2,,GRAND ISLE,VT,05458,RTE 2,,GRAND ISLE,VT,05458,Vermont,,,,,,,1984-05-01,Inactive - Expired,,,,,,,1994-07-01
204677,T0059596  ,Assumed Name,TIM'S COUNTRY STORE,,"BOX 6, BRIDGE ST.",,SHELDON CREEK,VT,05483,"BOX 6, BRIDGE ST.",,SHELDON CREEK,VT,05483,Vermont,,,,,,,1984-05-01,Inactive - Expired,,,,,,,1994-07-01
204797,T0176188  ,Assumed Name,BARNARD GENERAL STORE,454390-Other Direct Selling Establishments,6134 VT RTE 12,,BARNARD,VT,05031,PO BOX 262,,BARNARD,VT,05031,Vermont,,,,,,,2012-07-19,Inactive - Expired,2017-08-11,,,,,,2022-09-17
204909,T0097931  ,Assumed Name,"VILLAGE STORE OF SHELBURNE, THE",,2088 SPEAR ST.,,SHELBURNE,VT,05482,2088 SPEAR ST.,,SHELBURNE,VT,05482,Vermont,,,,,,,1994-06-09,Inactive - Expired,,,,,,,2004-08-08
205097,T0135173  ,Assumed Name,ALBANY GENERAL STORE,,,,ALBANY,VT,     ,,,ALBANY,VT,     ,Vermont,,,,,,,2003-07-11,Inactive - Expired,,,,,,,2013-09-09
205218,T0059672  ,Assumed Name,WHETSTONE GENERAL STORE,,414 WESTERN AVE.,,BRATTLEBORO,VT,05301,414 WESTERN AVE.,,BRATTLEBORO,VT,05301,Vermont,,,,,,,1984-05-09,Inactive - Expired,,,,,,,1994-07-09
205239,T0059693  ,Assumed Name,WAYSIDE COUNTRY STORE,,,,ARLINGTON,VT,05250,,,ARLINGTON,VT,05250,Vermont,,,,,,,1994-04-28,Inactive - Expired,,,,,,,2004-06-27
205245,T0059699  ,Assumed Name,LAKE PARKER COUNTRY STORE,,BOX 66,,WEST GLOVER,VT,05875,BOX 66,,WEST GLOVER,VT,05875,Vermont,,,,,,,1984-05-14,Inactive - Expired,,,,,,,1994-07-14
205313,T0059767  ,Assumed Name,WEEKS GENERAL STORE,,RTE 5,,WESTMINSTER,VT,05158,RTE 5,,WESTMINSTER,VT,05158,Vermont,,,,,,,1984-05-21,Inactive - Expired,,,,,,,1994-07-21
205317,T0059771  ,Assumed Name,UNDERHILL COUNTRY STORE,,PO BX 55,,UNDERHILL CTR,VT,05490,PO BX 55,,UNDERHILL CTR,VT,05490,Vermont,,,,,,,1994-05-03,Inactive - Expired,,,,,,,2004-07-02
205728,T0135339  ,Assumed Name,MAD RIVER COUNTRY STORE,,164 WHITE PINE DR,,WAITSFIELD,VT,05673,164 WHITE PINE DR,,WAITSFIELD,VT,05673,Vermont,,,,,,,2003-07-25,Inactive - Expired,,,,,,,2013-09-23
205729,T0135340  ,Assumed Name,MAD RIVER GENERAL STORE,,164 WHITE PINE DR,,WAITSFIELD,VT,05673,164 WHITE PINE DR,,WAITSFIELD,VT,05673,Vermont,,,,,,,2003-07-25,Inactive - Expired,,,,,,,2013-09-23
205813,T0059802  ,Assumed Name,TEAGO GENERAL STORE,,,,S POMFRET,VT,05067,,,S POMFRET,VT,05067,Vermont,,,,,,,1984-05-24,Inactive - Expired,,,,,,,1994-07-24
205852,T0059841  ,Assumed Name,BENSON VILLAGE STORE,,STAGE ROAD,,BENSON,VT,05731,STAGE ROAD,,BENSON,VT,05731,Vermont,,,,,,,1984-05-31,Inactive - Expired,,,,,,,1994-07-31
206006,T0098254  ,Assumed Name,E & V COUNTRY STORE,,,,NEWARK,,,,,NEWARK,,,,,,,,,,1994-07-12,Inactive - Expired,,,,,,,2004-09-10
206011,T0098259  ,Assumed Name,PUTNEY GENERAL STORE,,"RFD 3, BOX 676",,PUTNEY,VT,05346,"RFD 3, BOX 676",,PUTNEY,VT,05346,Vermont,,,,,,,1994-07-12,Inactive - Expired,,,,,,,2004-09-10
206399,T0135545  ,Assumed Name,JERUSALEM CORNERS COUNTRY STORE,,,,STARKSBORO,VT,     ,,,STARKSBORO,VT,     ,Vermont,,,,,,,2003-08-11,Inactive - Expired,,,,,,,2013-10-10
206478,T0060002  ,Assumed Name,MUGUIRA'S HILL SIDE STORE,,SEAVERS BROOK RD.,,SPRINGFIELD,VT,05156,SEAVERS BROOK RD.,,SPRINGFIELD,VT,05156,Vermont,,,,,,,1984-06-14,Inactive - Expired,,,,,,,1994-08-14
206508,T0060032  ,Assumed Name,RENY'S OLD TIME COUNTRY STORE,,407 WOODSTOCK RD.,,HARTFORD,VT,05001,407 WOODSTOCK RD.,,HARTFORD,VT,05001,Vermont,,,,,,,1984-06-19,Inactive - Expired,,,,,,,1994-08-19
206659,T0098442  ,Assumed Name,COUNTRY STORE FUDGE,,,,SHELBURNE,VT,     ,,,SHELBURNE,VT,     ,Vermont,,,,,,,1994-07-29,Inactive - Expired,,,,,,,2004-09-27
206660,T0098443  ,Assumed Name,COUNTRY STORE ICE CREAM,,,,SHELBURNE,VT,     ,,,SHELBURNE,VT,     ,Vermont,,,,,,,1994-07-29,Inactive - Expired,,,,,,,2004-09-27
206959,T0060173  ,Assumed Name,SHELBURNE COUNTRY STORE,,SHELBURNE FALLS RD.,,SHELBURNE,VT,05482,SHELBURNE FALLS RD.,,SHELBURNE,VT,05482,Vermont,,,,,,,1984-07-10,Inactive - Expired,,,,,,,1994-09-09
207025,T0060239  ,Assumed Name,CRAFTSBURY CORNER STORE,,"JCT OF RDS 3,22,61",,CRAFTSBURY,VT,05828,"JCT OF RDS 3,22,61",,CRAFTSBURY,VT,05828,Vermont,,,,,,,1984-07-19,Inactive - Expired,,,,,,,1994-09-18
207165,T0135691  ,Assumed Name,HISTORICA CRAFTSBURY GENERAL STORE,,118 CRAFTSBURY RD,,CRAFTSBURY,VT,05826,118 CRAFTSBURY RD,,CRAFTSBURY,VT,05826,Vermont,,,,,,,2003-08-25,Inactive - Expired,,,,,,,2013-10-24
207204,T0098522  ,Assumed Name,GENERAL STORE OF BARTON,,215 MAIN ST.,,BARTON,VT,05822,215 MAIN ST.,,BARTON,VT,05822,Vermont,,,,,,,1994-08-05,Inactive - Expired,,,,,,,2004-10-04
207281,T0098599  ,Assumed Name,"DORSET COUNTRY STORE, THE",,138 WEST ST.,,RUTLAND,VT,05701,138 WEST ST.,,RUTLAND,VT,05701,Vermont,,,,,,,1994-08-12,Inactive - Expired,,,,,,,2004-10-11
207311,T0098629  ,Assumed Name,MIDDLEBURY COUNTRY STORE,,,,MIDDLEBURY,VT,     ,,,MIDDLEBURY,VT,     ,Vermont,,,,,,,1994-08-17,Inactive - Expired,,,,,,,2004-10-16
207615,T0060364  ,Assumed Name,ALBANY COUNTRY STORE,,MAIN ST./BOX 218,,ALBANY,VT,05820,MAIN ST./BOX 218,,ALBANY,VT,05820,Vermont,,,,,,,1984-08-06,Inactive - Expired,,,,,,,1994-10-06
207699,T0135760  ,Assumed Name,CENTER GENERAL STORE  THE,,,,WATERBURY CTR,VT,05677,,,WATERBURY CTR,VT,05677,Vermont,,,,,,,2003-08-28,Inactive - Expired,,,,,,,2013-10-27
208132,T0060416  ,Assumed Name,VERGENNES DISCOUNT STORE,,196 MAIN ST.,,VERGENNES,VT,05491,196 MAIN ST.,,VERGENNES,VT,05491,Vermont,,,,,,,1984-08-10,Inactive - Expired,,,,,,,1994-10-10
208239,T0060523  ,Assumed Name,O.J. COUNTRY STORE,,ROUTE 302,,ORANGE,VT,05649,ROUTE 302,,ORANGE,VT,05649,Vermont,,,,,,,1987-08-14,Inactive - Expired,,,,,,,1997-10-13
208303,T0135899  ,Assumed Name,HINESBURG GENERAL STORE,,PO BOX 510,,HINESBURG,VT,05461,PO BOX 510,,HINESBURG,VT,05461,Vermont,,,,,,,2003-09-02,Inactive - Expired,,,,,,,2013-11-01
208332,T0135928  ,Assumed Name,WHEELOCK VILLAGE STORE,,1311 ROUTE 122,,WHEELOCK,VT,05851,1311 ROUTE 122,,WHEELOCK,VT,05851,Vermont,,,,,,,2003-09-12,Inactive - Expired,,,,,,,2013-11-11
208365,T0135961  ,Assumed Name,MAURAIS GENERAL STORE,,,,BEECHER FALLS,VT,05902,,,BEECHER FALLS,VT,05902,Vermont,,,,,,,2003-09-16,Inactive - Expired,,,,,,,2013-11-15
208542,T0098930  ,Assumed Name,SIMON'S BERLIN STORE,,,,BERLIN,VT,     ,,,BERLIN,VT,     ,Vermont,,,,,,,1994-09-15,Inactive - Expired,,,,,,,2004-11-14
208619,T0060593  ,Assumed Name,IKE'S COUNTRY STORE,,E. RICHFORD,,RICHFORD,VT,05476,E. RICHFORD,,RICHFORD,VT,05476,Vermont,,,,,,,1984-08-31,Inactive - Expired,,,,,,,1994-10-31
208659,T0060633  ,Assumed Name,LOWELL'S CORNER STORE,,216 RAILROAD,,ST. JOHNSBURY,VT,05819,216 RAILROAD,,ST. JOHNSBURY,VT,05819,Vermont,,,,,,,1994-10-18,Inactive - Expired,,,,,,,2004-12-17
208832,T0177124  ,Assumed Name,SHELBURNE COUNTRY STORE,"453220-Gift, Novelty, and Souvenir Stores",29 Falls Rd,,SHELBURNE,VT,05482,29 Falls Rd,,SHELBURNE,VT,05482,Vermont,,,,,,,2012-10-23,Inactive - Cessated,2017-10-27,,,,,,2022-12-22
208947,T0136078  ,Assumed Name,ALBANY COUNTRY STORE,,,,ALBANY,VT,     ,,,ALBANY,VT,     ,Vermont,,,,,,,2003-09-18,Inactive - Expired,,,,,,,2013-11-17
209158,T0099081  ,Assumed Name,SIMON'S MONTPELIER STORE & DELI,,,,MONTPELIER,VT,     ,,,MONTPELIER,VT,     ,Vermont,,,,,,,1994-09-29,Inactive - Expired,,,,,,,2004-11-28
209294,T0060803  ,Assumed Name,WAYNE'S COUNTRY STORE,,RTE 118,,MONTGOMERY,VT,05470,RTE 118,,MONTGOMERY,VT,05470,Vermont,,,,,,,1984-09-26,Inactive - Expired,,,,,,,1994-11-26
210110,T0177463  ,Assumed Name,WEST WARDSBORO STORE,445110-Supermarkets and Other Grocery (except Convenience) Stores,625 RTE 30,,TOWNSHEND,VT,05353,PO Box 165,,West Wardsboro,VT,05360,Vermont,,,,,,,2012-11-29,Inactive - Expired,2017-12-29,,,,,,2023-01-28
210119,T0177471  ,Assumed Name,EAST DOVER GENERAL STORE,,PO BOX 16-4 NORTH ST,,EAST DOVER,VT,05341,PO BOX 16-4 NORTH ST,,EAST DOVER,VT,05341,Vermont,,,,,,,2012-11-30,Inactive - Expired,,,,,,,2018-01-29
210164,T0136365  ,Assumed Name,MESSIER'S GENERAL STORE,,PO BOX 240,,E RANDOLPH,VT,05041,PO BOX 240,,E RANDOLPH,VT,05041,Vermont,,,,,,,2003-10-20,Inactive - Expired,,,,,,,2013-12-19
210485,T0061064  ,Assumed Name,BAKERSFIELD GENERAL STORE,,RT 108,,BAKERSFIELD,VT,05450,RT 108,,BAKERSFIELD,VT,05450,Vermont,,,,,,,1984-10-26,Inactive - Expired,,,,,,,1994-12-26
210893,T0136629  ,Assumed Name,KILGORE'S GENERAL STORE,,PO BOX 420,,MONTGOMERY CTR,VT,05471,PO BOX 420,,MONTGOMERY CTR,VT,05471,Vermont,,,,,,,2003-11-06,Inactive - Expired,,,,,,,2014-01-05
210971,T0099499  ,Assumed Name,GRANVILLE COUNTRY STORE,,RT. 100,,GRANVILLE,VT,05747,RT. 100,,GRANVILLE,VT,05747,Vermont,,,,,,,1994-11-04,Inactive - Expired,,,,,,,2005-01-03
211621,T0099684  ,Assumed Name,BROOKSIDE COUNTRY STORE,,,,BARRE,VT,     ,,,BARRE,VT,     ,Vermont,,,,,,,1994-11-28,Inactive - Expired,,,,,,,2005-01-27
211746,T0061395  ,Assumed Name,TWIN BROOK MOTEL & GENERAL STORE,,"HCR 65, RT. 9",,WOODFORD,VT,05201,"HCR 65, RT. 9",,WOODFORD,VT,05201,Vermont,,,,,,,1994-12-06,Inactive - Expired,,,,,,,2005-02-04
211984,T0177934  ,Assumed Name,FALLS GENERAL STORE,445110-Supermarkets and Other Grocery (except Convenience) Stores,7 COX BROOK RD,,NORTHFIELD FAL,VT,05664,"P. O. Box 515, 5031 Main Street",,Waitsfield,VT,05673,Vermont,,,,,,,2013-01-24,Active - Registered,2023-02-27,,,,,,2028-01-25
212090,T0136897  ,Assumed Name,CHIPPENHOOK GENERAL STORE,,13 OLD MILL RD,,ARLINGTON,VT,05250,13 OLD MILL RD,,ARLINGTON,VT,05250,Vermont,,,,,,,2003-12-01,Inactive - Expired,,,,,,,2014-01-30
212094,T0136901  ,Assumed Name,AL'S OLD TIME COUNTRY STORE,,,,HARTFORD,VT,05048,,,HARTFORD,VT,05048,Vermont,,,,,,,2003-12-02,Inactive - Expired,,,,,,,2014-01-31
212165,T0099763  ,Assumed Name,SOUTH NEWFANE GENERAL STORE,,POB 11,,SO. NEWFANE,VT,05351,POB 11,,SO. NEWFANE,VT,05351,Vermont,,,,,,,1994-12-02,Inactive - Expired,,,,,,,2005-01-31
212173,T0099771  ,Assumed Name,CRAFTSBURY CORNER STORE,,"RR 1, BOX 195",,CRAFTSBURY,VT,05826,"RR 1, BOX 195",,CRAFTSBURY,VT,05826,Vermont,,,,,,,1994-12-05,Inactive - Expired,,,,,,,2005-02-03
212291,T0099889  ,Assumed Name,BURNHAM HOLLOW COUNTRY STORE,,"RD 3, BOX 7345",,MENDON,VT,05701,"RD 3, BOX 7345",,MENDON,VT,05701,Vermont,,,,,,,1994-12-15,Inactive - Expired,,,,,,,2005-02-13
212293,T0099891  ,Assumed Name,DEREK'S COUNTRY STORE,,,,CABOT,VT,     ,,,CABOT,VT,     ,Vermont,,,,,,,1994-12-15,Inactive - Expired,,,,,,,2005-02-13
212370,T0061554  ,Assumed Name,TEWKSBURY'S COUNTRY STORE,,2 WESTON STREET,,RANDOLPH,VT,05060,2 WESTON STREET,,RANDOLPH,VT,05060,Vermont,,,,,,,1985-01-02,Inactive - Expired,,,,,,,1995-03-04
212381,T0061565  ,Assumed Name,SHAFTSBURY COUNTRY STORE,,RTE 7A,,SHAFTSBURY,VT,05262,RTE 7A,,SHAFTSBURY,VT,05262,Vermont,,,,,,,1985-01-04,Inactive - Expired,,,,,,,1995-03-06
212491,T0177975  ,Assumed Name,HASGAS GENERAL STORE,445120-Convenience Stores,1567 ROUTE 30,,DORSET,VT,05251,1567 ROUTE 30,,DORSET,VT,05251,Vermont,,,,,,,2013-01-28,Active - Registered,2023-03-22,,,,,,2028-01-29
212642,T0136986  ,Assumed Name,SHOREHAM COUNTRY STORE,,51 INN ROAD,,SHOREHAM,VT,05770,51 INN ROAD,,SHOREHAM,VT,05770,Vermont,,,,,,,2003-12-08,Inactive - Expired,,,,,,,2014-02-06
213087,T0137119  ,Assumed Name,OTTAUQUECHEE COUNTRY STORE,,,,HARTFORD,VT,05047,,,HARTFORD,VT,05047,Vermont,,,,,,,2003-12-22,Inactive - Expired,,,,,,,2014-02-20
213508,T0100176  ,Assumed Name,COUNTRY STORE FUDGE,,SHELBURNE FALLS RD.,,SHELBURNE,VT,05482,SHELBURNE FALLS RD.,,SHELBURNE,VT,05482,Vermont,,,,,,,1995-01-17,Inactive - Expired,,,,,,,2005-03-18
213509,T0100177  ,Assumed Name,COUNTRY STORE ICE CREAM,,SHELBURNE FALLS RD.,,SHELBURNE,VT,05482,SHELBURNE FALLS RD.,,SHELBURNE,VT,05482,Vermont,,,,,,,1995-01-17,Inactive - Expired,,,,,,,2005-03-18
213510,T0100178  ,Assumed Name,SHELBURNE COUNTRY STORE,,SHELBURNE FALLS RD.,,SHELBURNE,VT,05482,SHELBURNE FALLS RD.,,SHELBURNE,VT,05482,Vermont,,,,,,,1995-01-17,Inactive - Expired,,,,,,,2005-03-18
213615,T0061876  ,Assumed Name,KEN'S GENERAL STORE,,"ROUTE 110, BOX 65",,N TUNBRIDGE,VT,05077,"ROUTE 110, BOX 65",,N TUNBRIDGE,VT,05077,Vermont,,,,,,,1985-02-07,Inactive - Expired,,,,,,,1995-04-09
213639,T0061900  ,Assumed Name,ED'S COUNTRY STORE,,US RTE 7,,RUTLAND TOWN,VT,05701,US RTE 7,,RUTLAND TOWN,VT,05701,Vermont,,,,,,,1985-02-11,Inactive - Expired,,,,,,,1995-04-13
213644,T0061905  ,Assumed Name,MAPLE VALLEY COUNTRY STORE,,ROUTE 2,,PLAINFIELD,VT,05667,ROUTE 2,,PLAINFIELD,VT,05667,Vermont,,,,,,,1985-02-11,Inactive - Expired,,,,,,,1995-04-13
213696,T0061957  ,Assumed Name,FRANKLIN GENERAL STORE,,,,FRANKLIN,VT,05457,,,FRANKLIN,VT,05457,Vermont,,,,,,,1995-03-15,Inactive - Expired,,,,,,,2005-05-14
214355,T0137570  ,Assumed Name,MONTPELIER VERMONT COUNTRY STORE  THE,,1014 TERRACE ST,,MONTPELIER,VT,05602,1014 TERRACE ST,,MONTPELIER,VT,05602,Vermont,,,,,,,2004-01-28,Inactive - Expired,,,,,,,2014-03-29
214826,T0137731  ,Assumed Name,HARBOR VIEW GENERAL STORE,,,,CASTLETON,VT,05735,,,CASTLETON,VT,05735,Vermont,,,,,,,2004-02-11,Inactive - Expired,,,,,,,2014-04-12
214905,T0062343  ,Assumed Name,E. L. CARTER - COUNTRY STORE,,ROUTE 100,,NEWPORT CTR.,VT,05857,ROUTE 100,,NEWPORT CTR.,VT,05857,Vermont,,,,,,,1985-03-26,Inactive - Expired,,,,,,,1995-05-26
215159,T0137754  ,Assumed Name,LITTLE COUNTRY STORE & DELI  THE,,,,ST JOHNSBURY,VT,05819,,,ST JOHNSBURY,VT,05819,Vermont,,,,,,,2004-02-05,Inactive - Expired,,,,,,,2014-04-06
215395,T0062523  ,Assumed Name,"TYSON GENERAL STORE, THE",,ROUTE 100,,LUDLOW,VT,05149,ROUTE 100,,LUDLOW,VT,05149,Vermont,,,,,,,1985-04-09,Inactive - Expired,,,,,,,1995-06-09
215748,T0062721  ,Assumed Name,SHOREHAM INN & COUNTRY STORE,,"RT 74, MAIN ST.",,SHOREHAM,VT,05770,"RT 74, MAIN ST.",,SHOREHAM,VT,05770,Vermont,,,,,,,1985-04-29,Inactive - Expired,,,,,,,1995-06-29
215805,T0137935  ,Assumed Name,NORTHFIELD FALLS GENERAL STORE,,,,NORTHFIELD FAL,VT,05664,,,NORTHFIELD FAL,VT,05664,Vermont,,,,,,,2004-02-25,Inactive - Expired,,,,,,,2014-04-26
215905,T0138035  ,Assumed Name,VERMONT GENERAL & COUNTRY STORE SPECIALISTS,,PO BOX 514,,RUTLAND,VT,05702,PO BOX 514,,RUTLAND,VT,05702,Vermont,,,,,,,2004-03-04,Inactive - Expired,,,,,,,2009-05-03
215939,T0100860  ,Assumed Name,SNOWSVILLE GENERAL STORE,,,,BRAINTREE,VT,05060,,,BRAINTREE,VT,05060,Vermont,,,,,,,1995-03-06,Inactive - Expired,2010-04-09,,,,,,2015-06-08
216131,T0062794  ,Assumed Name,WAITS RIVER GENERAL STORE,,RT 25,,WAITS RIVER,VT,05086,RT 25,,WAITS RIVER,VT,05086,Vermont,,,,,,,1985-05-06,Inactive - Expired,,,,,,,1995-07-06
216143,T0062806  ,Assumed Name,LOWER CABOT GENERAL STORE,,STAR RTE/BOX 127,,MARSHFIELD,VT,05658,STAR RTE/BOX 127,,MARSHFIELD,VT,05658,Vermont,,,,,,,1985-05-07,Inactive - Expired,,,,,,,1995-07-07
216580,T0062933  ,Assumed Name,GRANITEVILLE GENERAL STORE,,MAIN ST.,,L GRANITEVILLE,VT,05654,MAIN ST.,,L GRANITEVILLE,VT,05654,Vermont,,,,,,,1985-05-20,Inactive - Expired,,,,,,,1995-07-20
216703,T0138213  ,Assumed Name,MARSHFIELD VILLAGE STORE,,1425 US RTE 2,,MARSHFIELD,VT,05658,1425 US RTE 2,,MARSHFIELD,VT,05658,Vermont,,,,,,,2004-03-17,Inactive - Expired,,,,,,,2009-05-16
216833,T0138343  ,Assumed Name,LUDLOW COUNTRY STORE,,471 ROUTE 103 SOUTH,,LUDLOW,VT,05149,471 ROUTE 103 SOUTH,,LUDLOW,VT,05149,Vermont,,,,,,,2004-03-26,Inactive - Expired,,,,,,,2009-05-25
216950,T0101251  ,Assumed Name,SOUTH RYEGATE VILLAGE STORE,,,,RYEGATE,VT,     ,,,RYEGATE,VT,     ,Vermont,,,,,,,1995-04-03,Inactive - Expired,,,,,,,2005-06-02
217107,T0063150  ,Assumed Name,NEW ENGLAND COUNTRY STORE MARKETING GROUP,,"RD 1, CHARLES CIRCLE",,SHELDON,VT,05483,"RD 1, CHARLES CIRCLE",,SHELDON,VT,05483,Vermont,,,,,,,1985-06-12,Inactive - Expired,,,,,,,1995-08-12
217164,T0138364  ,Assumed Name,MORRISTOWN CORNERS GENERAL STORE,,,,MORRISTOWN,VT,05661,,,MORRISTOWN,VT,05661,Vermont,,,,,,,2004-03-29,Inactive - Expired,,,,,,,2009-05-28
217257,T0138457  ,Assumed Name,BRISTOL COUNTRY STORE,,3191 VT RTE 116,,BRISTOL,VT,05443,3191 VT RTE 116,,BRISTOL,VT,05443,Vermont,,,,,,,2004-04-02,Inactive - Expired,,,,,,,2009-06-01
217347,T0101338  ,Assumed Name,HANSON'S COUNTRY STORE,,POB 7,,MONKTON,VT,05469,POB 7,,MONKTON,VT,05469,Vermont,,,,,,,1995-04-10,Inactive - Expired,,,,,,,2005-06-09
217350,T0101341  ,Assumed Name,HIDDEN MOUNTAIN DELI & GENERAL STORE,,,,MENDON,VT,     ,,,MENDON,VT,     ,Vermont,,,,,,,1995-04-10,Inactive - Expired,,,,,,,2005-06-09
217385,T0101376  ,Assumed Name,PUMPKIN PATCH COUNTRY STORE,,,,HUBBARDTON,VT,     ,,,HUBBARDTON,VT,     ,Vermont,,,,,,,1995-04-11,Inactive - Expired,,,,,,,2005-06-10
217486,T0063219  ,Assumed Name,CHARLIE'S GENERAL STORE,,U.S. RTE 7,,S. WALLINGFORD,VT,05773,U.S. RTE 7,,S. WALLINGFORD,VT,05773,Vermont,,,,,,,1985-06-20,Inactive - Expired,,,,,,,1995-08-20
217531,T0063264  ,Assumed Name,BILL'S COUNTRY STORE,,POB 164,,KILLINGTON,VT,05751,POB 164,,KILLINGTON,VT,05751,Vermont,,,,,,,1995-07-05,Inactive - Expired,2010-09-27,,,,,,2015-11-26
217674,T0138564  ,Assumed Name,SANBORNS COUNTRY STORE,,,,CASTLETON,VT,05735,,,CASTLETON,VT,05735,Vermont,,,,,,,2004-04-09,Inactive - Expired,,,,,,,2009-06-08
217966,T0063389  ,Assumed Name,NORTON COUNTRY STORE,,,,NORTON,VT,     ,,,NORTON,VT,     ,Vermont,,,,,,,1985-07-08,Inactive - Expired,,,,,,,1995-09-07
218073,T0063496  ,Assumed Name,FALLS GENERAL STORE,,RT 12/COX BROOK RD.,,NORTHFIELD FLS,VT,05664,RT 12/COX BROOK RD.,,NORTHFIELD FLS,VT,05664,Vermont,,,,,,,1985-07-19,Inactive - Expired,,,,,,,1995-09-18
218289,T0138714  ,Assumed Name,WEST TOPSHAM COUNTRY STORE,,,,TOPSHAM,VT,     ,,,TOPSHAM,VT,     ,Vermont,,,,,,,2004-04-21,Inactive - Expired,,,,,,,2009-06-20
218406,T0063519  ,Assumed Name,CAVENDISH GENERAL STORE,,MAIN ST./POBX 633,,CAVENDISH,VT,05142,MAIN ST./POBX 633,,CAVENDISH,VT,05142,Vermont,,,,,,,1985-07-23,Inactive - Expired,,,,,,,1995-09-22
218517,T0063630  ,Assumed Name,BATTEY'S GENERAL STORE AND HARDWARE,,PO BOX 216,,CHELSEA,VT,05038,PO BOX 216,,CHELSEA,VT,05038,Vermont,,,,,,,1985-08-01,Inactive - Expired,,,,,,,1995-10-01
218668,T0101886  ,Assumed Name,NORTH WOLCOTT COUNTRY STORE,,,,WOLCOTT,VT,     ,,,WOLCOTT,VT,     ,Vermont,,,,,,,1995-05-18,Inactive - Expired,,,,,,,2005-07-17
218703,T0101921  ,Assumed Name,MAHONEY'S GENERAL STORE,,POB 250,,ISLAND POND,VT,05846,POB 250,,ISLAND POND,VT,05846,Vermont,,,,,,,1995-05-22,Inactive - Expired,,,,,,,2005-07-21
218865,T0063668  ,Assumed Name,KAMUDA'S COUNTRY STORE,445110-Supermarkets and Other Grocery (except Convenience) Stores,MAIN STREET,,PITTSFORD,VT,05763,MAIN STREET,,PITTSFORD,VT,05763,Vermont,,,,,,,1995-08-08,Inactive - Cessated,2016-01-25,,,,,,2021-01-28
218894,T0063697  ,Assumed Name,JOHNSON'S MT. HOLLY COUNTRY STORE,,BELMONT ROAD,,MT. HOLLY,VT,05758,BELMONT ROAD,,MT. HOLLY,VT,05758,Vermont,,,,,,,1985-08-08,Inactive - Expired,,,,,,,1995-10-08
218980,T0063783  ,Assumed Name,JIM'S COUNTRY STORE,,"RT 107, I89 EXIT 3",,S. ROYALTON,VT,05068,"RT 107, I89 EXIT 3",,S. ROYALTON,VT,05068,Vermont,,,,,,,1985-08-20,Inactive - Expired,,,,,,,1995-10-20
219060,T0101968  ,Assumed Name,DUXBURY COUNTRY STORE,,,,DUXBURY,VT,     ,,,DUXBURY,VT,     ,Vermont,,,,,,,1995-05-24,Inactive - Expired,,,,,,,2005-07-23
219110,T0102018  ,Assumed Name,QUECHEE GORGE COUNTRY STORE,,POB 313,,QUECHEE,VT,05059,POB 313,,QUECHEE,VT,05059,Vermont,,,,,,,1995-05-26,Inactive - Expired,2005-06-13,,,,,,2010-08-12
219298,T0139103  ,Assumed Name,"JJ HAPGOOD COUNTRY STORE, DELI & PIZZA",,308 MAIN ST/POB 238,,PERU,VT,05152,308 MAIN ST/POB 238,,PERU,VT,05152,Vermont,,,,,,,2004-05-20,Inactive - Expired,,,,,,,2009-07-19
219552,T0102150  ,Assumed Name,ISLE LAMOTTE COUNTRY STORE,,PO BOX 22/68 SCHOOL,,ISLE LAMOTTE,VT,05463,PO BOX 22/68 SCHOOL,,ISLE LAMOTTE,VT,05463,Vermont,,,,,,,1995-06-08,Inactive - Expired,2005-06-10,,,,,,2010-08-09
219727,T0139222  ,Assumed Name,THETFORD CENTER VILLAGE STORE,,PO BOX 130,,THETFORD,VT,05074,PO BOX 130,,THETFORD,VT,05074,Vermont,,,,,,,2004-06-01,Inactive - Expired,,,,,,,2009-07-31
220005,T0102293  ,Assumed Name,WHEELOCK VILLAGE STORE,,,,WHEELOCK,VT,     ,,,WHEELOCK,VT,     ,Vermont,,,,,,,1995-06-19,Inactive - Expired,,,,,,,2005-08-18
220152,T0139337  ,Assumed Name,COUNTRY STORE THE,,,,MANCHESTER CTR,VT,     ,,,MANCHESTER CTR,VT,     ,Vermont,,,,,,,2007-06-10,Inactive - Expired,,,,,,,2012-08-08
220325,T0064199  ,Assumed Name,PITTSFORD VILLAGE STORE,,MAIN ST.,,PITTSFORD,VT,05763,MAIN ST.,,PITTSFORD,VT,05763,Vermont,,,,,,,1985-10-07,Inactive - Expired,,,,,,,1995-12-07
220355,T0064229  ,Assumed Name,"WHISTLE STOP GENERAL STORE, THE",,CORNER BURROWS RD/,,VERNON,VT,05354,CORNER BURROWS RD/,,VERNON,VT,05354,Vermont,,,,,,,1985-10-09,Inactive - Expired,,,,,,,1995-12-09
220479,T0102457  ,Assumed Name,WALDEN GENERAL STORE,,,,WALDEN,VT,     ,,,WALDEN,VT,     ,Vermont,,,,,,,1995-07-05,Inactive - Expired,,,,,,,2005-09-03
220513,T0102491  ,Assumed Name,ORLEANS GENERAL STORE,,,,ORLEANS,VT,     ,,,ORLEANS,VT,     ,Vermont,,,,,,,1995-07-10,Inactive - Expired,,,,,,,2005-09-08
220847,T0064411  ,Assumed Name,DANBY FOUR CORNERS STORE,,DANBY FOUR CORNERS,,DANBY,VT,05739,DANBY FOUR CORNERS,,DANBY,VT,05739,Vermont,,,,,,,1985-10-29,Inactive - Expired,,,,,,,1995-12-29
220996,T0102664  ,Assumed Name,WOLFFE'S PITTSFORD VILLAGE STORE,,"RR 2, BOX 2140",,PITTSFORD,VT,05763,"RR 2, BOX 2140",,PITTSFORD,VT,05763,Vermont,,,,,,,1995-07-24,Inactive - Expired,,,,,,,2005-09-22
221080,T0139645  ,Assumed Name,LBJ'S COUNTRY STORE,,44 WORCESTER VLG RD,,WORCESTER,VT,05682,44 WORCESTER VLG RD,,WORCESTER,VT,05682,Vermont,,,,,,,2004-07-08,Inactive - Expired,,,,,,,2009-09-06
221245,T0064500  ,Assumed Name,"TOWNSHEND CORNER STORE, THE",,ROUTE 30,,TOWNSHEND,VT,05353,ROUTE 30,,TOWNSHEND,VT,05353,Vermont,,,,,,,1985-11-07,Inactive - Expired,,,,,,,1996-01-07
221365,T0102723  ,Assumed Name,CRAFTSBURY COUNTRY STORE,,25 S CRAFTSBURY RD,,CRAFTSBURY,VT,05826,25 S CRAFTSBURY RD,,CRAFTSBURY,VT,05826,Vermont,,,,,,,1995-07-27,Inactive - Expired,2005-09-19,,,,,,2010-11-18
221475,T0102833  ,Assumed Name,STODDARD'S GENERAL STORE,,,,LUDLOW,VT,     ,,,LUDLOW,VT,     ,Vermont,,,,,,,1995-08-07,Inactive - Expired,,,,,,,2005-10-06
221566,T0139821  ,Assumed Name,TRUE'S COUNTRY STORE & DELI,,PO BOX 4445,,BENNINGTON,VT,05201,PO BOX 4445,,BENNINGTON,VT,05201,Vermont,,,,,,,2004-07-26,Inactive - Expired,,,,,,,2009-09-24
221635,T0139890  ,Assumed Name,BARNARD GENERAL STORE,,PO BOX 243,,BARNARD,VT,05031,PO BOX 243,,BARNARD,VT,05031,Vermont,,,,,,,2004-07-28,Inactive - Expired,2009-09-15,,,,,,2014-11-14
221658,T0064604  ,Assumed Name,GRAND ISLE STORE,,ROUTE 2,,GRAND ISLE,VT,05458,ROUTE 2,,GRAND ISLE,VT,05458,Vermont,,,,,,,1985-11-20,Inactive - Expired,,,,,,,1996-01-20
221661,T0064607  ,Assumed Name,GREEN MOUNTAIN GENERAL STORE AND RESTAURANT,,ROUTE 302,,GROTON,VT,05046,ROUTE 302,,GROTON,VT,05046,Vermont,,,,,,,1985-11-20,Inactive - Expired,,,,,,,1996-01-20
221844,T0102892  ,Assumed Name,WEST TOWNSHEND COUNTRY STORE,,,,TOWNSHEND,VT,     ,,,TOWNSHEND,VT,     ,Vermont,,,,,,,1995-08-11,Inactive - Expired,,,,,,,2005-10-10
222072,T0140017  ,Assumed Name,LAWRENCE'S SMOKE SHOP AND COUNTRY STORE,,PO BOX 351,,TOWNSHEND,VT,05353,PO BOX 351,,TOWNSHEND,VT,05353,Vermont,,,,,,,2004-08-10,Inactive - Expired,,,,,,,2009-10-09
222196,T0064832  ,Assumed Name,IRASVILLE COUNTRY STORE,,POB 93,,WAITSFIELD,VT,05673,POB 93,,WAITSFIELD,VT,05673,Vermont,,,,,,,1995-12-26,Inactive - Expired,,,,,,,2006-02-24
222210,T0064846  ,Assumed Name,"GENERAL STORE OF BARTON, THE",,215 MAIN ST.,,BARTON,VT,05822,215 MAIN ST.,,BARTON,VT,05822,Vermont,,,,,,,1985-12-19,Inactive - Expired,,,,,,,1996-02-18
222269,T0064905  ,Assumed Name,MO'S COUNTRY STORE,,RT 36/BOX 1770,,FAIRFIELD,VT,05455,RT 36/BOX 1770,,FAIRFIELD,VT,05455,Vermont,,,,,,,1985-12-27,Inactive - Expired,,,,,,,1996-02-26
222432,T0140067  ,Assumed Name,GINGERBREAD HOUSE COUNTRY STORE,,,,MIDDLEBURY,VT,05753,,,MIDDLEBURY,VT,05753,Vermont,,,,,,,2004-08-13,Inactive - Expired,,,,,,,2009-10-12
222476,T0140111  ,Assumed Name,PLAINFIELD RED STORE,,230 HIGH ST,,PLAINFIELD,VT,05667,230 HIGH ST,,PLAINFIELD,VT,05667,Vermont,,,,,,,2004-08-18,Inactive - Expired,,,,,,,2009-10-17
222595,T0064921  ,Assumed Name,HIGHTS GENERAL STORE,,RTE 25,,W. THOPSHAM,VT,05086,RTE 25,,W. THOPSHAM,VT,05086,Vermont,,,,,,,1985-12-31,Inactive - Expired,,,,,,,1996-03-01
222610,T0064936  ,Assumed Name,WEST CHARLESTON COUNTRY STORE,,ROUTE 105/PO BOX 77,,W. CHARLESTON,VT,05872,ROUTE 105/PO BOX 77,,W. CHARLESTON,VT,05872,Vermont,,,,,,,1985-12-31,Inactive - Expired,,,,,,,1996-03-01
222652,T0064978  ,Assumed Name,BOLTON STORE,,,,BOLTON,VT,     ,,,BOLTON,VT,     ,Vermont,,,,,,,1986-01-07,Inactive - Expired,1996-01-17,,,,,,2006-03-18
222731,T0065057  ,Assumed Name,PITTSFORD VILLAGE STORE,,MAIN ST,,PITTSFORD,VT,05763,MAIN ST,,PITTSFORD,VT,05763,Vermont,,,,,,,1986-01-16,Inactive - Expired,,,,,,,1996-03-17
223019,T0065190  ,Assumed Name,WOODEN BARREL COUNTRY STORE,,STATE AID HGWY #1,,CHITTENDEN,VT,05737,STATE AID HGWY #1,,CHITTENDEN,VT,05737,Vermont,,,,,,,1986-01-28,Inactive - Expired,,,,,,,1996-03-29
223053,T0140223  ,Assumed Name,WAYSIDE COUNTRY STORE,,,,W ARLINGTON,VT,05250,,,W ARLINGTON,VT,05250,Vermont,,,,,,,2004-08-30,Inactive - Expired,,,,,,,2009-10-29
223461,T0065322  ,Assumed Name,BAILEY'S COUNTRY STORE,,,,E. BURKE,VT,05832,,,E. BURKE,VT,05832,Vermont,,,,,,,1986-02-13,Inactive - Expired,1996-02-23,,,,,,2006-04-24
223875,T0065426  ,Assumed Name,MR. B'S COUNTRY STORE,,ROUTE 4,,MENDON,VT,05701,ROUTE 4,,MENDON,VT,05701,Vermont,,,,,,,1986-02-20,Inactive - Expired,,,,,,,1996-04-21
224092,T0140642  ,Assumed Name,L & M GENERAL STORE,,,,E RICHFORD,VT,05476,,,E RICHFORD,VT,05476,Vermont,,,,,,,2004-10-06,Inactive - Expired,,,,,,,2009-12-05
224243,T0103743  ,Assumed Name,READING COUNTRY STORE,,ROUTE 106,,READING,VT,05062,ROUTE 106,,READING,VT,05062,Vermont,,,,,,,1995-10-26,Inactive - Expired,,,,,,,2005-12-25
224714,T0103904  ,Assumed Name,HISTORIC CRAFTSBURY GENERAL STORE,,,,CRAFTSBURY,VT,     ,,,CRAFTSBURY,VT,     ,Vermont,,,,,,,1995-11-08,Inactive - Expired,,,,,,,2006-01-07
224725,T0103915  ,Assumed Name,WALLINGFORD COUNTRY STORE & DELI,,,,WALLINGFORD,VT,     ,,,WALLINGFORD,VT,     ,Vermont,,,,,,,1995-11-08,Inactive - Expired,,,,,,,2006-01-07
224880,T0065811  ,Assumed Name,JAY COUNTRY STORE,,ROUTE 242,,JAY,VT,05859,ROUTE 242,,JAY,VT,05859,Vermont,,,,,,,1986-04-01,Inactive - Expired,,,,,,,1996-05-31
225226,T0065847  ,Assumed Name,HONNEY'S COUNTRY STORE,,TOWN FARM ROAD,,SPRINGFIELD,VT,05156,TOWN FARM ROAD,,SPRINGFIELD,VT,05156,Vermont,,,,,,,1986-04-03,Inactive - Expired,,,,,,,1996-06-02
225284,T0065905  ,Assumed Name,LITTLE OTTER GENERAL STORE,,ROUTE 7,,FERRISBURGH,VT,05456,ROUTE 7,,FERRISBURGH,VT,05456,Vermont,,,,,,,1986-04-08,Inactive - Expired,,,,,,,1996-06-07
225319,T0065940  ,Assumed Name,BROWNINGTON COUNTRY STORE,,"MAIN ST, RFD 2",,ORLEANS,VT,05860,"MAIN ST, RFD 2",,ORLEANS,VT,05860,Vermont,,,,,,,1986-04-11,Inactive - Expired,1996-04-09,,,,,,2006-06-09
225763,T0066075  ,Assumed Name,BRADLEY'S COUNTRY STORE,,RTS 106 & 131,,PERKINSVILLE,VT,05151,RTS 106 & 131,,PERKINSVILLE,VT,05151,Vermont,,,,,,,1986-04-23,Inactive - Expired,,,,,,,1996-06-22
225984,T0141294  ,Assumed Name,NORTH CONCORD COUNTRY STORE,,,,N CONCORD,VT,     ,,,N CONCORD,VT,     ,Vermont,,,,,,,2004-12-08,Inactive - Expired,,,,,,,2010-02-06
226056,T0104316  ,Assumed Name,IRASBURG GENERAL STORE,,POB 31,,IRASBURG,VT,05845,POB 31,,IRASBURG,VT,05845,Vermont,,,,,,,1995-12-18,Inactive - Expired,,,,,,,2006-02-16
226106,T0104366  ,Assumed Name,NEW ENGLAND GENERAL STORE THE,,POB 148,,GRAFTON,VT,05146,POB 148,,GRAFTON,VT,05146,Vermont,,,,,,,1995-12-22,Inactive - Expired,,,,,,,2006-02-20
226640,T0066333  ,Assumed Name,INGENUITY COUNTRY STORE,,"RD 2, BOX 1124",,PUTNEY,VT,05346,"RD 2, BOX 1124",,PUTNEY,VT,05346,Vermont,,,,,,,1986-05-19,Inactive - Expired,,,,,,,1996-07-18
226880,T0141570  ,Assumed Name,IRASVILLE COUNTRY STORE,,PO BOX 93,,WAITSFIELD,VT,05673,PO BOX 93,,WAITSFIELD,VT,05673,Vermont,,,,,,,2005-01-06,Inactive - Expired,2010-01-25,,,,,,2015-03-26
227001,T0104643  ,Assumed Name,DR COUNTRY STORE CATALOG,,FERRY RD,,CHARLOTTE,VT,05445,FERRY RD,,CHARLOTTE,VT,05445,Vermont,,,,,,,1996-01-18,Inactive - Expired,,,,,,,2006-03-19
227212,T0066595  ,Assumed Name,PITTSFIELD GENERAL STORE,,,,PITTSFIELD,VT,05762,,,PITTSFIELD,VT,05762,Vermont,,,,,,,1986-06-10,Inactive - Expired,,,,,,,1996-08-09
227608,T0066681  ,Assumed Name,BRATTLEBORO COUNTRY STORE,,106 WESTERN AVE.,,BRATTLEBORO,VT,05301,106 WESTERN AVE.,,BRATTLEBORO,VT,05301,Vermont,,,,,,,1986-06-17,Inactive - Expired,,,,,,,1996-08-16
227617,T0066690  ,Assumed Name,MORGAN COUNTRY STORE,,ROUTE 111,,MORGAN,VT,05853,ROUTE 111,,MORGAN,VT,05853,Vermont,,,,,,,1986-06-17,Inactive - Expired,,,,,,,1996-08-16
227633,T0066706  ,Assumed Name,EDELWEISS COUNTRY STORE,,ROUTE 108,,STOWE,VT,05672,ROUTE 108,,STOWE,VT,05672,Vermont,,,,,,,1986-06-18,Inactive - Expired,1996-07-10,,,,,,2006-09-09
227944,T0104966  ,Assumed Name,GREENSBORO BEND STORE,,,,GREENSBOR BEND,VT,     ,,,GREENSBOR BEND,VT,     ,Vermont,,,,,,,1996-02-13,Inactive - Expired,,,,,,,2006-04-14
227993,T0105015  ,Assumed Name,FALLS GENERAL STORE AND DELI,,POB 60,,NORTHFIELD FLS,VT,05664,POB 60,,NORTHFIELD FLS,VT,05664,Vermont,,,,,,,1996-02-16,Inactive - Expired,,,,,,,2006-04-17
228059,T0066829  ,Assumed Name,LOUIES HISTORIC RT 7A GENERAL STORE,,RTE 7A,,SUNDERLAND,VT,05255,RTE 7A,,SUNDERLAND,VT,05255,Vermont,,,,,,,1986-07-01,Inactive - Expired,,,,,,,1996-08-30
228080,T0066850  ,Assumed Name,JUNCTION COUNTRY STORE,,RTE 4,,BRIDGEWATER,VT,05034,RTE 4,,BRIDGEWATER,VT,05034,Vermont,,,,,,,1986-07-01,Inactive - Expired,,,,,,,1996-08-30
228103,T0066873  ,Assumed Name,CAVENDISH GENERAL STORE,,MAIN STREET,,CAVENDISH,VT,05142,MAIN STREET,,CAVENDISH,VT,05142,Vermont,,,,,,,1986-07-03,Inactive - Expired,,,,,,,1996-09-01
228108,T0066878  ,Assumed Name,"MORRISTOWN CORNER STORE, THE",,STAGECOACH ROAD,,MORRISTOWN,VT,05661,STAGECOACH ROAD,,MORRISTOWN,VT,05661,Vermont,,,,,,,1986-07-03,Inactive - Expired,,,,,,,1996-09-01
228344,T0066952  ,Assumed Name,"JAY COUNTRY STORE, THE",,ROUTE 242,,JAY,VT,05859,ROUTE 242,,JAY,VT,05859,Vermont,,,,,,,1986-07-11,Inactive - Expired,,,,,,,1996-09-09
228390,T0066998  ,Assumed Name,STOCKBRIDGE GENERAL STORE,,ROUTE 100,,STOCKBRIDGE,VT,05772,ROUTE 100,,STOCKBRIDGE,VT,05772,Vermont,,,,,,,1986-07-16,Inactive - Expired,,,,,,,1996-09-14
228403,T0067011  ,Assumed Name,RUBY'S COUNTRY STORE,,BOX 76/RTE 5,,ST. JOHNSBURY,VT,05863,BOX 76/RTE 5,,ST. JOHNSBURY,VT,05863,Vermont,,,,,,,1986-07-17,Inactive - Expired,,,,,,,1996-09-15
228612,T0105169  ,Assumed Name,BENNETT'S CAVENDISH GENERAL STORE,,PO BOX 446,,CAVENDISH,VT,05142,PO BOX 446,,CAVENDISH,VT,05142,Vermont,,,,,,,1996-02-28,Inactive - Expired,2011-03-29,,,,,,2016-05-27
228634,T0142084  ,Assumed Name,CHELSEA COUNTRY STORE,,PO BOX 26,,CHELSEA,VT,05038,PO BOX 26,,CHELSEA,VT,05038,Vermont,,,,,,,2005-02-25,Inactive - Expired,,,,,,,2010-04-26
228658,T0142108  ,Assumed Name,BROOKFIELD VALLEY STORE,,3059 VT RTE 14,,BROOKFIELD,VT,05036,3059 VT RTE 14,,BROOKFIELD,VT,05036,Vermont,,,,,,,2005-02-28,Inactive - Expired,,,,,,,2010-04-29
228888,T0067186  ,Assumed Name,"WHISTLE STOP - GENERAL STORE, THE",,CORNER BURROWS RD,,VERNON,VT,05354,CORNER BURROWS RD,,VERNON,VT,05354,Vermont,,,,,,,1986-08-04,Inactive - Expired,1996-09-05,,,,,,2006-11-05
228890,T0067188  ,Assumed Name,BARNET VILLAGE STORE,,CHURCH ST.,,BARNET,VT,05821,CHURCH ST.,,BARNET,VT,05821,Vermont,,,,,,,1986-08-05,Inactive - Expired,,,,,,,1996-10-04
228891,T0067189  ,Assumed Name,CHAFFEE'S GENERAL STORE,,MAIN ST.,,ALBANY,VT,05820,MAIN ST.,,ALBANY,VT,05820,Vermont,,,,,,,1986-08-05,Inactive - Expired,,,,,,,1996-10-04
229323,T0067313  ,Assumed Name,DARWIN'S COUNTRY STORE,,44 POND STREET,,LUDLOW,VT,05149,44 POND STREET,,LUDLOW,VT,05149,Vermont,,,,,,,1986-08-18,Inactive - Expired,,,,,,,1996-10-17
229498,T0105435  ,Assumed Name,HARVEST RIDGE COUNTRY STORE,,POB 771,,MIDDLEBURY,VT,05753,POB 771,,MIDDLEBURY,VT,05753,Vermont,,,,,,,1996-03-21,Inactive - Expired,,,,,,,2006-05-21
229786,T0067466  ,Assumed Name,JERUSALEM CORNERS COUNTRY STORE,,VT RTE 17,,S. STARKSBORO,VT,05487,VT RTE 17,,S. STARKSBORO,VT,05487,Vermont,,,,,,,1986-08-29,Inactive - Expired,1996-09-11,,,,,,2006-11-11
229831,T0067511  ,Assumed Name,FLEURY'S COUNTRY STORE,,FERRY ROAD,,ISLE LAMOTTE,VT,05463,FERRY ROAD,,ISLE LAMOTTE,VT,05463,Vermont,,,,,,,1986-09-05,Inactive - Expired,,,,,,,1996-11-04
229862,T0067542  ,Assumed Name,WILLIAMS SMOKE HOUSE COUNTRY STORE,,1001 EAST MAIN ST.,,BENNINGTON,VT,05201,1001 EAST MAIN ST.,,BENNINGTON,VT,05201,Vermont,,,,,,,1986-09-08,Inactive - Expired,,,,,,,1996-11-07
230230,T0067600  ,Assumed Name,HUBBARD COUNTRY STORE,,VT 125,,HANCOCK,VT,05748,VT 125,,HANCOCK,VT,05748,Vermont,,,,,,,1986-09-12,Inactive - Expired,,,,,,,1996-11-11
230300,T0067670  ,Assumed Name,JAQUES COUNTRY STORE,,MAIN ST.,,HUNTINGTON,VT,05462,MAIN ST.,,HUNTINGTON,VT,05462,Vermont,,,,,,,1986-09-19,Inactive - Expired,1996-10-21,,,,,,2006-12-21
230399,T0105716  ,Assumed Name,AL'S OLD TIME COUNTRY STORE,,U.S. ROUTE 4,,HARTFORD,VT,05047,U.S. ROUTE 4,,HARTFORD,VT,05047,Vermont,,,,,,,1996-04-12,Inactive - Expired,2003-12-02,,,,,,2014-01-31
230433,T0105750  ,Assumed Name,COON'S COUNTRY STORE,,,,CASTLETON,VT,     ,,,CASTLETON,VT,     ,Vermont,,,,,,,1996-04-16,Inactive - Expired,,,,,,,2006-06-16
230434,T0105751  ,Assumed Name,MARSDEN'S COUNTRY STORE,,POB 771,,MIDDLEBURY,VT,05753,POB 771,,MIDDLEBURY,VT,05753,Vermont,,,,,,,1996-04-16,Inactive - Expired,,,,,,,2006-06-16
230560,T0067775  ,Assumed Name,BRADLEY'S GENERAL STORE,,ROUTE 100/RD 2/#1995,,JOHNSON,VT,05656,ROUTE 100/RD 2/#1995,,JOHNSON,VT,05656,Vermont,,,,,,,1986-09-30,Inactive - Expired,,,,,,,1996-11-29
230630,T0067845  ,Assumed Name,MONKTON GENERAL STORE,,RD 1,,N. FERRISBURG,VT,05473,RD 1,,N. FERRISBURG,VT,05473,Vermont,,,,,,,1986-10-06,Inactive - Expired,2006-10-27,,,,,,2011-12-26
230685,T0142740  ,Assumed Name,EST DORSET GENERAL STORE,,,,E DORSET,VT,05253,,,E DORSET,VT,05253,Vermont,,,,,,,2005-04-14,Inactive - Expired,,,,,,,2010-06-13
230871,T0105878  ,Assumed Name,WEST BARNET GENERAL STORE,,,,WEST BARNET,VT,     ,,,WEST BARNET,VT,     ,Vermont,,,,,,,1996-04-25,Inactive - Expired,,,,,,,2006-06-25
231007,T0067912  ,Assumed Name,WELCH'S COUNTRY STORE,,48 EAST ST.,,PROCTOR,VT,05765,48 EAST ST.,,PROCTOR,VT,05765,Vermont,,,,,,,1986-10-10,Inactive - Expired,,,,,,,1996-12-09
231072,T0067977  ,Assumed Name,"RED ROOSTER COUNTRY STORE, THE",,WINDY WOOD ACRES,,POULTNEY,VT,05764,WINDY WOOD ACRES,,POULTNEY,VT,05764,Vermont,,,,,,,1986-10-17,Inactive - Expired,,,,,,,1996-12-16
231317,T0106014  ,Assumed Name,EAST POULTNEY GENERAL STORE,,POB 621,,E. POULTNEY,VT,05741,POB 621,,E. POULTNEY,VT,05741,Vermont,,,,,,,1996-05-06,Inactive - Expired,,,,,,,2006-07-06
231395,T0106092  ,Assumed Name,CLUTE'S LAKE EDEN COUNTRY STORE,,4121 VT RTE 100,,EDEN MILLS,VT,05653,4121 VT RTE 100,,EDEN MILLS,VT,05653,Vermont,,,,,,,1996-05-10,Inactive - Expired,2006-06-14,,,,,,2011-08-13
231709,T0143144  ,Assumed Name,AUNT DEE'S COUNTRY STORE & DELI,,113 W MAIN ST,,BARNET,VT,05821,113 W MAIN ST,,BARNET,VT,05821,Vermont,,,,,,,2005-05-13,Inactive - Expired,,,,,,,2010-07-12
231949,T0068234  ,Assumed Name,PURDY'S COUNTRY STORE,,,,BENSON,VT,     ,,,BENSON,VT,     ,Vermont,,,,,,,1986-11-14,Inactive - Expired,,,,,,,1997-01-13
231990,T0068275  ,Assumed Name,R & J'S GENERAL STORE,,6 EARL STREET,,BELLOWS FALLS,VT,05101,6 EARL STREET,,BELLOWS FALLS,VT,05101,Vermont,,,,,,,1986-11-19,Inactive - Expired,,,,,,,1997-01-18
232007,T0068292  ,Assumed Name,"GENERAL STORE OF EAST CALAIS, THE",,ROUTE 14,,CALAIS,VT,05848,ROUTE 14,,CALAIS,VT,05848,Vermont,,,,,,,1986-11-21,Inactive - Expired,,,,,,,1997-01-20
232026,T0068311  ,Assumed Name,SOUTH DORSET GENERAL STORE,,ROUTE 30,,DORSET,VT,05251,ROUTE 30,,DORSET,VT,05251,Vermont,,,,,,,1986-11-24,Inactive - Expired,,,,,,,1997-01-23
232296,T0106373  ,Assumed Name,BAYLEY HAZEN COUNTRY STORE,,MAIN ST BOX 55,,PEACHAM,VT,05862,MAIN ST BOX 55,,PEACHAM,VT,05862,Vermont,,,,,,,1996-06-04,Inactive - Expired,,,,,,,2006-08-04
232728,T0106496  ,Assumed Name,WESTFIELD GENERAL STORE,,POB 99,,WESTFIELD,VT,05874,POB 99,,WESTFIELD,VT,05874,Vermont,,,,,,,1996-06-11,Inactive - Expired,,,,,,,2006-08-11
233024,T0106636  ,Assumed Name,PITTSFIELD GENERAL STORE,,POB 708,,PITTSFIELD,VT,05762,POB 708,,PITTSFIELD,VT,05762,Vermont,,,,,,,1996-06-25,Inactive - Expired,,,,,,,2006-08-25
233076,T0106688  ,Assumed Name,MOSCOW GENERAL STORE,,,,STOWE,VT,     ,,,STOWE,VT,     ,Vermont,,,,,,,1996-07-01,Inactive - Expired,,,,,,,2006-08-31
233414,T0068770  ,Assumed Name,"STORE OF ROCHESTER, THE",,MAIN STREET,,ROCHESTER,VT,05767,MAIN STREET,,ROCHESTER,VT,05767,Vermont,,,,,,,1987-01-09,Inactive - Expired,1997-05-13,,,,,,2007-07-13
234413,T0107095  ,Assumed Name,MOOSE HOLLOW GENERAL STORE,,,,E. ARLINGTON,VT,05250,,,E. ARLINGTON,VT,05250,Vermont,,,,,,,1996-08-09,Inactive - Expired,,,,,,,2006-10-09
234583,T0144003  ,Assumed Name,SHAFTSBURY COUNTRY STORE,,972 RTE 7A,,SHAFTSBURY,VT,05262,972 RTE 7A,,SHAFTSBURY,VT,05262,Vermont,,,,,,,2005-07-22,Inactive - Expired,,,,,,,2010-09-20
234617,T0144037  ,Assumed Name,WALDEN GENERAL STORE,,,,WALDEN,VT,     ,,,WALDEN,VT,     ,Vermont,,,,,,,2005-07-20,Inactive - Expired,,,,,,,2010-09-18
234631,T0144051  ,Assumed Name,SHAW'S GENERAL STORE,448150-Clothing Accessories Stores,54 MAIN ST,,STOWE,VT,05672,P.O. Box 189,,STOWE,VT,05672,Vermont,,,,,,,2005-07-27,Inactive - Expired,2015-10-23,,,,,,2020-11-07
234803,T0069229  ,Assumed Name,PERKINSVILLE GENERAL STORE,,ROUTE 106,,PERKINSVILLE,VT,05151,ROUTE 106,,PERKINSVILLE,VT,05151,Vermont,,,,,,,1987-02-20,Inactive - Expired,,,,,,,1997-04-21
235249,T0069365  ,Assumed Name,SUGARBUSH GENERAL STORE,,SUGARBUSH ACCESS RD,,WARREN,VT,05674,SUGARBUSH ACCESS RD,,WARREN,VT,05674,Vermont,,,,,,,1987-03-04,Inactive - Expired,,,,,,,1997-05-03
235314,T0107376  ,Assumed Name,JONESVILLE COUNTRY STORE,,RT 2 BX 246,,JONESVILLE,VT,05466,RT 2 BX 246,,JONESVILLE,VT,05466,Vermont,,,,,,,1996-09-09,Inactive - Expired,,,,,,,2006-11-09
235328,T0107390  ,Assumed Name,PETTYCO JUNCTION COUNTRY STORE,,RR 1 BOX 332A,,ST JOHNSBURY,VT,05819,RR 1 BOX 332A,,ST JOHNSBURY,VT,05819,Vermont,,,,,,,1996-09-11,Inactive - Expired,,,,,,,2006-11-11
235331,T0107393  ,Assumed Name,TINMOUTH GENERAL STORE AND SNACK BAR,,RT 140 RR1 BX 533-A,,WALLINFORD,VT,05773,RT 140 RR1 BX 533-A,,WALLINFORD,VT,05773,Vermont,,,,,,,1996-09-11,Inactive - Expired,,,,,,,2006-11-11
235574,T0144374  ,Assumed Name,FALLS GENERAL STORE & DELI,,7 COX BROOK RD,,NORTHFIELD,VT,05663,7 COX BROOK RD,,NORTHFIELD,VT,05663,Vermont,,,,,,,2005-08-29,Inactive - Expired,,,,,,,2010-10-28
235615,T0069421  ,Assumed Name,PLEASANT VALLEY COUNTRY STORE,,WEST ROAD,,BENNINGTON,VT,05201,WEST ROAD,,BENNINGTON,VT,05201,Vermont,,,,,,,1987-03-09,Inactive - Expired,,,,,,,1997-05-08
235737,T0069543  ,Assumed Name,BARNARD GENERAL STORE,,ROUTE 12/STAGE RD,,BARNARD,VT,05031,ROUTE 12/STAGE RD,,BARNARD,VT,05031,Vermont,,,,,,,1987-03-19,Inactive - Expired,,,,,,,1997-05-18
235954,T0144444  ,Assumed Name,MORGAN COUNTRY STORE  THE,,5665 VT RTE 111,,MORGAN,VT,05853,5665 VT RTE 111,,MORGAN,VT,05853,Vermont,,,,,,,2005-09-06,Inactive - Expired,,,,,,,2010-11-05
236165,T0069661  ,Assumed Name,ROCKING HORSE COUNTRY STORE,,"RR3, ROUTE 4",,RUTLAND,VT,05701,"RR3, ROUTE 4",,RUTLAND,VT,05701,Vermont,,,,,,,1987-03-27,Inactive - Expired,1997-04-25,,,,,,2007-06-25
236203,T0069699  ,Assumed Name,FRANK'S COUNTRY STORE,,BOX 1745,,E. RICHFORD,VT,05476,BOX 1745,,E. RICHFORD,VT,05476,Vermont,,,,,,,1987-03-31,Inactive - Expired,,,,,,,1997-05-30
236372,T0107814  ,Assumed Name,MANCHESTER WOOD FACTORY STORE,,,,MANCHESTER,VT,     ,,,MANCHESTER,VT,     ,Vermont,,,,,,,1996-10-21,Inactive - Expired,,,,,,,2006-12-21
236649,T0069835  ,Assumed Name,TOWNSHEND CORNER STORE,,PO BOX 322/OFF RT 35,,TOWNSHEND,VT,05353,PO BOX 322/OFF RT 35,,TOWNSHEND,VT,05353,Vermont,,,,,,,1987-04-10,Inactive - Expired,,,,,,,1997-06-09
236884,T0144754  ,Assumed Name,THE MORGAN COUNTRY STORE,445120-Convenience Stores,8411 VT RTE 111,,MORGAN,VT,05853,8411 VT RTE 111,,MORGAN,VT,05853,Vermont,,,,,,,2005-10-03,Inactive - Cessated,2015-12-21,,,,,,2020-12-20
237100,T0069976  ,Assumed Name,LAKESIDE COUNTRY STORE,,,,CASTLETON,VT,05735,,,CASTLETON,VT,05735,Vermont,,,,,,,1987-04-24,Inactive - Expired,,,,,,,1997-06-23
237303,T0108126  ,Assumed Name,BRIDGEWATER CORNERS COUNTRY STORE,,,,BRIDGEWATER,VT,     ,,,BRIDGEWATER,VT,     ,Vermont,,,,,,,1996-11-21,Inactive - Expired,,,,,,,2007-01-21
237337,T0144897  ,Assumed Name,VERMONT GENERAL & COUNTRY STORE SPECIALISTS,531210-Offices of Real Estate Agents and Brokers,790 POST ROAD,,RUTLAND,VT,05701,PO BOX 514,,RUTLAND,VT,05702,Vermont,,,,,,,2005-10-14,Inactive - Expired,2020-10-23,,,,,,2025-10-15
237592,T0070158  ,Assumed Name,WEST BARNET GENERAL STORE,,MAIN STREET,,WEST BARNET,VT,05870,MAIN STREET,,WEST BARNET,VT,05870,Vermont,,,,,,,1987-05-08,Inactive - Expired,,,,,,,1997-07-07
237750,T0108263  ,Assumed Name,EAST CHARLESTON COUNTRY STORE,,,,E CHARLESTON,VT,     ,,,E CHARLESTON,VT,     ,Vermont,,,,,,,1996-12-09,Inactive - Expired,,,,,,,2007-02-08
237833,T0070244  ,Assumed Name,NORTON COUNTRY STORE,,PO BOX 3,,NORTON,VT,05907,PO BOX 3,,NORTON,VT,05907,Vermont,,,,,,,1987-05-18,Inactive - Expired,,,,,,,1997-07-17
237842,T0070253  ,Assumed Name,THETFORD CENTER VILLAGE STORE,,,,THETFORD CTR,VT,05075,,,THETFORD CTR,VT,05075,Vermont,,,,,,,1987-05-18,Inactive - Expired,,,,,,,1997-07-17
238012,T0145107  ,Assumed Name,LIZZ'S COUNTRY STORE & DELI,,PO BOX 525,,W RUTLAND,VT,05777,PO BOX 525,,W RUTLAND,VT,05777,Vermont,,,,,,,2005-11-01,Inactive - Expired,,,,,,,2010-12-31
238071,T0145166  ,Assumed Name,DEREK'S COUNTRY STORE,,,,CABOT,VT,05647,,,CABOT,VT,05647,Vermont,,,,,,,2005-11-07,Inactive - Expired,,,,,,,2011-01-06
238541,T0145327  ,Assumed Name,WESTFIELD GENERAL STORE,445120-Convenience Stores,17 NORTH HILL RD,,WESTFIELD,VT,05874,17 NORTH HILL RD,,WESTFIELD,VT,05874,Vermont,,,,,,,2005-11-21,Inactive - Expired,2020-12-30,,,,,,2025-12-23
238614,T0108507  ,Assumed Name,LOCUST CREEK COUNTRY STORE,,,,BETHEL,VT,     ,,,BETHEL,VT,     ,Vermont,,,,,,,1997-01-06,Inactive - Expired,2007-03-07,,,,,,2012-05-05
239176,T0070657  ,Assumed Name,MIDDLEBROOKS COUNTRY STORE & GIFTS SHOP,,BURL SQUARE MALL,,BURLINGTON,VT,05401,BURL SQUARE MALL,,BURLINGTON,VT,05401,Vermont,,,,,,,1987-06-24,Inactive - Expired,,,,,,,1997-08-23
239247,T0070728  ,Assumed Name,SHAFTSBURY COUNTRY STORE,,RTE 7A,,SHAFTSBURY,VT,05262,RTE 7A,,SHAFTSBURY,VT,05262,Vermont,,,,,,,1987-06-30,Inactive - Expired,,,,,,,1997-08-29
239273,T0070754  ,Assumed Name,WAIT'S RIVER GENERAL STORE,,ROUTE 25,,W. TOPSHAM,VT,05086,ROUTE 25,,W. TOPSHAM,VT,05086,Vermont,,,,,,,1987-07-01,Inactive - Expired,,,,,,,1997-08-30
239362,T0145528  ,Assumed Name,TUNBRIDGE VILLAGE STORE,,,,TUNBRIDGE,VT,     ,,,TUNBRIDGE,VT,     ,Vermont,,,,,,,2005-12-12,Inactive - Expired,,,,,,,2011-02-10
239381,T0145547  ,Assumed Name,CALAIS GENERAL STORE,,PO BOX 120,,CALAIS,VT,05650,PO BOX 120,,CALAIS,VT,05650,Vermont,,,,,,,2005-12-13,Inactive - Expired,,,,,,,2011-02-11
239565,T0108838  ,Assumed Name,SOUTH DORSET GENERAL STORE,,RT 30,,S DORSET,VT,     ,RT 30,,S DORSET,VT,     ,Vermont,,,,,,,1997-02-03,Inactive - Expired,,,,,,,2007-04-05
239676,T0070847  ,Assumed Name,HUBBARD COUNTRY STORE,,ROUTE 100,,HANCOCK,VT,05748,ROUTE 100,,HANCOCK,VT,05748,Vermont,,,,,,,1987-07-09,Inactive - Expired,,,,,,,1997-09-07
239747,T0070918  ,Assumed Name,TAFTSVILLE COUNTRY STORE AND GIFTS,,US RTE 4,,TAFTSVILLE,VT,05073,US RTE 4,,TAFTSVILLE,VT,05073,Vermont,,,,,,,1987-07-16,Inactive - Expired,,,,,,,1997-09-14
239954,T0108917  ,Assumed Name,BENSON VILLAGE STORE,,,,BENSON,VT,     ,,,BENSON,VT,     ,Vermont,,,,,,,1997-02-10,Inactive - Expired,,,,,,,2007-04-12
240144,T0071005  ,Assumed Name,LIL'S COUNTRY STORE,,,,WHITING,VT,05778,,,WHITING,VT,05778,Vermont,,,,,,,1987-07-24,Inactive - Expired,,,,,,,1997-09-22
240788,T0146024  ,Assumed Name,EDEN GENERAL STORE,,,,EDEN,VT,     ,,,EDEN,VT,     ,Vermont,,,,,,,2006-01-20,Inactive - Expired,2011-02-15,,,,,,2016-04-15
240855,T0146091  ,Assumed Name,L & L COUNTRY STORE,,,,E BARRE,VT,05649,,,E BARRE,VT,05649,Vermont,,,,,,,2006-01-24,Inactive - Expired,,,,,,,2011-03-25
241035,T0071276  ,Assumed Name,PAM'S COUNTRY STORE,,BOX 3040/BRIDGE ST.,,SHELDON,VT,05483,BOX 3040/BRIDGE ST.,,SHELDON,VT,05483,Vermont,,,,,,,1987-08-24,Inactive - Expired,,,,,,,1997-10-23
241092,T0071333  ,Assumed Name,FAYSTON STORE PARTNERS,,ROUTE 100,,WAITSFIELD,VT,05673,ROUTE 100,,WAITSFIELD,VT,05673,Vermont,,,,,,,1987-08-28,Inactive - Expired,,,,,,,1997-10-27
241256,T0146182  ,Assumed Name,WALLINGFORD COUNTRY STORE & DELI,453998-All Other Miscellaneous Store Retailers (except Tobacco Stores),137C North Main Street,,WALLINGFORD,VT,05773,P.O. Box 364,,WALLINGFORD,VT,05773,Vermont,,,,,,,2006-02-01,Inactive - Expired,2016-04-15,,,,,,2021-05-20
241482,T0109515  ,Assumed Name,NORTH CLARENDON GENERAL STORE,,RT 7B,,N CLARENDON,VT,05759,RT 7B,,N CLARENDON,VT,05759,Vermont,,,,,,,1997-03-28,Inactive - Expired,,,,,,,2007-05-28
241500,T0071431  ,Assumed Name,O.J. COUNTRY STORE,,"ROUTE 302, RFD",,W. TOPSHAM,VT,05086,"ROUTE 302, RFD",,W. TOPSHAM,VT,05086,Vermont,,,,,,,1987-09-08,Inactive - Expired,,,,,,,1997-11-07
241560,T0071491  ,Assumed Name,EAST CORINTH GENERAL STORE,,ROUTE 25,,E CORINTH,VT,05040,ROUTE 25,,E CORINTH,VT,05040,Vermont,,,,,,,1987-09-11,Inactive - Expired,,,,,,,1997-11-10
241649,T0146265  ,Assumed Name,TUNBRIDGE VILLAGE STORE,,MAIN ST,,TUNBRIDGE,VT,05077,MAIN ST,,TUNBRIDGE,VT,05077,Vermont,,,,,,,2006-02-07,Inactive - Expired,,,,,,,2011-04-08
241897,T0109620  ,Assumed Name,"FOREST COUNTRY STORE, THE",,,,GROTON,VT,     ,,,GROTON,VT,     ,Vermont,,,,,,,1997-04-07,Inactive - Expired,2007-06-04,,,,,,2012-08-02
241925,T0109648  ,Assumed Name,WESTMINSTER COUNTRY STORE,,,,WESTMINSTER,VT,     ,,,WESTMINSTER,VT,     ,Vermont,,,,,,,1997-04-09,Inactive - Expired,,,,,,,2007-06-09
242311,T0109724  ,Assumed Name,CINDEE'S COUNTRY STORE,,,,ST JOHNSBURY,VT,     ,,,ST JOHNSBURY,VT,     ,Vermont,,,,,,,1997-04-15,Inactive - Expired,,,,,,,2007-06-15
242588,T0146584  ,Assumed Name,BRIDGEWATER CORNERS COUNTRY STORE,,PO BOX 377,,BRIDGEWATER CN,VT,05035,PO BOX 377,,BRIDGEWATER CN,VT,05035,Vermont,,,,,,,2006-03-02,Inactive - Expired,,,,,,,2011-05-01
242962,T0109910  ,Assumed Name,J & M COUNTRY STORE,,5 SHORT ST,,RICHFORD,VT,05476,5 SHORT ST,,RICHFORD,VT,05476,Vermont,,,,,,,1997-04-28,Inactive - Expired,,,,,,,2007-06-28
243011,T0109959  ,Assumed Name,PETERS' GENERAL STORE,,,,BENSON,VT,     ,,,BENSON,VT,     ,Vermont,,,,,,,1997-04-30,Inactive - Expired,,,,,,,2007-06-30
243221,T0072068  ,Assumed Name,WEST CHARLESTON COUNTRY STORE,,MAIN ST.,,W. CHARLESTON,VT,05872,MAIN ST.,,W. CHARLESTON,VT,05872,Vermont,,,,,,,1987-11-03,Inactive - Expired,,,,,,,1998-01-02
243230,T0072077  ,Assumed Name,GUILFORD COUNTRY STORE,,ROUTE 5,,GUILFORD,VT,05301,ROUTE 5,,GUILFORD,VT,05301,Vermont,,,,,,,1987-11-04,Inactive - Expired,1997-12-04,,,,,,2008-02-03
243239,T0072086  ,Assumed Name,BENSON VILLAGE STORE,,STAGE ROAD,,BENSON,VT,05731,STAGE ROAD,,BENSON,VT,05731,Vermont,,,,,,,1987-11-05,Inactive - Expired,,,,,,,1998-01-04
243632,T0147009  ,Assumed Name,WILLIAMS'S COUNTRY STORE,,27 WHITESVILLE RD,,CAVENDISH,VT,05142,27 WHITESVILLE RD,,CAVENDISH,VT,05142,Vermont,,,,,,,2006-04-03,Inactive - Expired,,,,,,,2011-06-02
243935,T0110263  ,Assumed Name,NORTON COUNTRY STORE,447110-Gasoline Stations with Convenience Stores,535 VT RTE 114,,NORTON,VT,05907,535 rte 114,PO Box 269,Norton,VT,05907,Vermont,,,,,,,1997-05-23,Active - Registered,2022-09-06,,,,,,2027-07-12
243942,T0110270  ,Assumed Name,NORTH HARTLAND COUNTRY STORE,,RT 5,,N HARTLAND,VT,05052,RT 5,,N HARTLAND,VT,05052,Vermont,,,,,,,1997-05-26,Inactive - Expired,,,,,,,2007-07-26
244054,T0147121  ,Assumed Name,BURNHAM HOLLOW COUNTRY STORE,,,,MENDON,VT,05701,,,MENDON,VT,05701,Vermont,,,,,,,2006-04-10,Inactive - Expired,,,,,,,2011-06-09
244122,T0147189  ,Assumed Name,WALDEN COUNTRY STORE,,,,WALDEN,VT,     ,,,WALDEN,VT,     ,Vermont,,,,,,,2006-04-14,Inactive - Expired,,,,,,,2011-06-13
244153,T0072380  ,Assumed Name,CORNWALL COUNTRY STORE,,ROUTE 30,,CORNWALL,VT,05753,ROUTE 30,,CORNWALL,VT,05753,Vermont,,,,,,,1987-12-03,Inactive - Expired,,,,,,,1998-02-01
244460,T0147217  ,Assumed Name,MOUNTAIN PAULS GENERAL STORE,,PO BOX 334,,PUTNEY,VT,05346,PO BOX 334,,PUTNEY,VT,05346,Vermont,,,,,,,2006-04-18,Inactive - Expired,,,,,,,2011-06-17
244465,T0147222  ,Assumed Name,PUTNEY GENERAL STORE,,4 KIMBALL HILL,,PUTNEY,VT,05346,4 KIMBALL HILL,,PUTNEY,VT,05346,Vermont,,,,,,,2006-04-19,Inactive - Expired,,,,,,,2011-06-18
244649,T0072566  ,Assumed Name,COLBYVILLE COUNTRY STORE,,ROUTE 100,,WATERBURY,VT,05676,ROUTE 100,,WATERBURY,VT,05676,Vermont,,,,,,,1987-12-22,Inactive - Expired,,,,,,,1998-02-20
244898,T0110606  ,Assumed Name,SHAFTSBURY COUNTRY STORE,,PO BOX 619,,SHAFTSBURY,VT,05262,PO BOX 619,,SHAFTSBURY,VT,05262,Vermont,,,,,,,1997-06-26,Inactive - Expired,,,,,,,2007-08-26
245062,T0072673  ,Assumed Name,EDEN GENERAL STORE,,ROUTES 100 & 118,,EDEN,VT,05652,ROUTES 100 & 118,,EDEN,VT,05652,Vermont,,,,,,,1988-01-06,Inactive - Expired,,,,,,,1998-03-07
245079,T0072690  ,Assumed Name,JOE'S POND COUNTRY STORE,,ROUTE 2,,W DANVILLE,VT,05873,ROUTE 2,,W DANVILLE,VT,05873,Vermont,,,,,,,1988-01-07,Inactive - Expired,,,,,,,1998-03-08
245220,T0110618  ,Assumed Name,SHOREHAM INN & COUNTRY STORE,,RT 74,,SHOREHAM,VT,05770,RT 74,,SHOREHAM,VT,05770,Vermont,,,,,,,1997-06-27,Inactive - Expired,,,,,,,2007-08-27
245333,T0110731  ,Assumed Name,PEACHAM GENERAL STORE,,,,PEACHAM,VT,     ,,,PEACHAM,VT,     ,Vermont,,,,,,,1997-07-10,Inactive - Expired,,,,,,,2007-09-09
245812,T0110900  ,Assumed Name,MT. HOR GENERAL STORE,,,,WESTMORE,VT,     ,,,WESTMORE,VT,     ,Vermont,,,,,,,1997-07-25,Inactive - Expired,,,,,,,2007-09-24
245892,T0073034  ,Assumed Name,BURNETT'S COUNTRY STORE,,RD 3,,PANTON,VT,     ,RD 3,,PANTON,VT,     ,Vermont,,,,,,,1988-02-05,Inactive - Expired,1998-02-18,,,,,,2008-04-19
245898,T0073040  ,Assumed Name,READSBORO GENERAL STORE,,TUNNEL STREET,,READSBORO,VT,05350,TUNNEL STREET,,READSBORO,VT,05350,Vermont,,,,,,,1988-02-05,Inactive - Expired,2008-04-02,,,,,,2013-06-01
245906,T0073048  ,Assumed Name,DANBY FOUR CORNERS STORE,,DANBY FOUR CORNERS,,DANBY,VT,05739,DANBY FOUR CORNERS,,DANBY,VT,05739,Vermont,,,,,,,1988-02-08,Inactive - Expired,2008-03-06,,,,,,2013-05-05
245989,T0147661  ,Assumed Name,ALBURGH COUNTRY STORE,,PO BOX 417,,ALBURGH,VT,05440,PO BOX 417,,ALBURGH,VT,05440,Vermont,,,,,,,2006-05-19,Inactive - Expired,,,,,,,2011-07-18
246300,T0073132  ,Assumed Name,GREENSBORO BEND STORE,,MAIN STREET,,GREENSBORO,VT,05842,MAIN STREET,,GREENSBORO,VT,05842,Vermont,,,,,,,1988-02-16,Inactive - Expired,,,,,,,1998-04-17
246305,T0073137  ,Assumed Name,MAYO'S MT. HOLLY COUNTRY STORE,,BELMONT ROAD,,MT. HOLLY,VT,05758,BELMONT ROAD,,MT. HOLLY,VT,05758,Vermont,,,,,,,1988-02-16,Inactive - Expired,,,,,,,1998-04-17
246355,T0073187  ,Assumed Name,TEAGO GENERAL STORE,,STAGE ROAD,,S. POMFRET,VT,05067,STAGE ROAD,,S. POMFRET,VT,05067,Vermont,,,,,,,1988-02-19,Inactive - Expired,,,,,,,1998-04-20
246673,T0111141  ,Assumed Name,DON & JEAN COUNTRY STORE,,DEAN RD,,N POWNAL,VT,05260,DEAN RD,,N POWNAL,VT,05260,Vermont,,,,,,,1997-08-18,Inactive - Expired,,,,,,,2007-10-18
246973,T0148026  ,Assumed Name,J 'N B GENERAL STORE,,,,CHESTER,VT,05143,,,CHESTER,VT,05143,Vermont,,,,,,,2006-06-19,Inactive - Expired,,,,,,,2011-08-18
247040,T0148094  ,Assumed Name,JEFFERSONVILLE COUNTRY STORE,,PO BOX 527,,JEFFERSONVILLE,VT,05464,PO BOX 527,,JEFFERSONVILLE,VT,05464,Vermont,,,,,,,2006-06-23,Inactive - Expired,,,,,,,2011-08-22
247214,T0111372  ,Assumed Name,LOWELL GENERAL STORE,,BOX 65 RT 100,,LOWELL,VT,05847,BOX 65 RT 100,,LOWELL,VT,05847,Vermont,,,,,,,1997-09-08,Inactive - Expired,,,,,,,2007-11-08
247866,T0111559  ,Assumed Name,"MIRANDA THOMAS CHARLES SHACKLETON WORKSHOP STORE, THE",,PO BOX 48,,BRIDGEWATER,VT,05034,PO BOX 48,,BRIDGEWATER,VT,05034,Vermont,,,,,,,1997-09-29,Inactive - Expired,,,,,,,2007-11-29
248036,T0148315  ,Assumed Name,MOUNTAIN PAUL'S GENERAL STORE,,PO BOX 598,,PUTNEY,VT,05346,PO BOX 598,,PUTNEY,VT,05346,Vermont,,,,,,,2006-07-14,Inactive - Expired,,,,,,,2011-09-12
248224,T0073816  ,Assumed Name,FLETCHER GENERAL STORE,,CEMETERY ROAD,,FLETCHER,VT,05444,CEMETERY ROAD,,FLETCHER,VT,05444,Vermont,,,,,,,1988-04-07,Inactive - Expired,,,,,,,1998-06-07
248406,T0111789  ,Assumed Name,WHITINGHAM COUNTRY STORE,,RTE 100,,WHITINGHAM,VT,05361,RTE 100,,WHITINGHAM,VT,05361,Vermont,,,,,,,1997-10-21,Inactive - Expired,,,,,,,2007-12-21
248549,T0148518  ,Assumed Name,CABOT CREAMERY QUECHEE STORE,,,,HARTFORD,VT,05047,,,HARTFORD,VT,05047,Vermont,,,,,,,2006-08-03,Inactive - Expired,,,,,,,2011-10-02
248636,T0073918  ,Assumed Name,ROXBURY COUNTRY STORE,,ROUTE 12A,,ROXBURY,VT,05669,ROUTE 12A,,ROXBURY,VT,05669,Vermont,,,,,,,1988-04-14,Inactive - Expired,,,,,,,1998-06-14
249176,T0074148  ,Assumed Name,GRANITEVILLE GENERAL STORE,,MAIN STREET,,GRANITEVILLE,VT,05654,MAIN STREET,,GRANITEVILLE,VT,05654,Vermont,,,,,,,1988-05-03,Inactive - Expired,,,,,,,1998-07-03
249256,T0112018  ,Assumed Name,CHESTER GENERAL STORE,,,,CHESTER,VT,     ,,,CHESTER,VT,     ,Vermont,,,,,,,1997-11-13,Inactive - Expired,,,,,,,2008-01-13
249270,T0112032  ,Assumed Name,"HARTLAND GENERAL STORE, THE",,PO BOX 500,,HARTLAND,VT,05048,PO BOX 500,,HARTLAND,VT,05048,Vermont,,,,,,,1997-11-14,Inactive - Expired,,,,,,,2008-01-14
249470,T0148819  ,Assumed Name,GREEN RIVER COUNTRY STORE,,2593 GARFIELD RD,,HYDE PARK,VT,05655,2593 GARFIELD RD,,HYDE PARK,VT,05655,Vermont,,,,,,,2006-08-30,Inactive - Expired,,,,,,,2011-10-29
250009,T0149048  ,Assumed Name,LITTLE COUNTRY STORE & DELI  THE,,,,ST JOHNSBURY,VT,05819,,,ST JOHNSBURY,VT,05819,Vermont,,,,,,,2006-09-19,Inactive - Expired,,,,,,,2011-11-18
250195,T0112337  ,Assumed Name,PLYMOUTH COUNTRY STORE,,,,PLYMOUTH,VT,     ,,,PLYMOUTH,VT,     ,Vermont,,,,,,,1997-12-16,Inactive - Expired,,,,,,,2008-02-15
250283,T0112425  ,Assumed Name,BOWMAN'S GENERAL STORE,,,,BRIGHTON,VT,     ,,,BRIGHTON,VT,     ,Vermont,,,,,,,1997-12-29,Inactive - Expired,,,,,,,2008-02-28
250384,T0149113  ,Assumed Name,BASKET OF SUNSHINE COUNTRY STORE,,,,MARSHFIELD,VT,05658,,,MARSHFIELD,VT,05658,Vermont,,,,,,,2006-09-26,Inactive - Expired,,,,,,,2011-11-25
250529,T0074571  ,Assumed Name,DANVILLE GENERAL STORE,,"RTE 2, MAIN ST.",,DANVILLE,VT,05828,"RTE 2, MAIN ST.",,DANVILLE,VT,05828,Vermont,,,,,,,1988-06-06,Inactive - Expired,,,,,,,1998-08-06
250538,T0074580  ,Assumed Name,NORTH WOLCOTT COUNTRY STORE,,"RD 1, BOX 700",,N. WOLCOTT,VT,05680,"RD 1, BOX 700",,N. WOLCOTT,VT,05680,Vermont,,,,,,,1988-06-06,Inactive - Expired,,,,,,,1998-08-06
250609,T0074651  ,Assumed Name,CONCORD COUNTRY STORE,,ROUTE 2,,CONCORD,VT,05824,ROUTE 2,,CONCORD,VT,05824,Vermont,,,,,,,1988-06-10,Inactive - Expired,,,,,,,1998-08-10
251092,T0074824  ,Assumed Name,TROY COUNTRY STORE,,ROUTE 100,,TROY,VT,05868,ROUTE 100,,TROY,VT,05868,Vermont,,,,,,,1988-06-24,Inactive - Expired,1998-08-24,,,,,,2008-10-23
251669,T0112881  ,Assumed Name,EDELWEISS COUNTRY STORE,,MOUNTAIN RD,,STOWE,VT,05672,MOUNTAIN RD,,STOWE,VT,05672,Vermont,,,,,,,1998-02-09,Inactive - Expired,,,,,,,2008-04-10
251918,T0075030  ,Assumed Name,DRUCKERS GENERAL STORE,,RTE 73,,FORESTDALE,VT,05733,RTE 73,,FORESTDALE,VT,05733,Vermont,,,,,,,1988-07-13,Inactive - Expired,,,,,,,1998-09-12
252136,T0113038  ,Assumed Name,"GENERAL STORE OF EAST CALAIS, THE",,PO BOX 120,,E CALAIS,VT,05650,PO BOX 120,,E CALAIS,VT,05650,Vermont,,,,,,,1998-02-19,Inactive - Expired,,,,,,,2008-04-20
252286,T0149776  ,Assumed Name,APPLE ISLAND GENERAL STORE,,,,SOUTH HERO,VT,     ,,,SOUTH HERO,VT,     ,Vermont,,,,,,,2006-11-30,Inactive - Expired,,,,,,,2012-01-29
252328,T0149818  ,Assumed Name,RIVERTON COUNTRY STORE,,,,BERLIN,VT,     ,,,BERLIN,VT,     ,Vermont,,,,,,,2001-12-04,Inactive - Expired,2012-02-06,,,,,,2017-04-06
252706,T0075345  ,Assumed Name,WEST TOWNSHEND COUNTRY STORE,,ROUTE 30,,WEST TOWNSHEND,VT,05359,ROUTE 30,,WEST TOWNSHEND,VT,05359,Vermont,,,,,,,1988-08-10,Inactive - Expired,,,,,,,1998-10-10
252758,T0075397  ,Assumed Name,MARSHFIELD GENERAL STORE,,MAIN STREET/RTE 2,,MARSHFIELD,VT,05658,MAIN STREET/RTE 2,,MARSHFIELD,VT,05658,Vermont,,,,,,,1988-08-17,Inactive - Expired,,,,,,,1998-10-17
252841,T0149866  ,Assumed Name,STARKSBORO COUNTRY STORE,,,,STARKSBORO,VT,     ,,,STARKSBORO,VT,     ,Vermont,,,,,,,2006-12-07,Inactive - Expired,,,,,,,2012-02-05
253317,T0150032  ,Assumed Name,OTTAUQUECHEE COUNTRY STORE,,,,HARTFORD,VT,     ,,,HARTFORD,VT,     ,Vermont,,,,,,,2006-12-26,Inactive - Expired,,,,,,,2012-02-24
253828,T0150233  ,Assumed Name,EAST BROOKFIELD DELI/STORE,,,,E BROOKFIELD,VT,     ,,,E BROOKFIELD,VT,     ,Vermont,,,,,,,2007-01-12,Inactive - Expired,,,,,,,2012-03-12
254121,T0075812  ,Assumed Name,PLYMOUTH GENERAL STORE,,ROUTE 100 N,,PLYMOUTH,VT,05056,ROUTE 100 N,,PLYMOUTH,VT,05056,Vermont,,,,,,,1988-09-21,Inactive - Expired,,,,,,,1998-11-21
254176,T0075867  ,Assumed Name,WOODBURY COUNTRY STORE,,"BOX 122, RTE 14",,WOODBURY,VT,05681,"BOX 122, RTE 14",,WOODBURY,VT,05681,Vermont,,,,,,,1988-09-27,Inactive - Expired,,,,,,,1998-11-27
254260,T0150356  ,Assumed Name,E & S COUNTRY STORE,,,,HARTFORD,VT,     ,,,HARTFORD,VT,     ,Vermont,,,,,,,2007-01-23,Inactive - Expired,,,,,,,2012-03-23
254356,T0150453  ,Assumed Name,SANTORS GENERAL STORE,,27-202 BUTLER RD,,FAIRFAX,VT,05454,27-202 BUTLER RD,,FAIRFAX,VT,05454,Vermont,,,,,,,2007-02-02,Inactive - Expired,,,,,,,2012-04-02
254503,T0113855  ,Assumed Name,TROY GENERAL STORE,,PO BOX 118,,TROY,VT,05857,PO BOX 118,,TROY,VT,05857,Vermont,,,,,,,1998-04-30,Inactive - Expired,,,,,,,2008-06-29
254982,T0076049  ,Assumed Name,WESTMORE GENERAL STORE,,ROUTE 5A,,WESTMORE,VT,     ,ROUTE 5A,,WESTMORE,VT,     ,Vermont,,,,,,,1988-10-13,Inactive - Expired,,,,,,,1998-12-13
255035,T0076101  ,Assumed Name,SOUTH NEWFANE GENERAL STORE,,DOVER ROAD/BOX 216,,SOUTH NEWFANE,VT,05351,DOVER ROAD/BOX 216,,SOUTH NEWFANE,VT,05351,Vermont,,,,,,,1988-10-18,Inactive - Expired,,,,,,,1998-12-18
255357,T0114089  ,Assumed Name,WALDEN GENERAL STORE,,3496 VT RT 15,,W DANVILLE,VT,05873,3496 VT RT 15,,W DANVILLE,VT,05873,Vermont,,,,,,,1998-05-15,Inactive - Expired,,,,,,,2008-07-14
255536,T0076290  ,Assumed Name,ISLE LA MOTTE COUNTRY STORE,,FERRY ROAD,,ISLE LA MOTTE,VT,05463,FERRY ROAD,,ISLE LA MOTTE,VT,05463,Vermont,,,,,,,1988-11-02,Inactive - Expired,,,,,,,1999-01-02
255843,T0114265  ,Assumed Name,RICK & TINA'S COUNTRY STORE AND SNACKBAR,,RT 14,,W HARTFORD,VT,05084,RT 14,,W HARTFORD,VT,05084,Vermont,,,,,,,1998-06-04,Inactive - Expired,,,,,,,2008-08-03
256269,T0114381  ,Assumed Name,KILGORE'S GENERAL STORE,,MAIN ST,,MONTGOMERY CTR,VT,05471,MAIN ST,,MONTGOMERY CTR,VT,05471,Vermont,,,,,,,1998-06-12,Inactive - Expired,,,,,,,2008-08-11
256446,T0076580  ,Assumed Name,PITTSFORD VILLAGE STORE,,"RTE 7, MAIN ST",,PITTSFORD,VT,05763,"RTE 7, MAIN ST",,PITTSFORD,VT,05763,Vermont,,,,,,,1988-12-05,Inactive - Expired,,,,,,,1999-02-04
256476,T0076610  ,Assumed Name,CAMBRIDGE GENERAL STORE,,MAIN STREET,,CAMBRIDGE,VT,05444,MAIN STREET,,CAMBRIDGE,VT,05444,Vermont,,,,,,,1988-12-07,Inactive - Expired,1999-03-05,,,,,,2009-05-04
256690,T0114492  ,Assumed Name,BAILEY'S COUNTRY STORE,,,,BURKE,VT,     ,,,BURKE,VT,     ,Vermont,,,,,,,1998-06-23,Inactive - Expired,,,,,,,2008-08-22
257161,T0076830  ,Assumed Name,MAPLE VALLEY COUNTRY STORE,,ROUTE 2,,MARSHFIELD,VT,05658,ROUTE 2,,MARSHFIELD,VT,05658,Vermont,,,,,,,1988-12-29,Inactive - Expired,,,,,,,1999-02-28
257428,T0114765  ,Assumed Name,MOOSE HOLLOW GENERAL STORE,,PO BOX 179,,E ARLINGTON,VT,05252,PO BOX 179,,E ARLINGTON,VT,05252,Vermont,,,,,,,1998-07-17,Inactive - Expired,,,,,,,2008-09-15
257974,T0151598  ,Assumed Name,CASTLETON CORNERS CONVENIENCE STORE,,,,CASTLETON,VT,     ,,,CASTLETON,VT,     ,Vermont,,,,,,,2007-05-07,Inactive - Expired,,,,,,,2012-07-05
258120,T0077167  ,Assumed Name,GRAND ISLE STORE,,RR1,,GRAND ISLE,VT,05458,RR1,,GRAND ISLE,VT,05458,Vermont,,,,,,,1989-01-30,Inactive - Expired,,,,,,,1999-04-01
258143,T0077190  ,Assumed Name,SHOREHAM CORNER STORE,,RTE 22A & RTE 74,,SHOREHAM,VT,05770,RTE 22A & RTE 74,,SHOREHAM,VT,05770,Vermont,,,,,,,1989-01-31,Inactive - Expired,,,,,,,1999-04-02
258271,T0114988  ,Assumed Name,"TUNBRIDGE VILLAGE STORE, THE",,PO BOX,,TUNBRIDGE,VT,05077,PO BOX,,TUNBRIDGE,VT,05077,Vermont,,,,,,,1998-08-05,Inactive - Expired,,,,,,,2008-10-04
258399,T0151714  ,Assumed Name,APPLE ISLAND GENERAL STORE,,,,SOUTH HERO,VT,     ,,,SOUTH HERO,VT,     ,Vermont,,,,,,,2007-05-16,Inactive - Expired,2012-05-21,,,,,,2017-07-20
258425,T0151740  ,Assumed Name,MAXINE'S COUNTRY STORE,,106 SCOTT RD,,VERNON,VT,05354,106 SCOTT RD,,VERNON,VT,05354,Vermont,,,,,,,2007-05-17,Inactive - Expired,,,,,,,2012-07-15
258596,T0053401  ,Assumed Name,CRACKER BARREL COUNTRY STORE,,RTE 4,,MENDON,VT,05701,RTE 4,,MENDON,VT,05701,Vermont,,,,,,,1981-12-17,Inactive - Expired,,,,,,,1992-02-16
259404,T0152100  ,Assumed Name,EAST CHARLESTON COUNTRY STORE,,,,CHARLESTON,VT,     ,,,CHARLESTON,VT,     ,Vermont,,,,,,,2007-06-11,Inactive - Expired,,,,,,,2012-08-09
259470,T0152166  ,Assumed Name,TROY COUNTRY STORE,,6561 VT ROUTE 100,,TROY,VT,05868,6561 VT ROUTE 100,,TROY,VT,05868,Vermont,,,,,,,2007-06-18,Inactive - Expired,,,,,,,2012-08-16
259559,T0077674  ,Assumed Name,CHESTER GENERAL STORE,,ROUTE 103,,CHESTER,VT,05143,ROUTE 103,,CHESTER,VT,05143,Vermont,,,,,,,1989-03-15,Inactive - Expired,,,,,,,1999-05-15
259651,T0115438  ,Assumed Name,DERBY ROAD OUTLET STORE,,RR 2 BOX 178,,DERBY,VT,05829,RR 2 BOX 178,,DERBY,VT,05829,Vermont,,,,,,,1998-09-17,Inactive - Expired,,,,,,,2008-11-16
259709,T0115496  ,Assumed Name,BAYLEY-HAZEN COUNTRY STORE,,24 GOV MADDOCKS RD,,PEACHAM,VT,05862,24 GOV MADDOCKS RD,,PEACHAM,VT,05862,Vermont,,,,,,,1998-09-03,Inactive - Expired,,,,,,,2008-11-02
259739,T0115526  ,Assumed Name,NORTH CONCORD COUNTRY STORE,,RT 2 PO BOX 698,,N CONCORD,VT,05858,RT 2 PO BOX 698,,N CONCORD,VT,05858,Vermont,,,,,,,1998-09-17,Inactive - Expired,,,,,,,2008-11-16
259788,T0077746  ,Assumed Name,MIKE'S COUNTRY STORE,,"ROUTE 7, BOX 195",,NO. CLARENDON,VT,05759,"ROUTE 7, BOX 195",,NO. CLARENDON,VT,05759,Vermont,,,,,,,1989-03-21,Inactive - Expired,,,,,,,1999-05-21
259796,T0077754  ,Assumed Name,MORGAN COUNTRY STORE,,ROUTE 111,,MORGAN,VT,05853,ROUTE 111,,MORGAN,VT,05853,Vermont,,,,,,,1989-03-21,Inactive - Expired,,,,,,,1999-05-21
259826,T0077784  ,Assumed Name,COON'S COUNTRY STORE,,JCT RTS 4 & 30,,CASTLETON,VT,05735,JCT RTS 4 & 30,,CASTLETON,VT,05735,Vermont,,,,,,,1989-03-23,Inactive - Expired,,,,,,,1999-05-23
259965,T0152196  ,Assumed Name,SHELBURNE COUNTRY STORE,,PO BOX 285,,SHELBURNE,VT,05482,PO BOX 285,,SHELBURNE,VT,05482,Vermont,,,,,,,2007-06-19,Inactive - Expired,,,,,,,2012-08-17
261316,T0078340  ,Assumed Name,HARTLAND GENERAL STORE,,ROUTE 5,,HARTLAND,VT,05048,ROUTE 5,,HARTLAND,VT,05048,Vermont,,,,,,,1989-05-02,Inactive - Expired,,,,,,,1999-07-02
261380,T0152681  ,Assumed Name,"SPRINGFIELD GENERAL STORE, THE",,36 PROSPECT ST,,SPRINGFIELD,VT,05156,36 PROSPECT ST,,SPRINGFIELD,VT,05156,Vermont,,,,,,,2007-08-02,Inactive - Expired,,,,,,,2012-09-30
261415,T0152717  ,Assumed Name,DORSET UNION STORE,,,,DORSET,VT,     ,,,DORSET,VT,     ,Vermont,,,,,,,2007-08-06,Inactive - Expired,,,,,,,2012-10-04
261417,T0152719  ,Assumed Name,SHELBURNE COUNTRY STORE,,,,SHELBURNE,VT,     ,,,SHELBURNE,VT,     ,Vermont,,,,,,,2007-08-06,Inactive - Expired,,,,,,,2012-10-04
261432,T0152734  ,Assumed Name,WEST CHARLESTON CORNER STORE,,PO BOX 85,,W CHARLESTON,VT,05872,PO BOX 85,,W CHARLESTON,VT,05872,Vermont,,,,,,,2007-08-07,Inactive - Expired,,,,,,,2012-10-05
261450,T0152752  ,Assumed Name,SCAMPY'S COUNTRY STORE & DELI,,,,W CHARLESTON,VT,     ,,,W CHARLESTON,VT,     ,Vermont,,,,,,,2007-08-08,Inactive - Expired,,,,,,,2012-10-06
261461,T0152763  ,Assumed Name,RT. 14 COUNTRY STORE AND DELI,,1173 RIDGE RD,,BROOKFIELD,VT,05036,1173 RIDGE RD,,BROOKFIELD,VT,05036,Vermont,,,,,,,2007-08-09,Inactive - Expired,,,,,,,2012-10-07
261753,T0078466  ,Assumed Name,KILGORE'S GENERAL STORE,,MAIN ST/RTE 118,,MONTGOMERY CTR,VT,05471,MAIN ST/RTE 118,,MONTGOMERY CTR,VT,05471,Vermont,,,,,,,1989-05-11,Inactive - Expired,,,,,,,1999-07-11
262054,T0116292  ,Assumed Name,SOUTH DORSET GENERAL STORE,,2598 RT 30,,DORSET,VT,05251,2598 RT 30,,DORSET,VT,05251,Vermont,,,,,,,1998-12-17,Inactive - Expired,,,,,,,2009-02-15
262202,T0078605  ,Assumed Name,LAKESIDE COUNTRY STORE,,ROUTE 30,,CASTLETON,VT,05735,ROUTE 30,,CASTLETON,VT,05735,Vermont,,,,,,,1989-05-22,Inactive - Expired,,,,,,,1999-07-22
262307,T0152990  ,Assumed Name,MONKTON GENERAL STORE,,321A MONKTON RIDGE R,,MONKTON,VT,05469,321A MONKTON RIDGE R,,MONKTON,VT,05469,Vermont,,,,,,,2007-08-30,Inactive - Expired,,,,,,,2012-10-28
262717,T0078810  ,Assumed Name,BRANDON VARIETY STORE,,ROUTE 7 NORTH,,BRANDON,VT,05733,ROUTE 7 NORTH,,BRANDON,VT,05733,Vermont,,,,,,,1989-06-08,Inactive - Expired,,,,,,,1999-08-08
263061,T0078844  ,Assumed Name,"GUIDEBOARD COUNTRY STORE, THE",,1001 EAST MAIN ST.,,BENNINGTON,VT,05201,1001 EAST MAIN ST.,,BENNINGTON,VT,05201,Vermont,,,,,,,1989-06-12,Inactive - Expired,,,,,,,1999-08-12
263079,T0078862  ,Assumed Name,GRANVILLE COUNTRY STORE,,ROUTE 100,,GRANVILLE,VT,05747,ROUTE 100,,GRANVILLE,VT,05747,Vermont,,,,,,,1989-06-13,Inactive - Expired,,,,,,,1999-08-13
263272,T0116735  ,Assumed Name,PLAINFIELD RED STORE,,230 HIGH ST,,PLAINFIELD,VT,05667,230 HIGH ST,,PLAINFIELD,VT,05667,Vermont,,,,,,,1999-02-02,Inactive - Expired,,,,,,,2009-04-03
263802,T0116955  ,Assumed Name,"POND COUNTRY STORE, THE",,,,E BERKSHIRE,VT,     ,,,E BERKSHIRE,VT,     ,Vermont,,,,,,,1999-02-23,Inactive - Expired,,,,,,,2009-04-24
263857,T0153457  ,Assumed Name,BRATTLEBORO COUNTRY STORE & DELICATESSEN,,436 WESTERN AVE.,,BRATTLEBORO,VT,05301,436 WESTERN AVE.,,BRATTLEBORO,VT,05301,Vermont,,,,,,,2007-10-05,Inactive - Expired,2012-11-05,,,,,,2018-01-04
263889,T0153489  ,Assumed Name,LITTLE OTTER GENERAL STORE,,,,FERRISBURGH,VT,     ,,,FERRISBURGH,VT,     ,Vermont,,,,,,,2007-10-17,Inactive - Expired,,,,,,,2012-12-15
264031,T0079194  ,Assumed Name,MOUNTAIN PAUL'S GENERAL STORE,,ROUTE 5,,PUTNEY,VT,05346,ROUTE 5,,PUTNEY,VT,05346,Vermont,,,,,,,1989-07-14,Inactive - Expired,,,,,,,1999-09-13
264055,T0079218  ,Assumed Name,ARLINGTON COUNTRY VARIETY STORE,,ROUTE 7A,,ARLINGTON,VT,05250,ROUTE 7A,,ARLINGTON,VT,05250,Vermont,,,,,,,1989-07-18,Inactive - Expired,,,,,,,1999-09-17
264195,T0117038  ,Assumed Name,VERMONT HORSE COUNTRY STORE,,,,WOODSTOCK,VT,     ,,,WOODSTOCK,VT,     ,Vermont,,,,,,,1999-03-03,Inactive - Expired,,,,,,,2009-05-02
264508,T0079363  ,Assumed Name,GREEN MOUNTAIN GENERAL STORE AND RESTAURANT,,ROUTE 302,,GROTON,VT,05046,ROUTE 302,,GROTON,VT,05046,Vermont,,,,,,,1989-07-28,Inactive - Expired,,,,,,,1999-09-27
264945,T0079490  ,Assumed Name,DONNELLY'S SOUTH PEACHAM COUNTRY STORE,,"HCR #30, BOX 53A",,BARNET,VT,05821,"HCR #30, BOX 53A",,BARNET,VT,05821,Vermont,,,,,,,1989-08-11,Inactive - Expired,,,,,,,1999-10-11
264957,T0079502  ,Assumed Name,ED'S COUNTRY STORE,,CORNER ROUTE 7,,RUTLAND TOWN,VT,05701,CORNER ROUTE 7,,RUTLAND TOWN,VT,05701,Vermont,,,,,,,1989-08-14,Inactive - Expired,,,,,,,1999-10-14
265419,T0079654  ,Assumed Name,MARTIN'S GENERAL STORE,,,,HIGHGATE SPGS,VT,05459,,,HIGHGATE SPGS,VT,05459,Vermont,,,,,,,1989-08-30,Inactive - Expired,,,,,,,1999-10-30
265642,T0117555  ,Assumed Name,"BARTON VILLAGE CORNER STORE, THE",,3131 DUCK POND RD,,BARTON,VT,05822,3131 DUCK POND RD,,BARTON,VT,05822,Vermont,,,,,,,1999-04-09,Inactive - Expired,,,,,,,2009-06-08
265667,T0117580  ,Assumed Name,FISHER BRIDGE COUNTRY STORE,,118 GRAY FARM RD,,MORRISVILLE,VT,05661,118 GRAY FARM RD,,MORRISVILLE,VT,05661,Vermont,,,,,,,1999-04-12,Inactive - Expired,,,,,,,2009-06-11
265919,T0079844  ,Assumed Name,"ESSEX CENTER GENERAL STORE, THE",,ROUTE 15,,ESSEX CENTER,VT,05451,ROUTE 15,,ESSEX CENTER,VT,05451,Vermont,,,,,,,1989-09-18,Inactive - Expired,,,,,,,1999-11-18
266093,T0117696  ,Assumed Name,MANCHESTER COUNTRY STORE,,PO BOX 981,,MANCHESTER,VT,05254,PO BOX 981,,MANCHESTER,VT,05254,Vermont,,,,,,,1999-04-21,Inactive - Expired,,,,,,,2009-06-20
266299,T0079914  ,Assumed Name,LINCOLN GENERAL STORE,,"RD #1, BOX 1815",,BRISTOL,VT,05443,"RD #1, BOX 1815",,BRISTOL,VT,05443,Vermont,,,,,,,1989-09-22,Inactive - Expired,,,,,,,1999-11-22
266820,T0080124  ,Assumed Name,WALDEN GENERAL STORE,,ROUTE 15,,WALDEN,VT,     ,ROUTE 15,,WALDEN,VT,     ,Vermont,,,,,,,1989-10-13,Inactive - Expired,,,,,,,1999-12-13
266879,T0080183  ,Assumed Name,ALBURGH COUNTRY STORE,,ROUTE 2,,ALBURGH,VT,05440,ROUTE 2,,ALBURGH,VT,05440,Vermont,,,,,,,1989-10-20,Inactive - Expired,,,,,,,1999-12-20
266906,T0080210  ,Assumed Name,WEST ADDISON GENERAL STORE,,ROUTE 17,,WEST ADDISON,VT,05491,ROUTE 17,,WEST ADDISON,VT,05491,Vermont,,,,,,,1989-10-23,Inactive - Expired,1999-10-08,,,,,,2009-12-07
267051,T0118035  ,Assumed Name,KEN'S COUNTRY STORE,,1773 HARTFORD AVE,,WILDER,VT,05088,1773 HARTFORD AVE,,WILDER,VT,05088,Vermont,,,,,,,1999-05-19,Inactive - Expired,,,,,,,2009-07-18
267332,T0154607  ,Assumed Name,WHEELOCK VILLAGE STORE,,,,WHEELOCK,VT,     ,,,WHEELOCK,VT,     ,Vermont,,,,,,,2008-02-08,Inactive - Expired,,,,,,,2013-04-08
267333,T0154608  ,Assumed Name,"CENTER BAKERY AND GENERAL STORE, THE",,,,WATERBURY CTR,VT,     ,,,WATERBURY CTR,VT,     ,Vermont,,,,,,,2008-02-08,Inactive - Expired,,,,,,,2013-04-08
267491,T0118165  ,Assumed Name,KEN'S GENERAL STORE,,HCR 64 BOX 65,,NO TUNBRIDGE,VT,05077,HCR 64 BOX 65,,NO TUNBRIDGE,VT,05077,Vermont,,,,,,,1999-05-28,Inactive - Expired,,,,,,,2009-07-27
267799,T0154766  ,Assumed Name,WEST TOPSHAM COUNTRY STORE,,,,WEST TOPSHAM,VT,     ,,,WEST TOPSHAM,VT,     ,Vermont,,,,,,,2008-02-22,Inactive - Expired,,,,,,,2013-04-22
268568,T0080784  ,Assumed Name,MORRISTOWN CORNER STORE,,STAGECOACH ROAD,,MORRISVILLE,VT,05661,STAGECOACH ROAD,,MORRISVILLE,VT,05661,Vermont,,,,,,,1989-12-22,Inactive - Expired,2000-02-14,,,,,,2010-04-15
268766,T0155113  ,Assumed Name,WEST TOPSHAM COUNTRY STORE,,486 VT ROUTE 25,,W TOPSHAM,VT,05086,486 VT ROUTE 25,,W TOPSHAM,VT,05086,Vermont,,,,,,,2008-03-20,Inactive - Expired,,,,,,,2013-05-19
268784,T0118528  ,Assumed Name,LAKESIDE COUNTRY STORE,,ROUTE 30,,CASTLETON,VT,05735,ROUTE 30,,CASTLETON,VT,05735,Vermont,,,,,,,1999-07-02,Inactive - Expired,,,,,,,2009-08-31
268988,T0080893  ,Assumed Name,BENSON VILLAGE STORE,,STAGE ROAD,,BENSON,VT,05731,STAGE ROAD,,BENSON,VT,05731,Vermont,,,,,,,1990-01-09,Inactive - Expired,,,,,,,2000-03-10
269004,T0080909  ,Assumed Name,RICHFORD CONVENIENT STORE,,MAIN STREET,,RICHFORD,VT,05476,MAIN STREET,,RICHFORD,VT,05476,Vermont,,,,,,,1990-01-09,Inactive - Expired,,,,,,,2000-03-10
269493,T0081088  ,Assumed Name,RICHARDSON COUNTRY STORE,,MAIN STREET,,BETHEL,VT,05032,MAIN STREET,,BETHEL,VT,05032,Vermont,,,,,,,1990-01-23,Inactive - Expired,2000-03-29,,,,,,2010-05-29
269537,T0081132  ,Assumed Name,DESSO'S GENERAL STORE,,BROWN TRACE ROAD,,JERICHO CTR.,VT,05465,BROWN TRACE ROAD,,JERICHO CTR.,VT,05465,Vermont,,,,,,,1990-01-26,Inactive - Expired,,,,,,,2000-03-27
269906,T0081191  ,Assumed Name,JERICHO GENERAL STORE,452319-All Other General Merchandise Stores,53 RTE 15,,JERICHO,VT,05465,53 RTE 15,,JERICHO,VT,05465,Vermont,,,,,,,1990-02-01,Inactive - Cessated,2020-06-05,,,,,,2025-06-11
270055,T0155473  ,Assumed Name,J & L'S GENERAL STORE,,,,FORREST DALE,VT,     ,,,FORREST DALE,VT,     ,Vermont,,,,,,,2008-04-15,Inactive - Expired,,,,,,,2013-06-14
270416,T0081391  ,Assumed Name,MEME'S AND PAPA'S RIVERTON GENERAL STORE,,CNR RT 12 &CROSSTOWN,,BERLIN,VT,     ,CNR RT 12 &CROSSTOWN,,BERLIN,VT,     ,Vermont,,,,,,,1990-02-20,Inactive - Expired,,,,,,,2000-04-21
270570,T0155678  ,Assumed Name,NORTHERN EXPOSURE COUNTRY STORE,,,,WESTMORE,VT,     ,,,WESTMORE,VT,     ,Vermont,,,,,,,2008-05-05,Inactive - Expired,,,,,,,2013-07-04
270756,T0119260  ,Assumed Name,UTTON'S GENERAL STORE,,7 MINSTER BROOK RD,,WORCESTER,VT,05682,7 MINSTER BROOK RD,,WORCESTER,VT,05682,Vermont,,,,,,,1999-09-10,Inactive - Expired,,,,,,,2009-11-09
271190,T0119384  ,Assumed Name,EAST CORINTH GENERAL STORE,,10263 VERMONT RT 25,,EAST CORINTH,VT,05040,10263 VERMONT RT 25,,EAST CORINTH,VT,05040,Vermont,,,,,,,1999-09-21,Inactive - Expired,,,,,,,2009-11-20
271520,T0156009  ,Assumed Name,PETTYCO JUNCTION COUNTRY STORE,445120-Convenience Stores,12 VT RTE 18,,ST JOHNSBURY,VT,05819,12 VT RTE 18,,ST JOHNSBURY,VT,05819,Vermont,,,,,,,2008-06-02,Active - Registered,2023-06-26,,,,,,2028-06-14
271890,T0156069  ,Assumed Name,ESSEX COUNTY GENERAL STORE,,PO BOX 17,,GUILDHALL,VT,05905,PO BOX 17,,GUILDHALL,VT,05905,Vermont,,,,,,,2008-06-05,Inactive - Expired,,,,,,,2013-08-04
272102,T0081993  ,Assumed Name,CASELLA'S COUNTRY STORE AND DELI,,NORTH MAIN ST/RT 7,,WALLINGFORD,VT,05773,NORTH MAIN ST/RT 7,,WALLINGFORD,VT,05773,Vermont,,,,,,,1990-04-06,Inactive - Expired,,,,,,,2000-06-05
272172,T0082063  ,Assumed Name,EAST DORSET GENERAL STORE,,"ROUTE 7, PO BOX 727",,EAST DORSET,VT,05253,"ROUTE 7, PO BOX 727",,EAST DORSET,VT,05253,Vermont,,,,,,,1990-04-11,Inactive - Expired,2000-05-10,,,,,,2010-07-10
272318,T0119737  ,Assumed Name,RIVERBEND COUNTRY STORE,,PO BOX 30,,NO MONTPELIER,VT,05666,PO BOX 30,,NO MONTPELIER,VT,05666,Vermont,,,,,,,1999-10-21,Inactive - Expired,,,,,,,2009-12-20
272582,T0082163  ,Assumed Name,WAITS RIVER GENERAL STORE,,RTE 25/WAITS RIV VIL,,TOPSHAM,VT,05086,RTE 25/WAITS RIV VIL,,TOPSHAM,VT,05086,Vermont,,,,,,,1990-04-18,Inactive - Expired,2010-08-17,,,,,,2015-10-16
273240,T0120039  ,Assumed Name,BLEMONT GENERAL STORE THE,,575 CHAPMAN RD,,LUDLOW,VT,05149,575 CHAPMAN RD,,LUDLOW,VT,05149,Vermont,,,,,,,1999-11-18,Inactive - Expired,,,,,,,2010-01-17
274357,T0082698  ,Assumed Name,WEST TOWNSHEND COUNTRY STORE,,ROUTE 30,,WEST TOWNSHEND,VT,05359,ROUTE 30,,WEST TOWNSHEND,VT,05359,Vermont,,,,,,,1990-05-31,Inactive - Expired,,,,,,,2000-07-30
274407,T0082748  ,Assumed Name,WEST CHARLESTON COUNTRY STORE,,ROUTE 105,,WEST CHARLESTN,VT,05872,ROUTE 105,,WEST CHARLESTN,VT,05872,Vermont,,,,,,,1990-06-04,Inactive - Expired,2000-06-15,,,,,,2010-08-15
274471,T0082812  ,Assumed Name,SHELBURNE COUNTRY STORE,,SHELBURNE FALLS ROAD,,SHELBURNE,VT,05482,SHELBURNE FALLS ROAD,,SHELBURNE,VT,05482,Vermont,,,,,,,1990-06-11,Inactive - Expired,,,,,,,2000-08-10
274496,T0082837  ,Assumed Name,WEST WARDSBORO STORE,,STRATTON-ARLINGTON,,WEST WARDSBORO,VT,05360,STRATTON-ARLINGTON,,WEST WARDSBORO,VT,05360,Vermont,,,,,,,1990-06-12,Inactive - Expired,2000-08-10,,,,,,2010-10-10
274755,T0082937  ,Assumed Name,"COUNTRY STORE AT MT. HOLLY, THE",,TOWN HIGHWAY #1,,MOUNT HOLLY,VT,05758,TOWN HIGHWAY #1,,MOUNT HOLLY,VT,05758,Vermont,,,,,,,1990-06-25,Inactive - Expired,,,,,,,2000-08-24
274793,T0082975  ,Assumed Name,NEWFANE COUNTRY STORE THE,,ROUTE 30,,NEWFANE,VT,05345,ROUTE 30,,NEWFANE,VT,05345,Vermont,,,,,,,1990-06-27,Inactive - Expired,,,,,,,2000-08-26
274961,T0157129  ,Assumed Name,STARKSBORO COUNTRY STORE,,PO BOX 29,,STARKSBORO,VT,05487,PO BOX 29,,STARKSBORO,VT,05487,Vermont,,,,,,,2008-10-01,Inactive - Expired,,,,,,,2013-11-30
275031,T0120590  ,Assumed Name,DERBY VILLAGE STORE,,PO BOX 527,,DERBY,VT,05829,PO BOX 527,,DERBY,VT,05829,Vermont,,,,,,,2000-01-13,Inactive - Expired,,,,,,,2010-03-14
275042,T0120601  ,Assumed Name,TOWNSHEND CORNER STORE,,ONE JUSTICE SQUARE,,RUTLAND,VT,05701,ONE JUSTICE SQUARE,,RUTLAND,VT,05701,Vermont,,,,,,,2000-01-14,Inactive - Expired,,,,,,,2010-03-15
275068,T0120627  ,Assumed Name,FAIRLEE GENERAL STORE,,ROUTE 5,,FAIRLEE,VT,05045,ROUTE 5,,FAIRLEE,VT,05045,Vermont,,,,,,,2000-01-17,Inactive - Expired,,,,,,,2010-03-18
275179,T0083051  ,Assumed Name,WOODBURY COUNTRY STORE,,ROUTE 14,,WOODBURY,VT,05681,ROUTE 14,,WOODBURY,VT,05681,Vermont,,,,,,,1990-07-03,Inactive - Expired,,,,,,,2000-09-01
275219,T0083091  ,Assumed Name,LESTER'S GENERAL STORE,,NORTH MAIN STREET,,ST. ALBANS,VT,05478,NORTH MAIN STREET,,ST. ALBANS,VT,05478,Vermont,,,,,,,1990-07-10,Inactive - Expired,,,,,,,2000-09-08
275248,T0083120  ,Assumed Name,DAN & WHIT'S GENERAL STORE,,MAIN STREET,,NORWICH,VT,05055,MAIN STREET,,NORWICH,VT,05055,Vermont,,,,,,,1990-07-12,Inactive - Expired,2010-08-30,,,,,,2015-10-29
275486,T0120735  ,Assumed Name,PASSUMPSIC GENERAL STORE,,32 BRIDGE,,PASSUPSIC,VT,05861,32 BRIDGE,,PASSUPSIC,VT,05861,Vermont,,,,,,,2000-01-26,Inactive - Expired,,,,,,,2010-03-27
275962,T0120901  ,Assumed Name,BROOKFIELD VALLEY STORE,,RT 14 BOX 234,,BROOKFIELD,VT,05036,RT 14 BOX 234,,BROOKFIELD,VT,05036,Vermont,,,,,,,2000-02-09,Inactive - Expired,,,,,,,2010-04-10
276025,T0120964  ,Assumed Name,CASTLETON CORNERS CONVENIENCE STORE,,215 SUSAN LN,,RUTLAND,VT,05701,215 SUSAN LN,,RUTLAND,VT,05701,Vermont,,,,,,,2000-02-15,Inactive - Expired,,,,,,,2010-04-16
276292,T0157532  ,Assumed Name,PUTNEY GENERAL STORE,,13 DUSTY RIDGE,,PUTNEY,VT,05346,13 DUSTY RIDGE,,PUTNEY,VT,05346,Vermont,,,,,,,2008-11-17,Inactive - Expired,,,,,,,2014-01-16
276621,T0083559  ,Assumed Name,CREAMERY COUNTRY STORE,,US ROUTE 2,,E. MONTPELIER,VT,05651,US ROUTE 2,,E. MONTPELIER,VT,05651,Vermont,,,,,,,1990-08-24,Inactive - Expired,,,,,,,2000-10-23
276877,T0121196  ,Assumed Name,PUTNEY GENERAL STORE,,PO BOX 669,,PUTNEY,VT,05346,PO BOX 669,,PUTNEY,VT,05346,Vermont,,,,,,,2000-03-03,Inactive - Expired,,,,,,,2010-05-03
276931,T0121250  ,Assumed Name,RED BARN BOMOSEEN HARBOR GENERAL STORE,,PO BOX 616,,CASTLETON,VT,05735,PO BOX 616,,CASTLETON,VT,05735,Vermont,,,,,,,2000-03-06,Inactive - Expired,,,,,,,2010-05-06
277123,T0083750  ,Assumed Name,NAME BRAND STORE OF STOWE,,PARK STREET,,STOWE,VT,05672,PARK STREET,,STOWE,VT,05672,Vermont,,,,,,,1990-09-17,Inactive - Expired,,,,,,,2000-11-16
277262,T0157882  ,Assumed Name,ADDISON FOUR CORNERS STORE,,4934 VT ROUTE 22A,,ADDISON,VT,05491,4934 VT ROUTE 22A,,ADDISON,VT,05491,Vermont,,,,,,,2009-01-01,Inactive - Expired,,,,,,,2014-03-02
277303,T0121312  ,Assumed Name,UNDERHILL COUNTRY STORE,,PO BOX 112,,UNDERHILL CTR,VT,05490,PO BOX 112,,UNDERHILL CTR,VT,05490,Vermont,,,,,,,2000-03-14,Inactive - Expired,,,,,,,2010-05-14
277447,T0121456  ,Assumed Name,CASTLETON CORNERS CONVENIENCE STORE,,215 SUSAN LN,,RUTLAND,VT,05701,215 SUSAN LN,,RUTLAND,VT,05701,Vermont,,,,,,,2000-03-28,Inactive - Expired,,,,,,,2010-05-28
277451,T0121460  ,Assumed Name,CRAFTSBURY CORNER STORE,,1800 COLLINSVILLE RD,,CRAFTSBURY,VT,05826,1800 COLLINSVILLE RD,,CRAFTSBURY,VT,05826,Vermont,,,,,,,2000-03-28,Inactive - Expired,,,,,,,2010-05-28
277979,T0083990  ,Assumed Name,CREAMERY COUNTRY STORE,,US RTE 2,,E. MONTPELIER,VT,05651,US RTE 2,,E. MONTPELIER,VT,05651,Vermont,,,,,,,1990-10-10,Inactive - Expired,,,,,,,2000-12-09
285432,T0178843  ,Assumed Name,GUILFORD COUNTRY STORE,722513-Limited-Service Restaurants,475 COOLIDGE HGWY,,GUILFORD,VT,05301,475 COOLIDGE HGWY,,GUILFORD,VT,05301,Vermont,,,,,,,2013-04-19,Inactive - Cessated,2018-05-22,,,,,,2023-06-18
285696,T0179107  ,Assumed Name,CRAFTSBURY GENERAL STORE,,118 S CRAFTSBURY RD,,CRAFTSBURY,VT,05826,118 S CRAFTSBURY RD,,CRAFTSBURY,VT,05826,Vermont,,,,,,,2013-05-16,Inactive - Expired,,,,,,,2018-07-15
286068,T0179482  ,Assumed Name,WEST ADDISON GENERAL STORE,447110-Gasoline Stations with Convenience Stores,5944 VT ROUTE 17 W,,Addison,VT,05491,5944 VT RTE 17W,,ADDISON,VT,05491,Vermont,,,,,,,2013-06-25,Active - Registered,2023-06-30,,,,,,2028-06-25
286735,T0180150  ,Assumed Name,DUXBURY COUNTRY STORE & CAMPGROUND,,,,DUXBURY,VT,     ,,,DUXBURY,VT,     ,Vermont,,,,,,,2013-09-09,Inactive - Expired,,,,,,,2018-11-08
286752,T0180167  ,Assumed Name,FRANKLIN GENERAL STORE,445120-Convenience Stores,331 sandy bay rd,,FRANKLIN,VT,05457,331 sandy bay rd,,FRANKLIN,VT,05457,Vermont,,,,,,,2013-09-11,Inactive - Cessated,2018-09-18,,,,,,2023-11-10
286831,T0180246  ,Assumed Name,PUTNEY GENERAL STORE,,114 OLD STAGE RD,,PUTNEY,VT,05346,114 OLD STAGE RD,,PUTNEY,VT,05346,Vermont,,,,,,,2013-09-18,Inactive - Cessated,,,,,,,2018-11-17
287074,T0180490  ,Assumed Name,THE ELMORE STORE,,,,EMORE,VT,     ,,,EMORE,VT,     ,Vermont,,,,,,,2013-10-14,Inactive - Expired,,,,,,,2018-12-13
287077,T0180493  ,Assumed Name,MARLBORO GENERAL STORE,,PO BOX 52,,MARLBORO,VT,05344,PO BOX 52,,MARLBORO,VT,05344,Vermont,,,,,,,2013-10-15,Inactive - Expired,,,,,,,2018-12-14
287109,T0180525  ,Assumed Name,JACKSONVILLE GENERAL STORE,445110-Supermarkets and Other Grocery (except Convenience) Stores,3054 route 100,,JACKSONVILLE,VT,05342,3054 route 100,,JACKSONVILLE,VT,05342,Vermont,,,,,,,2013-10-18,Inactive - Cessated,2018-10-24,,,,,,2023-12-17
287148,T0180564  ,Assumed Name,GREEN MOUNTAIN COUNTRY STORE,,,,LYNDONVILLE,VT,     ,,,LYNDONVILLE,VT,     ,Vermont,,,,,,,2013-10-23,Inactive - Expired,,,,,,,2018-12-22
287161,T0180577  ,Assumed Name,THE HEARTH & HOME COUNTRY STORE,"453220-Gift, Novelty, and Souvenir Stores",28 Cross Street,,ISLAND POND,VT,05846,PO BOX 509,,ISLAND POND,VT,05846,Vermont,,,,,,,2013-10-23,Inactive - Expired,2018-11-26,,,,,,2023-12-22
287354,T0180770  ,Assumed Name,WINDMILL POINT COUNTRY STORE,,243A US RTE 2N,,ALBURGH,VT,05440,243A US RTE 2N,,ALBURGH,VT,05440,Vermont,,,,,,,2013-11-13,Inactive - Cessated,,,,,,,2019-01-12
287384,T0180800  ,Assumed Name,MAD RIVER GENERAL STORE,,164 WHITE PINE DR,,WAITSFIELD,VT,05673,164 WHITE PINE DR,,WAITSFIELD,VT,05673,Vermont,,,,,,,2013-11-18,Inactive - Expired,,,,,,,2019-01-17
287385,T0180801  ,Assumed Name,MAD RIVER COUNTRY STORE,,164 WHITE PINE DR,,WAITSFIELD,VT,05673,164 WHITE PINE DR,,WAITSFIELD,VT,05673,Vermont,,,,,,,2013-11-18,Inactive - Expired,,,,,,,2019-01-17
289049,T0181550  ,Assumed Name,ISLE LA MOTTE COUNTRY STORE,445120-Convenience Stores,68 School Street,,ISLE LA MOTTE,VT,05463,PO BOX 22,,ISLE LA MOTTE,VT,05463,Vermont,,,,,,,2014-02-07,Inactive - Cessated,2019-02-27,,,,,,2024-04-08
289149,T0181651  ,Assumed Name,JJ HAPGOOD GENERAL STORE AND EATERY,722511-Full-Service Restaurants,305 MAIN,,Peru,VT,05152,"305 MAIN, PO BOX 37",,PERU,VT,05152,Vermont,,,,,,,2014-02-19,Inactive - Cessated,2019-04-10,,,,,,2024-04-20
289986,T0181682  ,Assumed Name,EAST POULTNEY GENERAL STORE,445120-Convenience Stores,11 on the Green,,East Poultney,VT,05741,11 on the Green,,East Poultney,VT,05741,Vermont,,,,,,,2014-02-21,Inactive - Expired,2019-02-25,,,,,,2024-04-22
290059,T0181756  ,Assumed Name,LOCUST CREEK COUNTRY STORE,447110-Gasoline Stations with Convenience Stores,1796 RIVER ST,,BETHEL,VT,05032,1796 RIVER ST,,BETHEL,VT,05032,Vermont,,,,,,,2014-02-27,Inactive - Expired,2019-03-13,,,,,,2024-04-28
290346,T0182050  ,Assumed Name,BLACK GOAT COUNTRY STORE,,PO BOX 25,,E DORSET,VT,05253,PO BOX 25,,E DORSET,VT,05253,Vermont,,,,,,,2014-03-26,Inactive - Expired,,,,,,,2019-05-25
291451,T0182519  ,Assumed Name,ADDISON FOUR CORNERS STORE,445120-Convenience Stores,4934 VT RT 22A,,ADDISON,VT,05491,4934 VT RT 22A,,ADDISON,VT,05491,Vermont,,,,,,,2014-05-05,Inactive - Expired,2019-05-20,,,,,,2024-07-04
293276,T0183119  ,Assumed Name,WAITS RIVER COUNTRY STORE & DELI,,149 VT ROUTE 25,,WEST TOPSHAM,VT,05086,149 VT ROUTE 25,,WEST TOPSHAM,VT,05086,Vermont,,,,,,,2014-07-01,Inactive - Expired,,,,,,,2019-08-30
294566,T0183490  ,Assumed Name,BRIDGE'S COUNTRY STORE,,2149 US ROUTE 4,,MENDON,VT,05701,2149 US ROUTE 4,,MENDON,VT,05701,Vermont,,,,,,,2014-08-18,Inactive - Expired,,,,,,,2019-10-17
296125,          ,Assumed Name,JAY COUNTRY STORE,447110-Gasoline Stations with Convenience Stores,1077 vt rte 242,,Jay,VT,06859,1077 vt rte 242,,Jay,VT,06859,Vermont,,,,,,,2014-10-13,Inactive - Expired,,,,,,,2019-12-12
297502,          ,Assumed Name,BROWNSVILLE GENERAL STORE & QUEENS CAFE,452319-All Other General Merchandise Stores,871 US RTE 44,,BROWNSVILLE,VT,05037,PO BOX 13,,BROWNSVILLE,VT,05037,Vermont,,,,,,,2014-12-01,Inactive - Cessated,,,,,,,2020-01-30
297728,          ,Assumed Name,MANCHESTER VARIETY STORE,445120-Convenience Stores,557 DEPOT ST,,MANCHESTER,VT,05255,557 DEPOT ST,,MANCHESTER,VT,05255,Vermont,,,,,,,2014-12-08,Inactive - Expired,,,,,,,2020-02-07
297801,          ,Assumed Name,SIMON'S SHELBURNE ROAD STORE,447110-Gasoline Stations with Convenience Stores,75 South Winooski Avenue,,Burlington,VT,05401,75 South Winooski Avenue,,Burlington,VT,05401,Vermont,,,,,,,2014-12-10,Inactive - Expired,,,,,,,2020-02-09
298658,          ,Assumed Name,LINCOLN GENERAL STORE,445120-Convenience Stores,17 East River Road,,Lincoln,VT,05443,17 East River Road,,Lincoln,VT,05443,Vermont,,,,,,,2015-01-12,Inactive - Expired,,,,,,,2020-03-12
299616,          ,Assumed Name,TROY COUNTRY STORE,447110-Gasoline Stations with Convenience Stores,6461 VT RTE 100,,TROY,VT,05868,PO BOX 187,,TROY,VT,05868,Vermont,,,,,,,2015-02-06,Inactive - Cessated,,,,,,,2020-04-09
300073,          ,Assumed Name,MARVIN'S COUNTRY STORE,445299-All Other Specialty Food Stores,31 Main Street,,Johnson,VT,05656,37 Industrial Park Drive,,Morrisville,VT,05661,Vermont,,,,,,,2015-02-24,Inactive - Expired,2020-03-04,,,,,,2025-02-23
300544,          ,Assumed Name,WARDSBORO COUNTRY STORE,445120-Convenience Stores,23 MAIN ST,,WARDSBORO,VT,05355,PO Box 357,,WARDSBORO,VT,05355,Vermont,,,,,,,2015-03-09,Inactive - Expired,2020-03-31,,,,,,2025-03-09
301670,          ,Assumed Name,UPPER VALLEY GRILL&GENERAL STORE,447110-Gasoline Stations with Convenience Stores,2967 Scott Hwy,,Groton,VT,05046,2967 Scott Hwy,,Groton,VT,05046,Vermont,,,,,,,2015-04-09,Inactive - Expired,,,,,,,2020-06-08
305075,          ,Assumed Name,LUDLOW COUNTRY STORE,722513-Limited-Service Restaurants,1491 VT Rt 103 S,,Mt Holly,VT,05758,1491 VT Rt 103 S,,Mt Holly,VT,05758,Vermont,,,,,,,2015-07-04,Inactive - Expired,2020-07-08,,,,,,2025-09-02
305248,          ,Assumed Name,FLETCHER GENERAL STORE,445120-Convenience Stores,110 SCHOOL RD,,FLETCHER,VT,05444,PO 385,,FAIRFAX,VT,05454,Vermont,,,,,,,2015-07-02,Inactive - Cessated,,,,,,,2020-08-31
307090,          ,Assumed Name,SHERMAN'S GENERAL STORE,447110-Gasoline Stations with Convenience Stores,151 Mill Road,,West Rupert,VT,05776,151 Mill Road,,West Rupert,VT,05776,Vermont,,,,,,,2015-09-08,Inactive - Expired,,,,,,,2020-11-07
307124,          ,Assumed Name,HINESBURG GENERAL STORE,453998-All Other Miscellaneous Store Retailers (except Tobacco Stores),14312 Route 116,,Hinesburg,VT,05461,14312 Route 116,,Hinesburg,VT,05461,Vermont,,,,,,,2015-09-09,Inactive - Expired,,,,,,,2020-11-08
307319,          ,Assumed Name,SOUTH WOODSTOCK COUNTRY STORE,445120-Convenience Stores,4800 South Road,,South Woodstock,VT,05071,P.O. Box 55,,South Woodstock,VT,05071,Vermont,,,,,,,2015-09-15,Inactive - Cessated,,,,,,,2020-11-14
308762,          ,Assumed Name,DAN & WHIT'S GENERAL STORE,452319-All Other General Merchandise Stores,2325 Old River Rd.,,White River Junction,VT,05001,2325 Old River Rd.,,White River Junction,VT,05001,Vermont,,,,,,,2015-10-30,Inactive - Expired,,,,,,,2020-12-29
309787,          ,Assumed Name,THE GENERAL STORE AT SUGARBUSH,452319-All Other General Merchandise Stores,1840 Sugarbush Access Road,,Warren,VT,05674,1840 Sugarbush Access Road,,Warren,VT,05674,Vermont,,,,,,,2015-12-04,Inactive - Cessated,,,,,,,2021-02-02
310271,          ,Assumed Name,MACHS GENERAL STORE,"813990-Other Similar Organizations (except Business,Professional,Labor, and Political Organizations)",PO BOX 84  18 SCHOOL STREET,,PAWLET,VT,05761,PO BOX 84  18 SCHOOL STREET,,PAWLET,VT,05761,Vermont,,,,,,,2015-12-21,Inactive - Expired,2021-01-10,,,,,,2025-12-21
311195,          ,Assumed Name,ALDRICH'S GENERAL STORE,445120-Convenience Stores,196 US Route 5A,,west burke,VT,05871,196 US Route 5A,,west burke,VT,05871,Vermont,,,,,,,2016-01-19,Inactive - Expired,2021-02-03,,,,,,2026-01-19
312029,          ,Assumed Name,WOODBURY VILLAGE STORE,445110-Supermarkets and Other Grocery (except Convenience) Stores,21 Valley Lake Rd,,Woodbury,VT,05681,PO Box 295,,Woodbury,VT,05681,Vermont,,,,,,,2016-02-09,Inactive - Expired,,,,,,,2021-04-10
312721,          ,Assumed Name,DEBANVILLE'S GENERAL STORE & CAFE,447110-Gasoline Stations with Convenience Stores,47 RTE 105,,Bloomfield,VT,05905,37 Private West #2,,Maidstone,VT,05905,Vermont,,,,,,,2016-03-02,Inactive - Expired,2021-03-09,,,,,,2026-03-02
313038,          ,Assumed Name,802 GENERAL STORE,454110-Electronic Shopping and Mail-Order Houses,8 Kimberlee ln,,Orange,VT,05641,8 Kimberlee ln,,Orange,VT,05641,Vermont,,,,,,,2016-03-10,Inactive - Expired,,,,,,,2021-05-09
317228,          ,Assumed Name,SHAFTSBURY COUNTRY STORE,445120-Convenience Stores,972 Rt 7A,,Shaftsbury,VT,05262,972 Rt 7A,,Shaftsbury,VT,05262,Vermont,,,,,,,2016-04-01,Inactive - Expired,,,,,,,2021-05-31
317672,          ,Assumed Name,MIKES COUNTRY STORE,453998-All Other Miscellaneous Store Retailers (except Tobacco Stores),81 route 7-b north,,n.clarendon,VT,05759,81 route 7-b north,,n.clarendon,VT,05759,Vermont,,,,,,,2016-04-14,Inactive - Expired,,,,,,,2021-06-13
319010,          ,Assumed Name,UNDERHILL COUNTRY STORE,445110-Supermarkets and Other Grocery (except Convenience) Stores,1 PLEASANT VALLEY RD,,UNDERHILL,VT,05490,1 PLEASANT VALLEY RD,,UNDERHILL,VT,05490,Vermont,,,,,,,2016-05-05,Inactive - Expired,,,,,,,2021-07-04
319205,          ,Assumed Name,HUBBARD'S COUNTRY STORE,453998-All Other Miscellaneous Store Retailers (except Tobacco Stores),38 VT RTE 125,,HANCOCK,VT,05748,38 VT RTE 125,,HANCOCK,VT,05748,Vermont,,,,,,,2016-05-23,Inactive - Expired,,,,,,,2021-07-22
319594,          ,Assumed Name,NORTHWOODS GENERAL STORE,446191-Food (Health) Supplement Stores,160 Wild Rose Circle,,Shelburne,VT,05482,160 Wild Rose Circle,,Shelburne,VT,05482,Vermont,,,,,,,2016-06-06,Inactive - Expired,,,,,,,2021-08-05
320654,          ,Assumed Name,GRANVILLE GENERAL STORE,445120-Convenience Stores,5358 VT Route 100,,Granville,VT,05747,5358 VT Route 100,,Granville,VT,05747,Vermont,,,,,,,2016-07-11,Inactive - Cessated,,,,,,,2021-09-09
321080,          ,Assumed Name,CAMBRIDGEPORT COUNTRY STORE,452319-All Other General Merchandise Stores,997A&B Saxtons River Road,,cambridgeport,VT,05141,PO Box 292,,Benson,VT,05731,Vermont,,,,,,,2016-07-25,Inactive - Expired,,,,,,,2021-09-23
322572,          ,Assumed Name,MOUNTAIN VIEW COUNTRY STORE,452319-All Other General Merchandise Stores,2845 Irish Hill Road,,Lowell,VT,05847,2845 Irish Hill Road,,Lowell,VT,05847,Vermont,,,,,,,2016-09-10,Inactive - Expired,,,,,,,2021-11-09
323695,          ,Assumed Name,STORE OF ROCHESTER THE,445110-Supermarkets and Other Grocery (except Convenience) Stores,56 1/2 MERCHANTS ROW,,RUTLAND,VT,05701,PO BOX 609,,RUTLAND,VT,05702,Vermont,,,,,,,2016-10-17,Inactive - Expired,,,,,,,2021-12-16
325474,          ,Assumed Name,SNOWSVILLE GENERAL STORE,452319-All Other General Merchandise Stores,4642 VT RT 12,,Braintree,VT,05060,4642 VT RT 12,,Braintree,VT,05060,Vermont,,,,,,,2016-12-14,Inactive - Expired,,,,,,,2022-02-12
325695,          ,Assumed Name,BELMONT GENERAL STORE,445120-Convenience Stores,2400 Belmont Rd.,,Belmont,VT,05730,PO Box 263,,Belmont,VT,05730,Vermont,,,,,,,2016-12-22,Inactive - Expired,,,,,,,2022-02-20
326153,          ,Assumed Name,THE WARREN STORE,452319-All Other General Merchandise Stores,284 Main Street,,Warren,VT,05674,PO Box 79A,284 Main Street,Warren,VT,05674,Vermont,,,,,,,2017-01-06,Inactive - Cessated,,,,,,,2022-03-07
327812,          ,Assumed Name,HARBOR VIEW GENERAL STORE,445120-Convenience Stores,33 Creek Road,,Hydeville,VT,05750,PO Box 84,,Hydeville,VT,05750,Vermont,,,,,,,2017-02-23,Inactive - Cessated,,,,,,,2022-04-24
328121,          ,Assumed Name,BRANDON COUNTRY STORE,"453220-Gift, Novelty, and Souvenir Stores",45 Severy Farm Road,,Brandon,VT,05733,45 Severy Farm Road,,Brandon,VT,05733,Vermont,,,,,,,2017-03-02,Inactive - Expired,,,,,,,2022-05-01
331522,          ,Assumed Name,BARNES CAMP COUNTRY STORE,445120-Convenience Stores,5781 Mountain Road,,Stowe,VT,05672,"390 Interlocken Road, Suite 1000",,Broomfield,CO,80021,Vermont,,,,,,,2017-06-07,Inactive - Expired,,,,,,,2022-08-06
331977,          ,Assumed Name,THE MORGAN COUNTRY STORE,445120-Convenience Stores,8411 VT Route 111,,Morgan,VT,05853,P.O. Box 251,,Derby Line,VT,05830,Vermont,,,,,,,2017-06-19,Active - Registered,2022-06-25,,,,,,2027-06-19
332750,          ,Assumed Name,FLETCHER GENERAL STORE ,453998-All Other Miscellaneous Store Retailers (except Tobacco Stores),271 SHAW RD,,FLETCHER,VT,05444,271 SHAW RD,,CAMBRIDGE,VT,05444,Vermont,,,,,,,2017-07-14,Inactive - Expired,,,,,,,2022-09-12
333600,          ,Assumed Name,CORNWALL COUNTRY STORE,445120-Convenience Stores,2513 Vt Route 30,,Cornwall,VT,05753,PO Box 415,,Middlebury,VT,05753,Vermont,,,,,,,2017-08-09,Inactive - Expired,,,,,,,2022-10-08
334364,          ,Assumed Name,APPLE ISLAND GENERAL STORE,452319-All Other General Merchandise Stores,"280 Daines Street, Suite 300",,Birmingham,MI,48009,"280 Daines Street, Suite 300",,Birmingham,MI,48009,Vermont,,,,,,,2017-09-01,Active - Registered,2022-09-07,,,,,,2027-09-01
336141,          ,Assumed Name,ASCUTNEY GENERAL STORE,452319-All Other General Merchandise Stores,629 Route 131,,Windsor,VT,05089,629 Route 131,,Windsor,VT,05089,Vermont,,,,,,,2017-10-26,Inactive - Expired,,,,,,,2022-12-25
337487,          ,Assumed Name,BENSON VILLAGE STORE,445120-Convenience Stores,774 Lake Road,,Benson,VT,05731,774 Lake Road,,Benson,VT,05731,Vermont,,,,,,,2017-12-04,Inactive - Expired,,,,,,,2023-02-02
337942,          ,Assumed Name,JERUSALEM CORNERS COUNTRY STORE,445120-Convenience Stores,1858 VT Route 17,,Starksboro,VT,05487,1858 VT Route 17,,Starksboro,VT,05487,Vermont,,,,,,,2017-12-22,Inactive - Cessated,,,,,,,2023-02-20
337953,          ,Assumed Name,ROUTE 4 COUNTRY STORE DELI & BAR-B-QUE,722320-Caterers,3699 Woodstock Rd,,WRJ,VT,05001,3699 Woodstock Rd,,WRJ,VT,05001,Vermont,,,,,,,2017-12-23,Inactive - Expired,,,,,,,2023-02-21
338330,          ,Assumed Name,TEAGO GENERAL STORE,531190-Lessors of Other Real Estate Property,2035 Pomfret Road,,South Pomfret,VT,05067,PO BOX 158,,South Pomfret,VT,05067,Vermont,,,,,,,2018-01-04,Inactive - Cessated,,,,,,,2023-03-05
338810,          ,Assumed Name,QUECHEE GORGE COUNTRY STORE,445299-All Other Specialty Food Stores,5573 Woodstock road,,Quechee,VT,05059,PO Box 313,,Quechee,VT,05059,Vermont,,,,,,,2018-01-17,Inactive - Expired,,,,,,,2023-03-18
339175,          ,Assumed Name,IRASVILLE COUNTRY STORE,447110-Gasoline Stations with Convenience Stores,5134 MAIN STREET,,WAITFIELD,VT,05673,354 Eurich Farm Road,,WAITSFIELD,VT,05673,Vermont,,,,,,,2018-01-25,Active - Registered,2023-02-06,,,,,,2028-01-26
340524,          ,Assumed Name,GRANVILLE COUNTRY STORE,445120-Convenience Stores,5358 VT Route 100,,Granville,VT,05747,5358 VT Route 100,,Granville,VT,05747,Vermont,,,,,,,2018-02-28,Active - Registered,2023-04-14,,,,,,2028-02-29
341565,          ,Assumed Name,1836 COUNTRY STORE,"453220-Gift, Novelty, and Souvenir Stores",28 West Main St,,Wilmington,VT,05363,PO Box 578,,Wilmington,VT,05363,Vermont,,,,,,,2018-03-27,Inactive - Cessated,,,,,,,2023-05-26
342250,          ,Assumed Name,NEWBURY VILLAGE STORE AND THISTLE CAFE,452319-All Other General Merchandise Stores,4991 MAIN ST S,,NEWBURY,VT,05051,"4991 US Route 5 South, PO Box 393",4991 rt 5 s,Newbury,VT,05051,Vermont,,,,,,,2018-04-12,Active - Registered,2023-04-21,,,,,,2028-04-12
342654,          ,Assumed Name,SUNDERLAND COUNTRY STORE,452319-All Other General Merchandise Stores,6367 Route 7A,,Sunderland,VT,05250,1212 chunks brook rd,,sandgate,VT,05250,Vermont,,,,,,,2018-04-23,Inactive - Cessated,,,,,,,2023-06-22
343784,          ,Assumed Name,LAWRENCE'S SMOKE SHOP AND COUNTRY STORE,445299-All Other Specialty Food Stores,14 Park Place,,Brattleboro,VT,05301,14 Park Place,,Brattleboro,VT,05301,Vermont,,,,,,,2018-05-22,Inactive - Cessated,,,,,,,2023-07-21
344405,          ,Assumed Name,BRIDGEWATER COUNTRY STORE,445120-Convenience Stores,5680 us rt 4,,waterbridge,VT,05035,5680 us rt 4,,waterbridge,VT,05035,Vermont,,,,,,,2018-06-08,Inactive - Expired,,,,,,,2023-08-07
344950,          ,Assumed Name,DERBY COUNTRY STORE,454110-Electronic Shopping and Mail-Order Houses,2477 US Route 5,Lot C20,DERBY,VT,05829,2477 US Route 5,Lot C20,DERBY,VT,05829,Vermont,,,,,,,2018-06-25,Inactive - Expired,,,,,,,2023-08-24
345785,          ,Assumed Name,SOUTH WOODSTOCK COUNTRY STORE,445299-All Other Specialty Food Stores,4800 South Road,,South Woodstock,VT,05071,4800 South Road,,South Woodstock,VT,05071,Vermont,,,,,,,2018-07-19,Inactive - Expired,,,,,,,2023-09-17
345791,          ,Assumed Name,THE VERMONT MAPLE HOUSE COUNTRY STORE & RESTAURANT,454390-Other Direct Selling Establishments,193 HEMLOCK RD,,WILLISTON,VT,05493,PO BOX 70,,HINESBURG,VT,05461,Vermont,,,,,,,2018-07-19,Active - Registered,2023-09-21,,,,,,2028-07-27
346169,          ,Assumed Name,CRAFTSBURY GENERAL STORE,445120-Convenience Stores,118 S. Craftsbury Road,,Craftsbury,VT,05826,118 S. Craftsbury Road,,Craftsbury,VT,05826,Vermont,,,,,,,2018-07-31,Inactive - Expired,,,,,,,2023-09-29
348715,          ,Assumed Name,PUTNEY GENERAL STORE,445120-Convenience Stores,4 Kimball Hill Road,,Putney,VT,05346,P.O. Box 260,,Putney,VT,05346,Vermont,,,,,,,2018-10-10,Inactive - Cessated,,,,,,,2023-12-09
349884,          ,Assumed Name,RIPTON COUNTRY STORE ,445120-Convenience Stores,1194 Route 125,,Ripton,VT,05766,PO Box 60,,Ripton,VT,05766,Vermont,,,,,,,2018-11-13,Inactive - Expired,,,,,,,2024-01-12
351147,          ,Assumed Name,BRISTOL C STORE,447110-Gasoline Stations with Convenience Stores,3191 Rte 116,,Bristol,VT,05443,3191 Rte 116,,Bristol,VT,05443,Vermont,,,,,,,2018-12-20,Active - Registered,2024-02-12,,,,,,2028-12-20
352876,          ,Assumed Name,WEST CHARLESTON CORNER STORE,453998-All Other Miscellaneous Store Retailers (except Tobacco Stores),1074 route 105,,west charleston,VT,05872,1074,,west charleston,VT,05872,Vermont,,,,,,,2019-01-31,Active - Registered,2024-03-28,,,,,,2029-01-30
352908,          ,Assumed Name,MAD RIVER COUNTRY STORE,445299-All Other Specialty Food Stores,164 WHITE PINES DR,,WAITSFIELD,VT,05673,164 WHITE PINES DR,,WAITSFIELD,VT,05673,Vermont,,,,,,,2019-02-01,Active - Registered,2024-02-05,,,,,,2029-01-31
352909,          ,Assumed Name,MAD RIVER GENERAL STORE,445299-All Other Specialty Food Stores,164 WHITE PINES DR,,WAITSFIELD,VT,05673,164 WHITE PINES DR,,WAITSFIELD,VT,05673,Vermont,,,,,,,2019-02-01,Active - Registered,2024-02-05,,,,,,2029-01-31
353099,          ,Assumed Name,VALLEY GRILL AND GENERAL STORE,722511-Full-Service Restaurants,2967 Scott Hwy,,Groton,VT,05046,2967 Scott Hwy,,Groton,VT,05046,Vermont,,,,,,,2019-02-06,Active - Registered,2024-02-15,,,,,,2029-02-05
355593,          ,Assumed Name,LAWRENCE'S SMOKE SHOP & COUNTRY STORE,445299-All Other Specialty Food Stores,653 Vt Rte 30,653 Vt Rte 30,TOWNSHEND,VT,05353,625 RT 30,,TOWNSHEND,VT,05353,Vermont,,,,,,,2019-04-02,Active - Registered,2024-04-24,,,,,,2029-04-02
357130,          ,Assumed Name,DORSET UNION STORE,445120-Convenience Stores,31 Church Street,,Dorset,VT,05251,PO Box 100,,Dorset,VT,05251,Vermont,,,,,,,2019-05-08,Active - Registered,2024-05-13,,,,,,2029-05-08
358856,          ,Assumed Name,MILLER'S COUNTRY STORE,448150-Clothing Accessories Stores,2079 Laporte Road,,Morrisville,VT,05661,P.O. Box 781,,Morrisville,VT,05661,Vermont,,,,,,,2019-06-17,Inactive - Expired,,,,,,,2024-08-16
359102,          ,Assumed Name,WINDMILL POINT COUNTRY STORE & BAKERY,"453220-Gift, Novelty, and Souvenir Stores",2319 US Rte 2N,,Alburgh,VT,05440,2319 US Rte 2N,,Alburgh,VT,05440,Vermont,,,,,,,2019-06-21,Inactive - Expired,,,,,,,2024-08-20
359475,          ,Assumed Name,"MOTHER HUBBARD'S BAKERY, DELI AND COUNTRY STORE",445120-Convenience Stores,19 Bushey Road,,Swanton,VT,05488,19 Bushey Road,,St.Albans,VT,05478,Vermont,,,,,,,2019-06-29,Inactive - Cessated,,,,,,,2024-08-28
362337,          ,Assumed Name,PUTNEY GENERAL STORE,445120-Convenience Stores,4 Kimball Hill Road,,Putney,VT,05346,4 Kimball Hill Road,,Putney,VT,05346,Vermont,,,,,,,2019-09-09,Inactive - Expired,,,,,,,2024-11-08
362767,          ,Assumed Name,WAITS RIVER COUNTRY STORE & DELI,445120-Convenience Stores,149 Vt Route 25,,West Topsham,VT,05086,149 Vt Route 25,,West Topsham,VT,05086,Vermont,,,,,,,2019-09-18,Inactive - Expired,,,,,,,2024-11-17
362841,          ,Assumed Name,WASHINGTON VILLAGE STORE,445120-Convenience Stores,2980 VT Route 110,,Washington,VT,05675,2980 VT Route 110,,Washington,VT,05675,Vermont,,,,,,,2019-09-19,Active - Registered,2024-10-10,,,,,,2029-09-19
367101,          ,Assumed Name,THE GENERAL STORE AT SUGARBUSH,452319-All Other General Merchandise Stores,1840 Sugarbush Access Road,,Warren,VT,05674,1840 Sugarbush Access Road,,Warren,VT,05674,Vermont,,,,,,,2020-01-14,Inactive - Expired,,,,,,,2025-01-14
370418,          ,Assumed Name,JAY COUNTRY STORE,445120-Convenience Stores,1077 vt rt 242,,JAY,VT,05859,578 VT RT 242,,JAY,VT,05859,Vermont,,,,,,,2020-04-09,Inactive - Expired,,,,,,,2025-04-09
371539,          ,Assumed Name,LINCOLN GENERAL STORE,445120-Convenience Stores,17 east river road,,lincoln,VT,05443,17 east river road,,lincoln,VT,05443,Vermont,,,,,,,2020-05-11,Inactive - Cessated,,,,,,,2025-07-10
371707,          ,Assumed Name,1836 COUNTRY STORE,"453220-Gift, Novelty, and Souvenir Stores",28 West Main St,,Wilmington,VT,05363,PO Box 578,,Wilmington,VT,05363,Vermont,,,,,,,2020-05-14,Inactive - Cessated,,,,,,,2025-07-13
374584,          ,Assumed Name,LOWELL GENERAL STORE,445120-Convenience Stores,3042 Vt Rt 100,,Lowell,VT,05847,3042 Vt Rt 100,,Lowell,VT,05847,Vermont,,,,,,,2020-07-19,Inactive - Cessated,,,,,,,2025-09-17
375695,          ,Assumed Name,SCAMPY'S COUNTRY STORE & DELI,445120-Convenience Stores,1155 VT Route 105,,West Charleston,VT,05872,76 LYON RD,,DERBY LINE,VT,05830,Vermont,,,,,,,2020-08-11,Inactive - Cessated,,,,,,,2025-10-10
376765,          ,Assumed Name,THE WARREN STORE,452319-All Other General Merchandise Stores,284-290 Main Street,,Warren,VT,05674,284-290 Main Street,,Warren,VT,05674,Vermont,,,,,,,2020-09-02,Inactive - Expired,,,,,,,2025-09-02
380516,          ,Assumed Name,THETFORD CENTER VILLAGE STORE,445120-Convenience Stores,7788 Rt. 113,,Post Mills,VT,05088,7788 Rt. 113,,Post Mills,VT,05088,Vermont,,,,,,,2020-11-25,Inactive - Expired,,,,,,,2025-11-25
382456,          ,Assumed Name,BIG BARN COUNTRY STORE & COFFEE,"453220-Gift, Novelty, and Souvenir Stores",16 New Haven Road,,Vergennes,VT,05491,16 New Haven Road,,Vergennes,VT,05491,Vermont,,,,,,,2021-01-11,Inactive - Expired,,,,,,,2026-01-11
382963,          ,Assumed Name,SIMON'S SHELBURNE ROAD STORE,447110-Gasoline Stations with Convenience Stores,75 South Winooski Avenue,,Burlington,VT,05401,75 South Winooski Avenue,,Burlington,VT,05401,Vermont,,,,,,,2021-01-20,Inactive - Expired,,,,,,,2026-01-20
383032,          ,Assumed Name,SIMON'S ESSEX CENTER STORE & DELI,447110-Gasoline Stations with Convenience Stores,75 South Winooski Avenue,,Burlington,VT,05401,75 South Winooski Avenue,,Burlington,VT,05401,Vermont,,,,,,,2021-01-21,Inactive - Expired,,,,,,,2026-01-21
384754,          ,Assumed Name,THE NEWFANE STORE,445110-Supermarkets and Other Grocery (except Convenience) Stores,596 VT Route 30,,Newfane,VT,05345,596 VT Route 30,,Newfane,VT,05345,Vermont,,,,,,,2021-02-22,Inactive - Expired,,,,,,,2026-02-22
385245,          ,Assumed Name,TEAGO GENERAL STORE,445120-Convenience Stores,2035 Pomfret Road,,South Pomfret,VT,05067,PO Box 1014,,Yorktown Heights,NY,10598,Vermont,,,,,,,2021-03-04,Inactive - Expired,,,,,,,2026-03-04
387814,          ,Assumed Name,ALBANY GENERAL STORE,445120-Convenience Stores,842 Main Street,,Albany,VT,05820,118 S. Craftsbury Rd,,Craftsbury,VT,05826,Vermont,,,,,,,2021-04-19,Inactive - Expired,,,,,,,2026-04-19
389797,          ,Assumed Name,GRANITEVILLE GENERAL STORE,445120-Convenience Stores,2725 South Hill Road,,Williamstown,VT,05679,2725 South Hill Road,,Williamstown,VT,05679,Vermont,,,,,,,2021-05-24,Inactive - Expired,,,,,,,2026-05-24
389821,          ,Assumed Name,THE OLD MANCHESTER COUNTRY STORE,452319-All Other General Merchandise Stores,4919 Main St,,Manchester Center,VT,05255,4919 Main St,,Manchester Center,VT,05255,Vermont,,,,,,,2021-05-24,Inactive - Expired,,,,,,,2026-05-24
391203,          ,Assumed Name,BROOKFIELD VALLEY STORE,445120-Convenience Stores,7523 Vt. Route 14,,Brookfield,VT,05036,7523 Vt. Route 14,,Brookfield,VT,05036,Vermont,,,,,,,2021-06-21,Inactive - Expired,,,,,,,2026-06-21
393539,          ,Assumed Name,MANCHESTER COUNTRY STORE,445299-All Other Specialty Food Stores,4919 Main St,,Manchester Center,VT,05255,4919 Main St,,Manchester Center,VT,05255,Vermont,,,,,,,2021-07-16,Inactive - Expired,,,,,,,2026-07-16
395689,          ,Assumed Name,THE ELMORE STORE,445120-Convenience Stores,1208 Rt. 12,,Lake Elmore,VT,05657,PO BOX 97,,LAKE ELMORE,VT,05657,Vermont,,,,,,,2021-08-26,Active registered - Reregistration Pending,,,,,,,2026-08-26
396025,          ,Assumed Name,SANFO GENERAL STORE,445110-Supermarkets and Other Grocery (except Convenience) Stores,383 Moscow Road,,Stowe,VT,05672,383 Moscow Road,,Stowe,VT,05672,Vermont,,,,,,,2021-09-02,Inactive - Cessated,,,,,,,2026-11-01
399355,          ,Assumed Name,DOVER THE MOON GENERAL STORE,"453220-Gift, Novelty, and Souvenir Stores",4 North Ave,A,East Dover,VT,05341,PO Box 97,,East Dover,VT,05341,Vermont,,,,,,,2021-11-15,Active - Registered,,,,,,,2026-11-15
399938,          ,Assumed Name,JERUSALEM CORNERS COUNTRY STORE,445120-Convenience Stores,1858 Vermont Route 17,,Starksboro,VT,05487,1858 Vermont Route 17,,Bristol,VT,05443,Vermont,,,,,,,2021-11-29,Active - Registered,,,,,,,2026-11-29
401525,          ,Assumed Name,"MOTHER HUBBARD'S BAKERY, DELI AND COUNTRY STORE",445120-Convenience Stores,19 Bushey Road,,Swanton,VT,05488,19 Bushey Road,,St. Albans,VT,05478,Vermont,,,,,,,2022-01-04,Active - Registered,,,,,,,2027-01-04
401558,          ,Assumed Name,STORE OF ROCHESTER THE,445110-Supermarkets and Other Grocery (except Convenience) Stores,67 NORTH MAIN STREET,,ROCHESTER,VT,05767,PO BOX 196,,Rutland,VT,05702,Vermont,,,,,,,2022-01-04,Active - Registered,,,,,,,2027-01-04
403268,          ,Assumed Name,MOM & POP'S COUNTRY STORE,445110-Supermarkets and Other Grocery (except Convenience) Stores,4232 VT Route 105,,Sheldon,VT,05483,4232 VT Route 105,,Sheldon,VT,05483,Vermont,,,,,,,2022-02-03,Active - Registered,,,,,,,2027-02-03
405293,          ,Assumed Name,HANLEY'S GENERAL STORE,445110-Supermarkets and Other Grocery (except Convenience) Stores,1364 Stebbins Road,,Jeffersonville,VT,05464,1364 Stebbins Road,,Jeffersonville,VT,05464,Vermont,,,,,,,2022-03-14,Active - Registered,,,,,,,2027-03-14
407140,          ,Assumed Name,JACKSONVILLE GENERAL STORE,445120-Convenience Stores,2977 Rte 100,,Jacksonville,VT,05342,56 Burr rd,,Bloomfield,CT,06002,Vermont,,,,,,,2022-04-11,Active - Registered,,,,,,,2027-04-11
408755,          ,Assumed Name,EDEN GENERAL STORE,452319-All Other General Merchandise Stores,138 Peninsula Drive,,Eden,VT,05653,PO Box 118,,Eden,VT,05652,Vermont,,,,,,,2022-05-09,Inactive - Cessated,,,,,2026-05-20,,2027-05-09
408905,          ,Assumed Name,JACKSONVILLE COUNTRY STORE,445120-Convenience Stores,3054 VERMONT ROUTE 100,,JACKSONVILLE,VT,05342,P.O. Box 132,,Halifax,VT,05358,Vermont,,,,,,,2022-05-10,Active - Registered,,,,,,,2027-05-10
409504,          ,Assumed Name,ISLE LA MOTTE COUNTRY STORE,445120-Convenience Stores,68 School Street,,Isle la motte,VT,05463,68 School Street,,Isle la motte,VT,05463,Vermont,,,,,,,2022-05-21,Active - Registered,,,,,,,2027-05-21
409682,          ,Assumed Name,SCAMPY'S COUNTRY STORE & DELI,722513-Limited-Service Restaurants,1155 VT Rt 105,,Charleston,VT,05872,900 Main Road,Suite 3,Johns Island,SC,29455,Vermont,,,,,,,2022-05-25,Active - Registered,,,,,,,2027-05-25
410915,          ,Assumed Name,SUNRISE GENERAL STORE,452319-All Other General Merchandise Stores,44 u.s rte 4,,Bridgewater Corners,VT,05035,44 u.s rte 4,,Bridgewater Corners,VT,05035,Vermont,,,,,,,2022-06-16,Active - Registered,,,,,,,2027-06-16
411751,          ,Assumed Name,SHELBURNE COUNTRY STORE,452319-All Other General Merchandise Stores,29 Falls Road,,Shelburne,VT,05482,29 Falls Road,,Shelburne,VT,05482,Vermont,,,,,,,2022-07-05,Active - Registered,,,,,,,2027-07-05
415932,          ,Assumed Name,SNOWSVILLE GENERAL STORE,451110-Sporting Goods Stores,4642 VT RT 12,,Braintree,VT,05060,4642 VT RT12,,Braintree,VT,05060,Vermont,,,,,,,2022-09-15,Active - Registered,,,,,,,2027-09-15
416085,          ,Assumed Name,BARNARD GENERAL STORE,454390-Other Direct Selling Establishments,6134 Vt Rt 12,,Barnard,VT,05031,PO Box 245,,Barnard,VT,05031,Vermont,,,,,,,2022-09-20,Active - Registered,,,,,,,2027-09-20
417013,          ,Assumed Name,JAY PEAK PROVISIONS GENERAL STORE,452319-All Other General Merchandise Stores,830 Jay Peak Rd,,Jay,VT,05859,P.O. Box 980968,,Park City,UT,84098,Vermont,,,,,,,2022-10-07,Active - Registered,,,,,,,2027-10-07
418438,          ,Assumed Name,G & L GENERAL STORE,445120-Convenience Stores,2594 Young Road,,Benson,VT,05766,2594 Young Road,,Benson,VT,05766,Vermont,,,,,,,2022-11-08,Active - Registered,,,,,,,2027-11-08
420070,          ,Assumed Name,WOODEN BARREL COUNTRY STORE,445110-Supermarkets and Other Grocery (except Convenience) Stores,231 CHITTENDEN RD,,CHITTENDEN,VT,05737,231 CHITTENDEN RD,,CHITTENDEN,VT,05737,Vermont,,,,,,,2022-12-14,Active - Registered,,,,,,,2027-12-14
420746,          ,Assumed Name,FACTORY POINT COUNTRY STORE,"453220-Gift, Novelty, and Souvenir Stores",4961 Main Street,Suite 1,Manchester Center,VT,05255,4961 Main Street,STE 1,Manchester Center,VT,05255,Vermont,,,,,,,2023-01-01,Active - Registered,,,,,,,2028-01-01
421408,          ,Assumed Name,GUILFORD COUNTRY STORE,445110-Supermarkets and Other Grocery (except Convenience) Stores,475 Coolidge Highway,,Guilford,VT,05301,2993 Fort Bridgman Road,,Vernon,VT,05354,Vermont,,,,,,,2023-01-11,Active - Registered,,,,,,,2028-01-11
422761,          ,Assumed Name,WEST WARDSBORO STORE,445110-Supermarkets and Other Grocery (except Convenience) Stores,47 Cross Rd,,West Wardsboro,VT,05360,625 VT Rte 30,,Townshend,VT,05353,Vermont,,,,,,,2023-02-03,Inactive - Cessated,,,,,,,2028-04-03
423968,          ,Assumed Name,CHARLOTTE GENERAL STORE,445120-Convenience Stores,20 Jackson Hill Rd,,Charlotte,VT,05445,988 Prindle Road,,Charlotte,VT,05445,Vermont,,,,,,,2023-02-24,Active - Registered,,,,,,,2028-02-24
424968,          ,Assumed Name,BAKER'S GENERAL STORE ,447110-Gasoline Stations with Convenience Stores,"10, WHITTER DRIVE",,BOW,NH,03304,"10, WHITTER DRIVE",,BOW,NH,03304,Vermont,,,,,,,2023-03-14,Active - Registered,,,,,,,2028-03-14
427156,          ,Assumed Name,Wells Country Store,"445299-All Other Specialty Food Stores, 531190-Lessors of Other Real Estate Property",1450 Vermont Route 30,,Wells,VT,05774,PO Box 653,,Wells,VT,05774,Vermont,,,,,,,2023-04-24,Active - Registered,,,,,,,2028-04-24
428131,          ,Assumed Name,BELMONT GENERAL STORE,447110-Gasoline Stations with Convenience Stores,2400 Belmont Road,,Belmont,VT,05730,PO Box 22,,Belmont,VT,05730,Vermont,,,,,,,2023-05-10,Active - Registered,,,,,,,2028-05-10
429503,          ,Assumed Name,KEITH'S COUNTRY STORE & DELI,445120-Convenience Stores,3730 US Route 7,,Pittsford,VT,05763,Po box 338,,Pittsford,VT,05763,Vermont,,,,,,,2023-06-05,Active - Registered,,,,,,,2028-06-05
430027,          ,Assumed Name,FRANKLIN GENERAL STORE,445120-Convenience Stores,301 SHADY MAPLE LANE,,FRANKLIN,VT,05457,301 SHADY MAPLE LANE,,FRANKLIN,VT,05457,Vermont,,,,,,,2023-06-13,Active - Registered,,,,,,,2028-06-13
433012,          ,Assumed Name,BRIDGEWATER COUNTRY STORE,447110-Gasoline Stations with Convenience Stores,5680 US ROUT 4,,BRIDGEWATER CORNERS,VT,05035,5680 US ROUT 4,POBOX 377,BRIDGEWATER CORNERS,VT,05035,Vermont,,,,,,,2023-08-08,Active - Registered,,,,,,,2028-08-08
433020,          ,Assumed Name,CLUCKIN' CAFE & CONES POINT COUNTRY STORE,722513-Limited-Service Restaurants,21 Piedmont Dr,,Rutland,VT,05701,21 Piedmont Dr,,Rutland,VT,05701,Vermont,,,,,,,2023-08-08,Active - Registered,,,,,,,2028-08-08
435010,          ,Assumed Name,DAN & WHIT'S GENERAL STORE,445110-Supermarkets and Other Grocery (except Convenience) Stores,319 Main St,,NORWICH,VT,05055,P.O. Box 157,,Norwich,VT,05055,Vermont,,,,,,,2023-09-17,Inactive - Cessated,,,,,,,2028-11-16
435706,          ,Assumed Name,SOUTH WOODSTOCK COUNTRY STORE,445110-Supermarkets and Other Grocery (except Convenience) Stores,4800 South Road,,South woodstock,VT,05071,P.O.Bos 178,,South woodstock,VT,05071,Vermont,,,,,,,2023-09-28,Active - Registered,,,,,,,2028-09-28
437332,          ,Assumed Name,JJ HAPGOOD GENERAL STORE AND EATERY,722511-Full-Service Restaurants,3768 Main Street,,Manchester,VT,05254,PO Box 473,Glen Head,Manchester,NY,05254,Vermont,,,,,,,2023-11-03,Active - Registered,,,,,,,2028-11-03
437529,          ,Assumed Name,G & L GENERAL STORE,445120-Convenience Stores,2813 VT-22A,,BENSON,VT,05743,2813 VT-22A,,BENSON,VT,05743,Vermont,,,,,,,2023-11-08,Inactive - Expired,,,,,,,2029-01-07
438443,          ,Assumed Name,WEST WARDSBORO STORE,445110-Supermarkets and Other Grocery (except Convenience) Stores,47 Cross Rd,,West Wardsboro,VT,05360,PO Box 213,,West Wardsboro,VT,05360,Vermont,,,,,,,2023-12-01,Active - Registered,,,,,,,2028-12-01
441798,          ,Assumed Name,BILLMONTS COUNTRY STORE,454390-Other Direct Selling Establishments,544 Main Road,,Stamford,VT,05352,544 Main Road,,Stamford,VT,05352,Vermont,,,,,,,2024-01-18,Active - Registered,,,,,,,2029-01-18
441809,          ,Assumed Name,DERBY VILLAGE STORE,445110-Supermarkets and Other Grocery (except Convenience) Stores,52 Main St,,Orleans,VT,05860,52 Main St,,Orleans,VT,05860,Vermont,,,,,,,2024-01-19,Active - Registered,,,,,,,2029-01-19
442429,          ,Assumed Name,LINCOLN GENERAL STORE,445120-Convenience Stores,17 East  River Road,,Lincoln,VT,05443,17 East  River Road,,Lincoln,VT,05443,Vermont,,,,,,,2024-01-30,Active - Registered,,,,,,,2029-01-30
445659,          ,Assumed Name,DAN & WHIT'S GENERAL STORE,445120-Convenience Stores,319 Main Street,,Norwich,VT,05055,P.O. Box 157,,Norwich,VT,05055,Vermont,,,,,,,2024-03-29,Active - Registered,,,,,,,2029-03-29
446029,          ,Assumed Name,THE MAD RIVER VALLEY GENERAL STORE,444130-Hardware Stores,153 Old Mansfield Road,,Fayston,VT,05673,PO Box 373,,Waitsfield,VT,05673,Vermont,,,,,,,2024-04-06,Active - Registered,,,,,,,2029-04-06
449186,          ,Assumed Name,JERICHO COUNTRY STORE,445120-Convenience Stores,25 Jericho Center Circle,,Jericho,VT,05465,"PO Box 1039, 25 Jericho Center Circle",,Stowe,VT,05672,Vermont,,,,,,,2024-06-24,Active - Registered,,,,,,,2029-06-24
454002,          ,Assumed Name,BENSON VILLAGE STORE,"813990-Other Similar Organizations (except Business,Professional,Labor, and Political Organizations)",438 Stony Point Road,,Benson,VT,05743,438 Stony Point Road,,Benson,VT,05743,Vermont,,,,,,,2024-08-22,Active - Registered,,,,,,,2029-08-22
457996,          ,Assumed Name,ONLEY'S GENERAL STORE ,445120-Convenience Stores,72 MAIN ST,,ORLEANS,VT,05860,10 WHITTIER DRIVE,,BOW,NH,03304,Vermont,,,,,,,2024-11-19,Active - Registered,,,,,,,2029-11-19
458118,          ,Assumed Name,JOHNSON GENERAL STORE,445120-Convenience Stores,201 Lower Main Street East,,Johnson,VT,05656,PO BOX 462,,Johnson,VT,05656,Vermont,,,,,,,2024-11-21,Inactive - Cessated,,,,,2025-01-11,,2029-11-21
459059,,Assumed Name,LOWELL GENERAL STORE,447110-Gasoline Stations with Convenience Stores,,,,VT,,,,,,,,,,,,,,2024-12-19,Active - Registered,,,,,,,2029-10-20
461663,,Assumed Name,Whiting General Store,452319-All Other General Merchandise Stores,,,,VT,,,,,,,,,,,,,,2025-01-28,Active - Registered,,,,,,,2030-01-28
464154,,Assumed Name,Grafton Village Cheese Store,453998-All Other Miscellaneous Store Retailers (except Tobacco Stores),,,,VT,,,,,,,,,,,,,,2025-03-26,Active - Registered,,,,,,,2030-03-26
466026,,Assumed Name,Strafford General Store,445110-Supermarkets and Other Grocery (except Convenience) Stores,,,,VT,,,,,,,,,,,,,,2025-04-14,Active - Registered,,,,,,,2030-04-11
467263,,Assumed Name,Lawrence's Country Store,445299-All Other Specialty Food Stores,,,,VT,,,,,,,,,,,,,,2025-05-09,Active - Registered,,,,,,,2030-05-08
470732,,Assumed Name,Cabot Village Store,445110-Supermarkets and Other Grocery (except Convenience) Stores,,,,VT,,,,,,,,,,,,,,2025-08-06,Active - Registered,,,,,,,2030-08-05
476840,,Assumed Name,Minor’s Country Store,447110-Gasoline Stations with Convenience Stores,,,,VT,,,,,,,,,,,,,,2025-09-29,Active - Registered,,,,,,,2030-09-29
477084,,Assumed Name,The Tunbridge General Store,452319-All Other General Merchandise Stores,,,,VT,,,,,,,,,,,,,,2025-10-03,Active - Registered,,,,,,,2030-10-03
477226,,Assumed Name,The Morgan Country Store,"447110-Gasoline Stations with Convenience Stores, 722511-Full-Service Restaurants, 445120-Convenience Stores, 722513-Limited-Service Restaurants",,,,VT,,,,,,,,,,,,,,2025-10-08,Active - Registered,,,,,,,2030-10-07
481056,,Assumed Name,Lakeside Country store,"452990-All Other General Merchandise Stores, 722511-Full-Service Restaurants",,,,VT,,,,,,,,,,,,,,2025-11-21,Active - Registered,,,,,,,2030-11-21
483090,,Assumed Name,Vermont General & Country Store Specialists,531210-Offices of Real Estate Agents and Brokers,,,,VT,,,,,,,,,,,,,,2025-12-19,Active - Registered,,,,,,,2030-12-18
489685,,Assumed Name,Fletcher General Store,445120-Convenience Stores,,,,VT,,,,,,,,,,,,,,2026-04-12,Active - Registered,,,,,,,2031-04-10
491177,,Assumed Name,HARDWICK Gas & Convenience Store,457110-Gasoline Stations with Convenience Stores,,,,VT,,,,,,,,,,,,,,2026-05-12,Active - Registered,,,,,,,2031-05-10
491700,,Assumed Name,Eden General Store,457110-Gasoline Stations with Convenience Stores,,,,VT,,,,,,,,,,,,,,2026-05-20,Active - Registered,,,,,,,2031-05-20
495932,,Assumed Name,Westfield General Store,445120-Convenience Stores,,,,VT,,,,,,,,,,,,,,2026-07-10,Active - Registered,,,,,,,2031-07-10
496577,,Assumed Name,Notchbrook General Store 4974,"445310-Beer, Wine, and Liquor Stores, 459999-All Other Miscellaneous Retailers",,,,VT,,,,,,,,,,,,,,2026-07-25,Active - Registered,,,,,,,2031-07-24
85985,N30219    ,Domestic Nonprofit Corporation,SHREWSBURY COOPERATIVE AT PIERCE'S STORE,445120-Convenience Stores,2658 NORTHAM RD,,SHREWSBURY,VT,05738,2658 NORTHAM RD,,SHREWSBURY,VT,05738,Vermont,Lily  French ,521 Town Hill Road,,Cuttingsville,VT,05738,2008-11-24,Active - In Good Standing,2026-04-30,,0.0,,,,
87649,N30793    ,Domestic Nonprofit Corporation,PROCTOR GENERAL STORE INC,,64 SOUTH ST,,PROCTOR,VT,05765,64 SOUTH ST,,PROCTOR,VT,05765,Vermont,AMY  MOORE ,51 EDEN AVE,,PROCTOR,VT,05765,2010-02-24,Dissolved,,,0.0,,2011-07-11,,
346405,          ,Domestic Nonprofit Corporation,"CHELSEA COMMUNITY STORE, INC.",,362 VT RTE 110,,Chelsea,VT,05038,362 VT RTE 110,,Chelsea,VT,05038,,Henry  Corbett ,362 VT RTE 110,,Chelsea,VT,05038,2018-08-06,Inactive - Administratively Terminated,2019-04-30,2023-05-01,,,,This corporation is a public benefit corporation,
461956,,Domestic Nonprofit Corporation,"Orwell Store Community Trust, Inc.",813410-Civic and Social Organizations,485 Main St,,Orwell,VT,05760,PO Box 101,,Orwell,VT,05760,Vermont,"LAW OFFICE OF JOSEPH I. ANDRIANO, PLLC",485 Main St.,,Orwell,VT,05760,2025-02-03,Active - In Good Standing,2026-04-30,,,,,This corporation is a public benefit corporation,
