business_name,record_type,record_number,record_status,applicant_address,office_address,mailing_address,initial_filing_date,business_purpose_NAICS_codes,agent_names,registrant_names,registrant_type,registrant_street_address,registrant_mailing_address,name_matches,type_match,status_match,resignation_dateh,agent_street_address,agent_mailing_address
"Center Bakery And General Store, LLC",Domestic Limited Liability Company,002044,Inactive - Administratively TerminatedDesignated Office,,,"(Optional) 10 S MAIN ST, WATERBURY, VT, 05676, USA",,,,,,,,,,,,,
Kilgore's General Store,Assumed Name,256269,Inactive - Expired,," MONTGOMERY CTR, VT, USA","MAIN ST, MONTGOMERY CTR, VT, 05471, USA",1998-06-12,,,"KAREN HOUGHTALING, STEVEN HOUGHTALING",Individual,"None, MAIN ST, MONTGOMERY CTR, VT, 05471, USA","None, None",,,,,,
Cavendish General Store,Assumed Name,228103,Inactive - Expired,," MAIN STREET, CAVENDISH, VT, 5142, USA","MAIN STREET, CAVENDISH, VT, 05142, USA",1986-07-03,,,"JOSEPH M.  ALLEN, SANDRA J.  ALLEN",Individual,"PO BOX 423, CAVENDISH, VT, 05142, USA, SAME, USA","None, None",,,,,,
Watroba's General Store,Assumed Name,181892,Inactive - Expired,," BRANDON, VT, 5733, USA","2265 FOREST DALE RD, BRANDON, VT, 05733, USA",2002-04-08,,,"ZONIA G  WATROBA, ROBERT S  WATROBA",Individual,"None, 2265 FOREST DALE RD, BRANDON, VT, 05733, USA","None, None",,,,,,
Twin Brook Motel & General Store,Assumed Name,211746,Inactive - Expired,," WOODFORD, VT, 5201, USA","HCR 65, RT. 9, WOODFORD, VT, 05201, USA",1994-12-06,,,"CHARLES COLLETT, BARBARA COLLETT",Individual,"HCR 65, RT. 9, WOODFORD, VT, 05201, USA, SAME, USA","None, None",,,,,,
Santors General Store,Assumed Name,254356,Inactive - Expired,," FAIRFAX, VT, USA","27-202 BUTLER RD, FAIRFAX, VT, 05454, USA",2007-02-02,,,LISA SANTOR,Individual,"27-202 BUTLER RD, FAIRFAX, VT, 05454, USA",None,,,,,,
Putney General Store,Assumed Name,348715,Inactive - Cessated,, None,"P.O. Box 260, Putney, VT, 05346, USA",2018-10-10,,,"PUTNEY GSTORE, LLC",Business,"13 Dusty Ridge Road, Putney, VT, 05346, USA","P.O. Box 260, Putney, VT, 05346, USA",,,,,,
North Clarendon General Store,Assumed Name,241482,Inactive - Expired,," N CLARENDON, VT, USA","RT 7B, N CLARENDON, VT, 05759, USA",1997-03-28,,,JEFFREY T.S.  ALLEN,Individual,"RT 7B, N CLARENDON, VT, 05759, USA",None,,,,,,
Brownsville General Store,Assumed Name,189618,Inactive - Cessated,," RTE. 44, BROWNSVILLE, VT, 5037, USA","RTE. 44, BROWNSVILLE, VT, 05037, USA",1993-06-28,,,"YATES & WENTWORTH, INC.",Business,"871 ROUTE 44, BROWNSVILLE, VT, 05037, USA","871 ROUTE 44, BROWNSVILLE, VT, 05037, USA",,,,,,
Barnard General Store,Assumed Name,204346,Inactive - Expired,," BARNARD, VT, USA","ROUTE 12, BARNARD, VT, 05031, USA",1994-06-02,,,"BENPLAT, INC.",Business,"PO BOX 243, BARNARD, VT, 05091, USA","PO BOX 243, BARNARD, VT, 05091, USA",,,,,,
Ken's General Store,Assumed Name,213615,Inactive - Expired,," ROUTE 110, BOX 65, N TUNBRIDGE, VT, 5077, USA","ROUTE 110, BOX 65, N TUNBRIDGE, VT, 05077, USA",1985-02-07,,,KENNETH FITZGERALD,Individual,"STAR ROUTE 110, TUNBRIDGE, VT, 05077, USA",None,,,,,,
Pearson General Store,Assumed Name,178503,Inactive - Expired,," US ROUTE 5, BARNET, VT, 5821, USA","US ROUTE 5, BARNET, VT, 05821, USA",1981-05-27,,,"JEAN PEARSON, ERIC D.  PEARSON",Individual,"SAME, USA, US ROUTE 5, BARNET, VT, 05821, USA","None, None",,,,,,
Little Otter General Store,Assumed Name,202668,Inactive - Expired,," FERRISBURGH, VT, 5456, USA","2707 ROUTE 7, FERRISBURGH, VT, 05456, USA",2003-05-28,,,"TAB INVESTMENTS, INC.",Business,"843 ROUTE 22A, PANTON, VT, 05491, USA","843 ROUTE 22A, PANTON, VT, 05491, USA",,,,,,
Chaffee's General Store,Assumed Name,228891,Inactive - Expired,," MAIN ST., ALBANY, VT, 5820, USA","MAIN ST., ALBANY, VT, 05820, USA",1986-08-05,,,"CLAIR CHAFFEE, DEBRA CHAFFEE",Individual,"MAIN ST., ALBANY, VT, 05820, USA, SAME, USA","None, None",,,,,,
Red Barn Bomoseen Harbor General Store,Assumed Name,276931,Inactive - Expired,," PO BOX 616, CASTLETON, VT, 5735, USA","PO BOX 616, CASTLETON, VT, 05735, USA",2000-03-06,,,"KEN-MAR FAMILY ENTERPRISES, LLC",Business,"33 CREEK RD, CASTLETON, VT, 05735, USA","33 CREEK RD, CASTLETON, VT, 05735, USA",,,,,,
Dan & Whit's General Store,Assumed Name,445659,Active - Registered,, None,"P.O. Box 157, Norwich, VT, 05055, USA",2024-03-29,,,"FRASERS' GENERAL STORE, INC.",Business,"319 MAIN ST, NORWICH, VT, 05055, USA","P.O. Box 157, NORWICH, VT, 05055, USA",,,,,,
Mountain Pauls General Store,Assumed Name,244460,Inactive - Expired,," PUTNEY, VT, 5346, USA","PO BOX 334, PUTNEY, VT, 05346, USA",2006-04-18,,,BENJAMIN J  MOUSEL,Individual,"PO BOX 334, PUTNEY, VT, 05346, USA",None,,,,,,
Messier's General Store,Assumed Name,210164,Inactive - Expired,," E RANDOLPH, VT, 5041, USA","PO BOX 240, E RANDOLPH, VT, 05041, USA",2003-10-20,,,"JOEL EDWARD  MESSIER, AMY LYNN  MESSIER",Individual,"None, PO BOX 240, E RANDOLPH, VT, 05041, USA","None, None",,,,,,
"Sunrise General Store, Inc.",Domestic Business Corporation,116656,Dissolved,, None,None,,,,,,,,CURTIS L. BOURDON                                                                                    Agent,Business,Active,None Registered Office (Street,"24 ELM STREET, WOODSTOCK, VT, 05091, USA","24 ELM STREET, WOODSTOCK, VT, 05091, USA"
Dan & Whit's General Store,Assumed Name,275248,Inactive - Expired,," MAIN STREET, NORWICH, VT, 5055, USA","MAIN STREET, NORWICH, VT, 05055, USA",1990-07-12,,,"FRASERS' GENERAL STORE, INC.",Business,"319 MAIN ST, NORWICH, VT, 05055, USA","P.O. Box 157, NORWICH, VT, 05055, USA",,,,,,
Hinesburg General Store,Assumed Name,307124,Inactive - Expired,, None,"14312 Route 116, Hinesburg, VT, 05461, USA",2015-09-09,,,"R & A FROST, INC.",Business,"14312 Rt 116, Hinesburg, VT, 05461, USA","14312 Rt 116, Hinesburg, VT, 05461, USA",,,,,,
"Riverton General Store, Inc.",Domestic Business Corporation,094598,Inactive - Administratively Terminated,," ROUTE 12, RIVERTON, VT, 05668, USA","ROUTE 12, RIVERTON, VT, 05668, USA",,,,,,,,THOMAS F.  KOCH Agent,Individual,Active,None Registered Office (Street,"107 N MAIN ST., BARRE, VT, 05641, USA","107 N MAIN ST., BARRE, VT, 05641, USA"
Eden General Store,Assumed Name,408755,Inactive - Cessated,, None,"PO Box 118, Eden, VT, 05652, USA",2022-05-09,,,"EDEN GENERAL MARKET, LLC",Business,"138 Peninsula Drive, Eden, VT, 05653, USA","PO Box 118, PO Box 118, Eden, VT, 05652, USA",,,,,,
Albany General Store,Assumed Name,186786,Inactive - Expired,," PO BOX 263, ALBANY, VT, 5820, USA","PO BOX 263, ALBANY, VT, 05820, USA",2002-07-12,,,"JOSHUA M  GRONDIN, BRENDA J  GRONDIN",Individual,"None, PO BOX 263, ALBANY, VT, 05820, USA","None, None",,,,,,
Belmont General Store,Assumed Name,188694,Inactive - Expired,," MOUNT HOLLY, VT, USA",None,2011-07-07,,,"HOLLYBROOK MEADOWS, LLC, HOLLYBROOK MEADOWS, LLC",Business,"PO BOX 263, BELMONT, VT, 05730, USA, 4841 VT RTE 155, MOUNT HOLLY, VT, 05758, USA","None, PO Box 263, Belmont, VT, 05730, USA",,,,,,
Stockbridge General Store,Assumed Name,156698,Inactive - Expired,," RTE 100, STOCKBRIDGE, VT, 5772, USA","RTE 100, STOCKBRIDGE, VT, 05772, USA",1979-03-14,,,PACH INC.,Business,"RTE 100, STOCKBRIDGE, VT, 05772, USA","RTE 100, STOCKBRIDGE, VT, 05772, USA",,,,,,
G & L General Store,Assumed Name,418438,Active - Registered,, None,"2594 Young Road, Benson, VT, 05766, USA",2022-11-08,,,John Lendway,Individual,"2594  Young Road, Benson, VT, 05766, USA","2594  Young Road, Benson, VT, 05766 - 0576, USA",,,,,,
Lincoln General Store,Assumed Name,164644,Inactive - Expired,," RD 1 BOX 1815, BRISTOL, VT, 5443, USA","RD 1 BOX 1815, BRISTOL, VT, 05443, USA",1991-10-28,,,"STEARNS ENTERPRISES, INC.",Business,"17 EAST RIVER ROAD, LINCOLN, VT, 05443, USA","17 EAST RIVER ROAD, LINCOLN, VT, 05443, USA",,,,,,
"Grandy's General Store, Inc.",Domestic Business Corporation,124608,Inactive - Administratively Terminated,," SAME AS ABOVE, -NONE ON FILE-, USA","SAME AS ABOVE, -NONE ON FILE-",,,,,,,,MICHELLE E.  GRANDY Agent,Individual,Active,None Registered Office (Street,"13 OLD MILL ROAD, ARLINGTON, VT, 05250, USA","13 OLD MILL ROAD, ARLINGTON, VT, 05250, USA"
Green Mountain General Store And Restaurant,Assumed Name,264508,Inactive - Expired,," ROUTE 302, GROTON, VT, 5046, USA","ROUTE 302, GROTON, VT, 05046, USA",1989-07-28,,,"EDWARD R.  GREEN,",Individual,"BOX 46, GROTON, VT, 05046, USA",None,,,,,,
"Orleans General Store, Inc.",Domestic Business Corporation,126239,Inactive - Administratively Terminated,," 72 MAIN STREET, ORLEANS, VT, 05860, USA","72 MAIN STREET, ORLEANS, VT, 05860, USA",,,,,,,,MARY BLAIS Agent,Individual,Active,None Registered Office (Street,"524 SUNSET ACRES, NEWPORT, VT, 05855, USA","524 SUNSET ACRES, NEWPORT, VT, 05855, USA"
Tyson General Store,Assumed Name,195090,Inactive - Expired,," LUDLOW, VT, USA","RTE 100, LUDLOW, VT, 05159, USA",1983-06-09,,,MAURICE GILCHRIST,Individual,"RTE 100, LUDLOW, VT, 05159, USA",None,,,,,,
"General Store Of East Calais, The",Assumed Name,252136,Inactive - Expired,," E CALAIS, VT, USA","PO BOX 120, E CALAIS, VT, 05650, USA",1998-02-19,,,"CHALICE COMMUNITY VENTURE, INC.",Business,"4520 VT RT 14 PO BOX 120, EAST CALAIS, VT, 05650, USA","4520 VT RT 14 PO BOX 120, EAST CALAIS, VT, 05650, USA",,,,,,
Halifax General Store,Assumed Name,170721,Inactive - Expired,," BRANCH RD., W. HALIFAX, VT, 5358, USA","BRANCH RD., W. HALIFAX, VT, 05358, USA",1992-04-08,,,PATRICIA J.  GOUIN,Individual,"BRANCH RD., W. HALIFAX, VT, 05358, USA",None,,,,,,
Underhill General Store,Assumed Name,202211,Inactive - Expired,," UNDERHILL CTR., VT, 5490, USA",None,1984-02-27,,,"WILLIAM N.  CADMUS, MARCIA G.  CADMUS",Individual,"38 W OAK HILL RD., WILLISTON, VT, 05495, USA, SAME, USA","None, None",,,,,,
Belmont General Store,Assumed Name,428131,Active - Registered,, None,"PO Box 22, Belmont, VT, 05730, USA",2023-05-10,,,"TILLYS MARKET, LLC",Business,"2400 Belmont Road, Belmont, VT, 05730, USA","PO Box 22, Belmont, VT, 05730, USA",,,,,,
Kilgore's General Store,Assumed Name,210893,Inactive - Expired,," MONTGOMERY CTR, VT, 5471, USA","PO BOX 420, MONTGOMERY CTR, VT, 05471, USA",2003-11-06,,,"EMSQUARE, INC.",Business,"172 CHESTNUT STREET, LYNNFIELD, MA, 01940, USA","172 CHESTNUT STREET, LYNNFIELD, MA, 01940, USA",,,,,,
Little Otter General Store,Assumed Name,225284,Inactive - Expired,," ROUTE 7, FERRISBURGH, VT, 5456, USA","ROUTE 7, FERRISBURGH, VT, 05456, USA",1986-04-08,,,"DONALD T.  MYERS, MARGIE MYERS",Individual,"MIDDLEBROOK ROAD, FERRISBURGH, VT, 05456, USA, SAME, USA","None, None",,,,,,
Desso's General Store,Assumed Name,269537,Inactive - Expired,," BROWN TRACE ROAD, JERICHO CTR., VT, 5465, USA","BROWN TRACE ROAD, JERICHO CTR., VT, 05465, USA",1990-01-26,,,"GERALD F.  DESSO, LILLIAN D.  DESSO",Individual,"BROWN TRACE ROAD, JERICHO CENTER, VT, 05465, USA, SAME, USA","None, None",,,,,,
Chester General Store,Assumed Name,259559,Inactive - Expired,," ROUTE 103, CHESTER, VT, 5143, USA","ROUTE 103, CHESTER, VT, 05143, USA",1989-03-15,,,"GEORGE A.  SILVIA,, SHARON A.  SILVIA",Individual,"PO BOX 973, CHESTER, VT, 05143, USA, SAME, USA","None, None",,,,,,
Russin General Store LLC,Domestic Limited Liability Company,446349,Active - In Good StandingDesignated Office,,,"(Optional) 187 High Meadow Rd, East Fairfield, VT, 05448 - 4428, USA",,,,,,,,,,,,,
Putney General Store,Assumed Name,192473,Inactive - Expired,," PUTNEY, VT, USA","4 KIMBALL HILL RD, PUTNEY, VT, 05346, USA",2011-10-06,,,"D AND J MARKET, INC., D AND J MARKET, INCORPORATED",Business,"4 KIMBALL HILL RD, PUTNEY, VT, 05346, USA, 4 KIMBALL HILL ROAD, PUTNEY, VT, 05346, USA","None, 50 OLD LEOMINSTER ROAD, PO BOX 101, STERLING, MA, 01564, USA",,,,,,
Orleans General Store,Assumed Name,174661,Inactive - Expired,," ORLEANS, VT, USA",None,2001-10-22,,,"JOANNE ROOT, MICHAEL ROOT",Individual,"None, 2687 BURTON HILL RD, BARTON, VT, 05822, USA","None, None",,,,,,
Teago General Store,Assumed Name,246355,Inactive - Expired,," STAGE ROAD, S. POMFRET, VT, 5067, USA","STAGE ROAD, S. POMFRET, VT, 05067, USA",1988-02-19,,,"STAGE ROAD ENTERPRISES, INC., STAGE RD ENTERPRISES",Business,"2035 POMFRET RD/POB 127, SO POMFRET, VT, 05067, USA, PO BOX 127, SOUTH POMFRET, VT, 05067, USA","2035 POMFRET RD, SO POMFRET, VT, 05067, USA, None",,,,,,
Harbor View General Store,Assumed Name,327812,Inactive - Cessated,, None,"PO Box 84, Hydeville, VT, 05750, USA",2017-02-23,,,"MOBELL, LLC",Business,"33 CREEK STREET, HYDEVILLE, VT, 05750, USA","PO BOX 84, HYDEVILLE, VT, 05750, USA",,,,,,
Mad River General Store,Assumed Name,205729,Inactive - Expired,," WAITSFIELD, VT, 5673, USA","164 WHITE PINE DR, WAITSFIELD, VT, 05673, USA",2003-07-25,,,JAMES G  BOYLAN,Individual,"164 WHITE PINE DR, WAITSFIELD, VT, 05673, USA",None,,,,,,
Barnard General Store,Assumed Name,235737,Inactive - Expired,," ROUTE 12/STAGE RD, BARNARD, VT, 5031, USA","ROUTE 12/STAGE RD, BARNARD, VT, 05031, USA",1987-03-19,,,VIRGINIA GREEN MANAGEMENT CORPORATION,Business,None,None,,,,,,
Coon's General Store,Assumed Name,157269,Inactive - Expired,," RTE 4A & RTE 30, CASTLETON, VT, 5732, USA","RTE 4A & RTE 30, CASTLETON, VT, 05732, USA",1979-07-09,,,DAVID MURRAY,Individual,"RTE 4A, CASTLETON, VT, 05732, USA",None,,,,,,
"Woodford Mtn General Store, Inc.",Domestic Business Corporation,129174,Dissolved,," 5053 ROUTE 9, WOODFORD, VT, 05201, USA","5053 ROUTE 9, 515 Quarry Rd, WOODFORD, VT, 05201, USA",,,,,,,,CHRISTOPHER S  ROSSO Agent,Individual,Active,None Registered Office (Street,"515 QUARRY RD, BENNINGTON, VT, 05201, USA","515 QUARRY RD, BENNINGTON, VT, 05201, USA"
"Cones Point General Store, Inc",Domestic Business Corporation,316614,Dissolved,," 3816 VT Route 30 S, Poultney, VT, 05764, USA","3816 VT Route 30 S, Poultney, VT, 05764, USA",,,,,,,,JOSEPH A  DEBONIS Esq Agent,Individual,Active,None Registered Office (Street,"226 Main Street, Poultney, VT, 05764, USA","226 Main Street, Poultney, VT, 05764, USA"
Fairlee General Store,Assumed Name,200610,Inactive - Expired,," FAIRLEE, VT, USA","50 MAIN ST., FAIRLEE, VT, 05045, USA",1994-03-15,,,"MCLURE FAMILY ENTERPRISES, INC.",Business,"50 MAIN STREET, FAIRLEE, VT, 05045, USA","50 MAIN STREET, FAIRLEE, VT, 05045, USA",,,,,,
Moscow General Store,Assumed Name,233076,Inactive - Expired,," STOWE, VT, USA",None,1996-07-01,,,"MOSCOW MILLS, INCORPORATED",Business,"435 MOSCOW RD., STOWE, VT, 05672, USA","P.O. BOX 1076, STOWE, VT, 05672, USA",,,,,,
Mahoney's General Store,Assumed Name,218703,Inactive - Expired,," ISLAND POND, VT, USA","POB 250, ISLAND POND, VT, 05846, USA",1995-05-22,,,"MICHAEL MAHONEY, ROLINDA MAHONEY",Individual,"POB 250, ISLAND POND, VT, 05846, USA, SAME, USA","None, None",,,,,,
"General Store Twenty-Four Seven, LLC",Domestic Limited Liability Company,035191,Inactive - Administratively TerminatedDesignated Office,,,"(Optional) 11 ON THE GREEN,POBOX647, EAST POULTNEY, VT, 05741, USA",,,,,,,,,,,,,
"Bradley's General Store, Inc.",Domestic Business Corporation,109727,Inactive - Administratively Terminated,," 25 VT RTE 15W, JOHNSON, VT, 05656, USA","25 VT RTE 15W, JOHNSON, VT, 05656, USA",,,,,,,,"KEITH A.  BRADLEY, Jr. Agent",Individual,Active,None Registered Office (Street,"25 VT RTE 15W, JOHNSON, VT, 05656, USA","25 VT RTE 15W, JOHNSON, VT, 05656, USA"
"Fletcher General Store, LLC",Domestic Limited Liability Company,019246,TerminatedDesignated Office,,,"(Optional) 1619 East Peacham Road, 1619 East Peacham Road, Peacham, VT, 05862, USA",,,,,,,,,,,,,
Ar Eden General Store Corp.,Domestic Business Corporation,487013,Active - In Good Standing,," 2918 VERMONT RT 100, EDEN, VT, 05652, USA","10 WHITTIER DRIVE, BOW, NH, 03304, USA",,,,,,,,ANKIT PATEL Agent,Individual,Active,None Registered Office (Street,"7788 VT-113, POSTMILLS, VT, 05058, USA","7788 VT-113, POSTMILLS, VT, 05058, USA"
Passumpsic General Store,Assumed Name,275486,Inactive - Expired,," 32 BRIDGE, PASSUPSIC, VT, 5861, USA","32 BRIDGE, PASSUPSIC, VT, 05861, USA",2000-01-26,,,"TINA HAHR, CHRISTOPHER HAHR",Individual,"None, 32 BRIDGE, PASSUPSIC, VT, 05861, USA","None, None",,,,,,
Hinesburg General Store,Assumed Name,208303,Inactive - Expired,," HINESBURG, VT, 5461, USA","PO BOX 510, HINESBURG, VT, 05461, USA",2003-09-02,,,"R & A FROST, INC.",Business,"14312 Rt 116, Hinesburg, VT, 05461, USA","14312 Rt 116, Hinesburg, VT, 05461, USA",,,,,,
Green Mountain General Store And Restaurant,Assumed Name,221661,Inactive - Expired,," ROUTE 302, GROTON, VT, 5046, USA","ROUTE 302, GROTON, VT, 05046, USA",1985-11-20,,,"EDWARD R.  GREEN,, STACIA M.  HAGGETT",Individual,"BOX 46, GROTON, VT, 05046, USA, SAME, USA","None, None",,,,,,
"Woodford General Store, LLC",Domestic Limited Liability Company,363511,Active - In Good StandingDesignated Office,,,"(Optional) 5053 VT Route 9, Woodford, VT, 05201, USA",,,,,,,,,,,,,
Ken's General Store,Assumed Name,267491,Inactive - Expired,," HCR 64 BOX 65, NO TUNBRIDGE, VT, 5077, USA","HCR 64 BOX 65, NO TUNBRIDGE, VT, 05077, USA",1999-05-28,,,"PATRICIA E.  MENEI, JOSEPH MENEI",Individual,"None, HCR 64 BOX 65, NO TUNBRIDGE, VT, 05077, USA","None, None",,,,,,
Granville General Store,Assumed Name,320654,Inactive - Cessated,, None,"5358 VT Route 100, Granville, VT, 05747, USA",2016-07-11,,,"SARGEANT ENTERPRISES, INC.",Business,"5358 VT ROUTE 100, GRANVILLE, VT, 05747, USA","5358 VT ROUTE 100, GRANVILLE, VT, 05747, USA",,,,,,
Vermont General Store And Grist Mill,Assumed Name,180947,Inactive - Expired,," POMFRET ROAD, WOODSTOCK, VT, 5091, USA","POMFRET ROAD, WOODSTOCK, VT, 05091, USA",1981-09-15,,,"K. WILLIAM  CLAUSON, JANET ST.  PIERRE, BETTY ANDERSON",Individual,"None, ONE BUCK RD, HANOVER, NH, 03755, USA, POMFRET ROAD, WOODSTOCK, VT, 05091, USA","None, None, None",,,,,,
"West Burke General Store, Inc.",Domestic Business Corporation,066907,Dissolved,," WEST BURKE, VT, 05871, USA",None,,,,,,,,JOHN PERRY Agent,Individual,Active,None Registered Office (Street,"WEST BURKE, VT, 05871, USA",None
Moose Hollow General Store,Assumed Name,234413,Inactive - Expired,," E. ARLINGTON, VT, 5250, USA",None,1996-08-09,,,"HOLLOW INDUSTRIES, INC.",Business,"OLD MILL RD PO BOX 250, E ARLINGTON, VT, 05252, USA","OLD MILL RD PO BOX 250, E ARLINGTON, VT, 05252, USA",,,,,,
Onley's General Store,Assumed Name,457996,Active - Registered,, None,"10 WHITTIER DRIVE, BOW, NH, 03304, USA",2024-11-19,,,AR ORLEANS STORE CORP,Business,"72 MAIN STREET, ORLEANS, VT, 05860, USA","10 WHITTIER DRIVE, BOW, NH, 03304, USA",,,,,,
Jj Hapgood General Store And Eatery,Assumed Name,289149,Inactive - Cessated,, None,"305 MAIN, PO BOX 37, PERU, VT, 05152, USA",2014-02-19,,,"JJ HAPGOOD GENERAL STORE, LLC",Business,"305 MAIN STREET, PERU, VT, 05152, USA","53 Falls Road, PO Box 335, SHELBURNE, VT, 05482, USA",,,,,,
"Amateur Radio General Store, The",Assumed Name,182360,Inactive - Expired,," MORRISVILLE, VT, USA",None,1993-01-26,,,ALLEN R.  GODIN,Individual,"RR 2, BOX 6940, MORRISVILLE, VT, 05661, USA",None,,,,,,
Eden General Store,Assumed Name,491700,Active - Registered,," 2918 Vermont Rt. 100, Eden, VT, 05652, USA","2918 Vermont Rt. 100, Eden, VT, 05652, USA",2026-05-20,,,Ankit Patel,Individual,"2918 Vermont Rt. 100, Eden, VT, 05652, USA","2918 Vermont Rt. 100, Eden, VT, 05652, USA",,,,,,
Perkins General Store,Assumed Name,170884,Inactive - Expired,," MAIN STREET, ST. JOHNSBURY, VT, 5819, USA","MAIN STREET, ST. JOHNSBURY, VT, 05819, USA",1980-04-17,,,WILLIAM PERKINS,Individual,"39 CALISTA AVE, LYNDONVILLE, VT, 05851, USA",None,,,,,,
"Olson's General Store, LLC",Domestic Limited Liability Company,025241,Inactive - Administratively TerminatedDesignated Office,,,"(Optional) 331 Route 100 N, LUDLOW, VT, 05149, USA",,,,,,,,,,,,,
"Beauregard's General Store, Inc.",Domestic Business Corporation,124786,Inactive - Administratively Terminated,, None,None,,,,,,,,TINA BEAUREGARD Agent,Individual,Active,None Registered Office (Street,"67 KING RD, RICHFORD, VT, 05476, USA","67 KING RD, RICHFORD, VT, 05476, USA"
Perkinsville General Store,Assumed Name,174847,Inactive - Expired,," ROUTE 106, PERKINSVILLE, VT, 5151, USA","ROUTE 106, PERKINSVILLE, VT, 05151, USA",1992-07-13,,,"VERMONT CATALOGUE, LTD., THE",Business,None,None,,,,,,
East Middlebury General Store,Assumed Name,150198,Inactive - Expired,," ROUTE 125, E. MIDDLEBURY, VT, 5740, USA","ROUTE 125, E. MIDDLEBURY, VT, 05740, USA",2000-04-11,,,"DEIDRE STILES, DENNIS STILES",Individual,"None, PO BOX 488, E. MIDDLEBURY, VT, 05740, USA","None, None",,,,,,
Albany General Store,Assumed Name,387814,Inactive - Expired,, None,"118 S. Craftsbury Rd, Craftsbury, VT, 05826, USA",2021-04-19,,,"THREE LADIES, LLC",Business,"842 Main Street, Albany, VT, 05820, USA","118 S. Craftsbury Rd, 118 S. Craftsbury Rd, Craftsbury, VT, 05826, USA",,,,,,
Dan & Whit's General Store,Assumed Name,308762,Inactive - Expired,, None,"2325 Old River Rd., White River Junction, VT, 05001, USA",2015-10-30,,,Bill McFadden,Individual,"2325 Old River Rd., White River Junction, VT, 05001, USA",None,,,,,,
Brownsville General Store & Queens Cafe,Assumed Name,297502,Inactive - Cessated,, None,"PO BOX 13, BROWNSVILLE, VT, 05037, USA",2014-12-01,,,"BGS & QUEEN'S CAFE, LLC",Business,"871 US Route 44, Brownsville, VT, 05037, USA","959 Woodstock Road, White River Jct., VT, 05001, USA",,,,,,
Martin's General Store,Assumed Name,165680,Inactive - Expired,," HIGHGATE SPRGS, VT, 5460, USA","GENERAL DELIVERY, HIGHGATE SPRGS, VT, 05488, USA",1991-11-22,,,"GILBERT H.  GAGNER, LISA A.  LAROCHE",Individual,"GENERAL DELIVERY, HIGHGATE SPRGS, VT, 05488, USA, RD 2 BOX 196B, SWANTON, VT, 05488, USA","None, None",,,,,,
Dollar General Stores,Assumed Name,237446,Inactive - Expired,," 100 MISSION RIDGE, GOODLETTSVILLE, TN, 37072, USA","100 MISSION RIDGE, GOODLETTSVILLE, TN, 37072, USA",2005-10-24,,,"DG RETAIL, LLC, DG RETAIL, LLC",Business,"100 MISSION RIDGE, GOODLETTSVILLE, TN, 37072, USA, 100 MISSION RIDGE, GOODLETTSVILLE, TN, 37072, USA","100 MISSION RIDGE, GOODLETTSVILLE, TN, 37072, USA, None",,,,,,
Bassett General Store,Assumed Name,194927,Inactive - Expired,," MT HOLLY, VT, 5730, USA","1781 VT RTE 103 S, MT HOLLY, VT, 05730, USA",2003-01-13,,,"BASSETT SPORT & POWER, LLC",Business,"1781 VT RTE 103 SOUTH, MOUNT HOLLY, VT, 05730, USA","1781 VT RTE 103 SOUTH, MOUNT HOLLY, VT, 05730, USA",,,,,,
Bowman's General Store,Assumed Name,250283,Inactive - Expired,," BRIGHTON, VT, USA",None,1997-12-29,,,"SCOTT BOWMAN, NANCY BOWMAN",Individual,"None, RR 1 BOX 335, ISLAND POND, VT, 05846, USA","None, None",,,,,,
Albany General Store,Assumed Name,170333,Inactive - Expired,," ALBANY, VT, USA","PO BOX 282, ALBANY, VT, 05820, USA",2001-07-09,,,"JENNIFER TOLLMANN, CHAD TOLLMANN",Individual,"None, PO BOX 282, ALBANY, VT, 05820, USA","None, None",,,,,,
Walden General Store,Assumed Name,266820,Inactive - Expired,," ROUTE 15, WALDEN, VT, USA","ROUTE 15, WALDEN, VT, USA",1989-10-13,,,REBECCA BEAUPRE',Individual,"PO BOX 26, GREENSBORO BND, VT, 05842, USA",None,,,,,,
"General Store Of Barton, The",Assumed Name,222210,Inactive - Expired,," 215 MAIN ST., BARTON, VT, 5822, USA","215 MAIN ST., BARTON, VT, 05822, USA",1985-12-19,,,"FOUR-K, INC.",Business,"215 MAIN ST., BARTON, VT, 05822, USA","215 MAIN ST., BARTON, VT, 05822, USA",,,,,,
Bomoseen Harbor General Store,Assumed Name,154354,Inactive - Expired,," CREEK ROAD, HYDEVILLE, VT, 5750, USA","CREEK ROAD, HYDEVILLE, VT, 05750, USA",1989-04-07,,,"BIG R, INC.",Business,"BOMOSEEN HARBOR GEN.STOR, HYDEVILLE, VT, 05750, USA","BOMOSEEN HARBOR GEN.STOR, HYDEVILLE, VT, 05750, USA",,,,,,
True's General Store,Assumed Name,159217,Inactive - Expired,," RTE HCR 65 BOX 830A, WOODFORD, VT, 5201, USA","RTE HCR 65 BOX 830A, WOODFORD, VT, 05201, USA",1991-06-03,,,"P. DEAN  TRUE, KATHRYN TRUE",Individual,"None, 225 WOODFORD CITY RD, WOODFORD, VT, 05201, USA","None, None",,,,,,
Hasgas General Store,Assumed Name,173461,Inactive - Expired,," DORSET, VT, USA","1791 RTE 30, DORSET, VT, 05251, USA",2001-09-24,,,"HASKINS GAS SERVICE  INC, HASKINS GAS SERVICE, INC.",Individual,"1791 RTE 30, DORSET, VT, 05251, USA, 1791 route 30, Dorset, VT, 05251, USA","None, 1791 route 30, 1791 route 30, DORSET, VT, 05251, USA",,,,,,
"Mcgill's General Store, Inc.",Domestic Business Corporation,082128,Inactive - Administratively Terminated,," NEWPORT CTR, VT, 05857, USA",None,,,,,,,,EUNICE MCGILL Agent,Individual,Active,None Registered Office (Street,"P.O. BOX 7, NEWPORT CTR, VT, 05857, USA","P.O. BOX 7, NEWPORT CTR, VT, 05857, USA"
West Addison General Store,Assumed Name,286068,Active - Registered,, None,"5944 VT RTE 17W, ADDISON, VT, 05491, USA",2013-06-25,,,"CIRCA 1929, INC.",Business,"5944 VT ROUTE 17 WEST, ADDISON, VT, 05491, USA","5944 VT ROUTE 17 WEST, ADDISON, VT, 05491, USA",,,,,,
Teago General Store,Assumed Name,182214,Inactive - Expired,," POMFRET, VT, USA","2035 POMFRET RD, POMFRET, VT, 05067, USA",2011-02-22,,,"STAGE ROAD ENTERPRISES,IN, STAGE ROAD ENTERPRISES, INC.",Business,"2035 POMFRET RD, POMFRET, VT, 05067, USA, 2035 POMFRET RD/POB 127, SO POMFRET, VT, 05067, USA","None, 2035 POMFRET RD, SO POMFRET, VT, 05067, USA",,,,,,
Bakersfield General Store,Assumed Name,210485,Inactive - Expired,," RT 108, BAKERSFIELD, VT, 5450, USA","RT 108, BAKERSFIELD, VT, 05450, USA",1984-10-26,,,"GARY F.  RIGGS, SUSAN B.  RIGGS",Individual,"RD 2, BOX 108, ENOSBURG FLS, VT, 05450, USA, SAME, USA","None, None",,,,,,
Granville General Store,Assumed Name,181330,Inactive - Expired,," GRANVILLE, VT, USA","PO BOX 59-5358 VT RT, GRANVILLE, VT, 05747, USA",2011-01-25,,,"SARGEANT ENTERPRISES, INC, SARGEANT ENTERPRISES, INC.",Business,"PO BOX 59-5358 VT RT, GRANVILLE, VT, 05747, USA, 5358 VT ROUTE 100, GRANVILLE, VT, 05747, USA","None, 5358 VT ROUTE 100, GRANVILLE, VT, 05747, USA",,,,,,
Putney General Store,Assumed Name,286831,Inactive - Cessated,, None,"114 OLD STAGE RD, PUTNEY, VT, 05346, USA",2013-09-18,,,"JOLLY BEE, LLC, JOLLY BEE, LLC",Business,"114 OLD STAGE RD, PUTNEY, VT, 05346, USA, 4 KIMBALL HILL RD, PUTNEY, VT, 05346, USA","None, PO Box 508, PUTNEY, VT, 05346, USA",,,,,,
Barnard General Store,Assumed Name,416085,Active - Registered,, None,"PO Box 245, Barnard, VT, 05031, USA",2022-09-20,,,"BARNARD COMMUNITY TRUST, INC.",Business,"6134 VT-12, BARNARD, VT, 05031, USA","Po Box 262, Barnard, VT, 05031, USA",,,,,,
Pittsfield General Store,Assumed Name,227212,Inactive - Expired,," PITTSFIELD, VT, 5762, USA",None,1986-06-10,,,"J. & W. HEINES, INC.",Business,"RTE 100, PITTSFIELD, VT, 05762, USA","RTE 100, PITTSFIELD, VT, 05762, USA",,,,,,
Carey's General Store,Assumed Name,171443,Inactive - Expired,," RTE 14, BOX 242, E. MONTPELIER, VT, 5651, USA","RTE 14, BOX 242, E. MONTPELIER, VT, 05651, USA",1980-05-05,,,"RICHARD CAREY, CONRAD CAREY",Individual,"None, None","None, None",,,,,,
Perry's General Store,Assumed Name,158386,Inactive - Expired,," SCHOOL STREET, E. WALLINGFORD, VT, 5742, USA","SCHOOL STREET, E. WALLINGFORD, VT, 05742, USA",1979-10-25,,,GEORGE F.  PERRY,Individual,"RD 1, SHREWSBURY, VT, 05738, USA",None,,,,,,
Kilgore's General Store,Assumed Name,261753,Inactive - Expired,," MAIN ST/RTE 118, MONTGOMERY CTR, VT, 5471, USA","MAIN ST/RTE 118, MONTGOMERY CTR, VT, 05471, USA",1989-05-11,,,"BARRY EAST, MORGAN EAST  DAVIDSON, AGATHA EAST",Individual,"None, BOX 411, RR#1, MONTGOMERY CTR, VT, 05471, USA, BOX 860, RR#1, MONTGOMERY CTR, VT, 05471, USA","None, None, None",,,,,,
Little Otter General Store,Assumed Name,263889,Inactive - Expired,," FERRISBURGH, VT, USA",None,2007-10-17,,,"VERMONT ENERGY CO., LLC, VERMONT ENERGY CO., LLC",Business,"287 UPPER OLD TOWN T, CHARLOTTE, VT, 05445, USA, 53 Falls Road, Shelburne, VT, 05482, USA","None, PO Box 335, Shelburne, VT, 05482, USA",,,,,,
Ray's General Store,Assumed Name,174016,Inactive - Expired,," RICHMOND RD, HINESBURG, VT, 5461, USA","RICHMOND RD, HINESBURG, VT, 05461, USA",1980-09-23,,,"RAYMOND J.  BERARD, JACQUELINE BERARD",Individual,"RICHMOND ROAD, HINESBURG, VT, 05461, USA, SAME, USA","None, None",,,,,,
Franklin General Store,Assumed Name,286752,Inactive - Cessated,, None,"331 sandy bay rd, FRANKLIN, VT, 05457, USA",2013-09-11,,,"WILLIAM L  MAYO, SUSAN B  MAYO",Individual,"5243 MAIN ,PO BOX 57, FRANKLIN, USA, 5243 Main St, 5243 Main St, Franklin, VT, 05457, USA","None, None",,,,,,
Pittsfield General Store,Assumed Name,233024,Inactive - Expired,," PITTSFIELD, VT, USA","POB 708, PITTSFIELD, VT, 05762, USA",1996-06-25,,,"C & J FOODS, INC.",Business,"RTE 100 PITTSFIELD GENER, PITTSFIELD, VT, 05762, USA","RTE 100 PITTSFIELD GENER, PITTSFIELD, VT, 05762, USA",,,,,,
The East Calais General Store,Assumed Name,200948,Inactive - Expired,," EAST CALAIS, VT, USA",None,2012-04-23,,,"LAPAN ENTERPRISES LLC, LAPAN ENTERPRISES, LLC",Business,"PO BOX 88, E CALAIS, VT, 05650, USA, 4520 VT RT 14, PO BOX 88, E CALAIS, VT, 05650, USA","None, 4520 VT RT 14, PO BOX 88, E CALAIS, VT, 05650, USA",,,,,,
Craftsbury General Store,Assumed Name,346169,Inactive - Expired,, None,"118 S. Craftsbury Road, Craftsbury, VT, 05826 - 1452, USA",2018-07-31,,,Emily Maclure,Individual,"118 S. Craftsbury Road, Craftsbury, VT, 05826 - 1452, USA",None,,,,,,
Mountain Paul's General Store,Assumed Name,248036,Inactive - Expired,," PUTNEY, VT, 5346, USA","PO BOX 598, PUTNEY, VT, 05346, USA",2006-07-14,,,"PAUL E  MOUSEL, BENJAMIN J  MOUSEL",Individual,"None, PO BOX 598, PUTNEY, VT, 05346, USA","None, None",,,,,,
"Ac's General Store, LLC",Domestic Limited Liability Company,284556,TerminatedDesignated Office,,,"(Optional) 11 ON THE GREENE, PO Box 566, E POULTNEY, VT, 05741, USA",,,,,,,,,,,,,
Sunrise General Store,Assumed Name,180685,Inactive - Expired,," BRIDGEWATER, VT, 5035, USA","Jct Rt 4 & 100 South/44 Route 4, BRIDGEWATER CORNERS, VT, 05035, USA",2002-03-20,,,"RIPPIN, INC.",Business,"JCT RT 4 & 100 SOUTH/44 Route 4, BRIDGEWATER CN, VT, 05035, USA","JCT RT 4 & 100 SOUTH/44 Route 4, BRIDGEWATER CN, VT, 05035, USA",,,,,,
Ar Irasburg General Store Corp.,Domestic Business Corporation,487274,Active - In Good Standing,," 6196 VT Route 14, Irasburg, VT, 05845 - 9305, USA","10 WHITTIER DRIVE, BOW, NH, 03304, USA",,,,,,,,ANKIT PATEL Agent,Individual,Active,None Registered Office (Street,"7788 VT-113, POSTMILLS, VT, 05058, USA","7788 VT-113, POSTMILLS, VT, 05058, USA"
"The Pomfret Road General Store, LLC",Domestic Limited Liability Company,335152,Active - In Good StandingDesignated Office,,,"(Optional) c/o Richard Baccari, PO Box 1014, NY, 10598, USA",,,,,,,,,,,,,
"Berardinelli's General Store, Inc.",Domestic Business Corporation,062004,Inactive - Administratively Terminated,," MAIN ST RT 104, FAIRFAX, VT, 05454, USA","MAIN ST RT 104, FAIRFAX, VT, 05454, USA",,,,,,,,FRANK BERARDINELLI Agent,Individual,Active,None Registered Office (Street,"RFD, BOX 1620, CAMBRIDGE, VT, 05444, USA","RFD, BOX 1620, CAMBRIDGE, VT, 05444, USA"
East Poultney General Store,Assumed Name,195930,Inactive - Expired,," POULTNEY, VT, USA",None,2012-01-03,,,"GENERAL STORE  TWENTY-FOUR, GENERAL STORE TWENTY-FOUR SEVEN, LLC",Individual,"PO BOX 647, 11 ON TH, E POULTNEY, VT, 05741, USA, 11 ON THE GREEN,POBOX647, EAST POULTNEY, VT, 05741, USA","None, 11 ON THE GREEN,POBOX647, EAST POULTNEY, VT, 05741, USA",,,,,,
Swanton General Store,Assumed Name,156612,Inactive - Expired,," 71 FIRST STREET, SWANTON, VT, 5488, USA","71 FIRST STREET, SWANTON, VT, 05488, USA",1991-04-09,,,"WILLIAM LADABOUCHE, ROXANNE LADABOUCHE",Individual,"19 BROADWAY STREET, SWANTON, VT, 05488, USA, SAME, USA","None, None",,,,,,
Monkton General Store,Assumed Name,230630,Inactive - Expired,," RD 1, N. FERRISBURG, VT, 5473, USA","RD 1, N. FERRISBURG, VT, 05473, USA",1986-10-06,,,J.P. CYR INC.,Business,None,None,,,,,,
"Fireside General Store, The",Assumed Name,158865,Inactive - Expired,," 9 MAIN ST, ESSEX JCT., VT, 5452, USA","9 MAIN ST, ESSEX JCT., VT, 05452, USA",1980-03-17,,,"FIRESIDE SHOP, INC.",Business,None,None,,,,,,
Mcgarry's General Store,Assumed Name,177430,Inactive - Expired,," WALLINGFORD, VT, 5773, USA","RD 1, BOX 348, WALLINGFORD, VT, 05773, USA",1981-04-06,,,"JOHN J.  MCGARRY, ELOISE S.  MCGARRY",Individual,"RD 1, BOX 348, WALLINGFORD, VT, 05773, USA, SAME, USA","None, None",,,,,,
Tc's General Store,Assumed Name,196339,Inactive - Expired,," JUNCT 4 & 100, W. BRIDGEWATER, VT, 5035, USA","JUNCT 4 & 100, W. BRIDGEWATER, VT, 05035, USA",1993-09-21,,,"C/O AUGUST  STUART, S & C VENTURES, INC.",Individual,"RR 1, BOX 3094, KILLINGTON, VT, 05751, USA, 140 BEARLY HI WAY, KILLINGTON, VT, 05751, USA","None, 140 BEARLY HI WAY, KILLINGTON, VT, 05751, USA",,,,,,
Belmont General Store,Assumed Name,325695,Inactive - Expired,, None,"PO Box 263, Belmont, VT, 05730 - 0263, USA",2016-12-22,,,"HOLLYBROOK MEADOWS, LLC",Business,"4841 VT RTE 155, MOUNT HOLLY, VT, 05758, USA","PO Box 263, Belmont, VT, 05730, USA",,,,,,
"Jim And Gloria's General Store, Inc.",Domestic Business Corporation,120388,Inactive - Administratively Terminated,," ROUTE 100, PITTSFIELD, VT, 05762, USA","ROUTE 100, PITTSFIELD, VT, 05762, USA",,,,,,,,RODNEY E  MCPHEE Agent,Individual,Active,None Registered Office (Street,"71 ALLEN STREET, RUTLAND, VT, 05701, USA","71 ALLEN STREET, RUTLAND, VT, 05701, USA"
Hasgas General Store,Assumed Name,212491,Active - Registered,," DORSET, VT, USA","1567 ROUTE 30, DORSET, VT, 05251, USA",2013-01-28,,,VICKIE HASKINS,Individual,"1791 Route 30, Dorset, VT, 05251, USA",None,,,,,,
"Dick & Glenda's General Store, Inc.",Domestic Business Corporation,089675,Dissolved,," MAIN STREET, VERGENNES, VT, 05491, USA","MAIN STREET, VERGENNES, VT, 05491, USA",,,,,,,,IRENE S.  THOMAS Agent,Individual,Active,None Registered Office (Street,"PO BOX 103, VERGENNES, VT, 05491, USA","PO BOX 103, VERGENNES, VT, 05491, USA"
Center General Store  The,Assumed Name,207699,Inactive - Expired,," WATERBURY CTR, VT, 5677, USA",None,2003-08-28,,,SUSAN L  GRANT,Individual,"2026 BLUSH HILL RD, WATERBURY, VT, 05676, USA",None,,,,,,
"East Corinth General Store, Inc.",Reserved Name,143078,Inactive - ExpiredApplicant,"8392 VT RTE 25, EAST CORINTH, VT, 05040, USA",,,,No NAICS info found.,,,,,,,,,,,
Sanfo General Store LLC,Domestic Limited Liability Company,396790,Active - In Good StandingDesignated Office,,,"(Optional) 8 CHATHAM SQUARE STE 803, NEW YORK, NY, 10038, USA",,,,,,,,,,,,,
South Newfane General Store,Assumed Name,255035,Inactive - Expired,," DOVER ROAD/BOX 216, SOUTH NEWFANE, VT, 5351, USA","DOVER ROAD/BOX 216, SOUTH NEWFANE, VT, 05351, USA",1988-10-18,,,"SNGS, INC.",Business,None,None,,,,,,
Northwoods General Store,Assumed Name,319594,Inactive - Expired,, None,"160 Wild Rose Circle, Shelburne, VT, 05482, USA",2016-06-06,,,Michael Collins,Individual,"160 Wild Rose Circle, Shelburne, VT, 05482, USA",None,,,,,,
Perkinsville General Store,Assumed Name,234803,Inactive - Expired,," ROUTE 106, PERKINSVILLE, VT, 5151, USA","ROUTE 106, PERKINSVILLE, VT, 05151, USA",1987-02-20,,,"THOMAS C.  BANKS, KATHLEEN E.  BANKS",Individual,"ROUTE 106, PERKINSVILLE, VT, 05151, USA, SAME, USA","None, None",,,,,,
Brownsville General Store,Assumed Name,152564,Inactive - Expired,," RTE 44, MAIN STREET, WEST WINDSOR, VT, 5037, USA","RTE 44, MAIN STREET, WEST WINDSOR, VT, 05037, USA",1988-12-05,,,"RODNEY P.  DIMICK, PAUL KELLEY",Individual,"BOX 13, WEST WINDSOR, VT, 05037, USA, BOX 21, WEST WINDSOR, VT, 05037, USA","None, None",,,,,,
Northfield Falls General Store,Assumed Name,215805,Inactive - Expired,," NORTHFIELD FAL, VT, 5664, USA",None,2004-02-25,,,"NAIDA WOLF, RICHARD WOLF",Individual,"None, 9 GREENHOUSE AVE, RANDOLPH, VT, 05060, USA","None, None",,,,,,
Charlotte General Store LLC,Domestic Limited Liability Company,373745,Active - NOT In Good StandingDesignated Office,,,"(Optional) 20 Jackson Hill Road, Charlotte, Charlotte, VT, 05445, USA",,,,,,,,,,,,,
"North Tunbridge General Store, Ltd.",Domestic Business Corporation,124901,Inactive - Administratively Terminated,," 136 Washington Turnpike, PO Box 190, Chelsea, VT, 05038, USA","136 Washington Turnpike, PO Box 190, Chelsea, VT, 05038, USA",,,,,,,,STACEY FLANDERS Agent,Individual,Active,None Registered Office (Street,"359 VT. RT 110, CHELSEA, VT, 05038, USA","359 VT. RT 110, CHELSEA, VT, 05038, USA"
Ar General Store Inc,Domestic Business Corporation,418899,Active - In Good Standing,," 7788 VT-113, POSTMILLS, VT, 05058, USA","10 WHITTIER DRIVE, BOW, NH, 03304, USA",,,,,,,,ANKIT PATEL Agent,Individual,Active,None Registered Office (Street,"7788 VT-113, POSTMILLS, VT, 05058, USA","7788 VT-113, POSTMILLS, VT, 05058, USA"
"Grand Isle General Store And Kitchen, Inc. The",Domestic Business Corporation,115671,Inactive - Administratively Terminated,, None,None,,,,,,,,LEIGH KEYSER  PHILLIPS Agent,Individual,Active,None Registered Office (Street,"308 MAIN STREET, BURLINGTON, VT, 05401, USA","PO BOX 466, BURLINGTON, VT, 05402 - 0466, USA"
Walden General Store,Assumed Name,234617,Inactive - Expired,," WALDEN, VT, USA",None,2005-07-20,,,"ROGER HOOKER, DONNA ALDRICH-HOOKER",Individual,"None, 72 HILLSIDE DR, W DANVILLE, VT, 05873, USA","None, None",,,,,,
Baker's General Store,Assumed Name,424968,Active - Registered,, None,"10, WHITTER DRIVE, BOW, NH, 03304, USA",2023-03-14,,,AR GENERAL STORE INC,Business,"7788 VT-113, POSTMILLS, VT, 05058, USA","10 WHITTIER DRIVE, BOW, NH, 03304, USA",,,,,,
"Falls General Store, LLC",Domestic Limited Liability Company,280212,Active - In Good StandingDesignated Office,,,"(Optional) P. O. Box 93, Northfield Falls, VT, 05664, USA",,,,,,,,,,,,,
Falls General Store,Assumed Name,211984,Active - Registered,," NORTHFIELD FAL, VT, USA","P. O. Box 515, 5031 Main Street, Waitsfield, VT, 05673, USA",2013-01-24,,,"FALLS GENERAL STORE, LLC",Business,"7 COX BROOK RD, NORTHFIELD FALLS, VT, 05664, USA","P. O. Box 93, Northfield Falls, VT, 05664, USA",,,,,,
Bennett's Cavendish General Store,Assumed Name,228612,Inactive - Expired,," CAVENDISH, VT, 5142, USA","PO BOX 446, CAVENDISH, VT, 05142, USA",1996-02-28,,,"RONNIE C.  BENNETT, LINDA M.  BENNETT",Individual,"PO BOX 446, CAVENDISH, VT, 05142, USA, SAME, USA","None, None",,,,,,
Jacksonville General Store,Assumed Name,177175,Inactive - Expired,," PO BOX 307, JACKSONVILLE, VT, 5342, USA","PO BOX 307, JACKSONVILLE, VT, 05342, USA",2002-01-04,,,"JACKSONVILLE PURVEYORS, LLC",Business,"3054 RTE 100, P O Box 307, JACKSONVILLE, VT, 05342, USA","3110 Route 100, P O Box 307, JACKSONVILLE, VT, 05342, USA",,,,,,
"Cardinal General Store, LLC",Domestic Limited Liability Company,331349,Active - NOT In Good StandingDesignated Office,,,"(Optional) 271 SHAW ROAD, CAMBRIDGE, VT, 05444, USA",,,,,,,,,,,,,
Mach's General Store,Assumed Name,166650,Inactive - Expired,," PAWLET, VT, USA",None,2001-04-23,,,"COWHEAD, INC.",Business,"155 SCHOOL STREET, PAWLET, VT, 05761, USA","155 SCHOOL STREET, PAWLET, VT, 05761, USA",,,,,,
"Quechee General Store, Inc.",Domestic Business Corporation,369409,Active - In Good Standing,," 5573 Woodstock Road, Quechee, VT, 05059, USA","5573 Woodstock Road, Quechee, VT, 05059, USA",,,,,,,,"Darby Kolter & Nordle, LLP Agent",Business,Active,None Registered Office (Street,"89 South Main Street, Waterbury, VT, 05676, USA","89 South Main Street, Waterbury, VT, 05676, USA"
"Crossman's General Store, LLC",Domestic Limited Liability Company,397480,Active - In Good StandingDesignated Office,,,"(Optional) 120 Fitzgerald Rd, Middletown Springs, VT, 05757, USA",,,,,,,,,,,,,
South Dorset General Store,Assumed Name,232026,Inactive - Expired,," ROUTE 30, DORSET, VT, 5251, USA","ROUTE 30, DORSET, VT, 05251, USA",1986-11-24,,,RICHARD F.  FRENCH,Individual,"LANE ROAD/, DORSET, VT, 05251, USA",None,,,,,,
Peters' General Store,Assumed Name,243011,Inactive - Expired,," BENSON, VT, USA",None,1997-04-30,,,"PETERS' GENERAL STORE, INC.",Business,"2813 RT 22A, BENSON, VT, 05731, USA","2813 RT 22A, BENSON, VT, 05731, USA",,,,,,
"P.J.'s General Store, Inc.",Domestic Business Corporation,112253,Dissolved,," RT 103, E WALLINGFORD, VT, 05742, USA","RT 103, E WALLINGFORD, VT, 05742, USA",,,,,,,,JOSEPH W. KOZLIK                                                                                     Agent,Business,Active,None Registered Office (Street,"198 NORTH MAIN STREET, RUTLAND, VT, 05701, USA","198 NORTH MAIN STREET, RUTLAND, VT, 05701, USA"
Corner Brook General Store Inc.,Domestic Business Corporation,114825,Inactive - Administratively Terminated,," PO BOX 233, MARSHFIELD, VT, 05658, USA","PO BOX 233, MARSHFIELD, VT, 05658, USA",,,,,,,,KERRY O'ROURKE Agent,Individual,Active,None Registered Office (Street,"RTE 2 BOX 233, MARSHFIELD, VT, 05658, USA","RTE 2 BOX 233, MARSHFIELD, VT, 05658, USA"
Barnard General Store,Assumed Name,204797,Inactive - Expired,," BARNARD, VT, USA","PO BOX 262, BARNARD, VT, 05031, USA",2012-07-19,,,"BARNARD COMMUNITY TRUST, INC.",Business,"6134 VT-12, BARNARD, VT, 05031, USA","Po Box 262, Barnard, VT, 05031, USA",,,,,,
Lowell General Store,Assumed Name,247214,Inactive - Expired,," LOWELL, VT, USA","BOX 65 RT 100, LOWELL, VT, 05847, USA",1997-09-08,,,"GARY KENNISON, CINDY KENNISON",Individual,"BOX 65 RT 100, LOWELL, VT, 05847, USA, SAME, USA","None, None",,,,,,
East Main General Store,Assumed Name,182503,Inactive - Expired,," NEWPORT CITY, VT, 5857, USA",None,2002-04-16,,,"ONE-STOP MINI MART, INC.",Business,"477 East Main Street, NEWPORT, VT, 05855, USA","477 East Main Street, NEWPORT, VT, 05855, USA",,,,,,
Craftsbury General Store,Assumed Name,285696,Inactive - Expired,, None,"118 S CRAFTSBURY RD, CRAFTSBURY, VT, 05826, USA",2013-05-16,,,EMILY MACLURE,Individual,"118 S CRAFTSBURY RD, CRAFTSBURY, VT, 05826, USA",None,,,,,,
Williams General Store,Assumed Name,165576,Inactive - Expired,," TUNBRIDGE, VT, 5077, USA",None,1979-06-06,,,"DAVID WILLIAMS, RUTH WILLIAMS",Individual,"RTE 110, NO TUNBRIDGE, VT, 05077, USA, SAME, USA","None, None",,,,,,
Lower Cabot General Store,Assumed Name,216143,Inactive - Expired,," STAR RTE/BOX 127, MARSHFIELD, VT, 5658, USA","STAR RTE/BOX 127, MARSHFIELD, VT, 05658, USA",1985-05-07,,,"KAROL ANN  SALERNO, BERNARD J.  SALERNO",Individual,"SAME, USA, STAR RTE/PO BOX 127, MARSHFIELD, VT, 05658, USA","None, None",,,,,,
East Corinth General Store,Assumed Name,271190,Inactive - Expired,," 10263 VERMONT RT 25, EAST CORINTH, VT, 5040, USA","10263 VERMONT RT 25, EAST CORINTH, VT, 05040, USA",1999-09-21,,,SHEILA CHALOUX,Individual,"10263 VERMONT RT 25, EAST CORINTH, VT, 05040, USA",None,,,,,,
Vershire General Store,Assumed Name,184750,Inactive - Expired,," RT 113, VERSHIRE, VT, 5079, USA","RT 113, VERSHIRE, VT, 05079, USA",1993-03-11,,,JOHN SMITH,Individual,"POB 254, HARTFORD, VT, 05047, USA",None,,,,,,
"Lower Cabot General Store, LLC",Domestic Limited Liability Company,017113,Inactive - Administratively TerminatedDesignated Office,,,"(Optional) 1782 ROUTE 215, CABOT, VT, 05647, USA",,,,,,,,,,,,,
The General Store At Sugarbush,Assumed Name,309787,Inactive - Cessated,, None,"1840 Sugarbush Access Road, Warren, VT, 05674, USA",2015-12-04,,,"SUGARBUSH RESTAURANTS, INC.",Business,"1840 SUGARBUSH ACCESS RD, WARREN, VT, 05674, USA","1840 SUGARBUSH ACCESS RD, WARREN, VT, 05674, USA",,,,,,
Readsboro General Store,Assumed Name,245898,Inactive - Expired,," TUNNEL STREET, READSBORO, VT, 5350, USA","TUNNEL STREET, READSBORO, VT, 05350, USA",1988-02-05,,,"THOMAS J.  DENTE, BRENDA L.  DENTE",Individual,"RD 1 BOX 44, READSBORO, VT, 05350, USA, SAME, USA","None, None",,,,,,
Stoddard's General Store,Assumed Name,221475,Inactive - Expired,," LUDLOW, VT, USA",None,1995-08-07,,,"TERRANCE D.  STODDARD, LINDA L.  STODDARD",Individual,"POB 432, LONDONDERRY, VT, 05148, USA, SAME, USA","None, None",,,,,,
Snowsville General Store,Assumed Name,325474,Inactive - Expired,, None,"4642 VT RT 12, Braintree, VT, 05060, USA",2016-12-14,,,Eugene Booska,Individual,"4642 vt rt 12, Braintree, VT, 05060, USA",None,,,,,,
Franklin General Store,Assumed Name,430027,Active - Registered,, None,"301 SHADY MAPLE LANE, FRANKLIN, VT, 05457, USA",2023-06-13,,,"KENNETH COREY, PATTI COREY",Individual,"301 SHADY MAPLE LANE, FRANKLIN, VT, 05457, USA, 301 SHADY MAPLE LANE, FRANKLIN, VT, 05457, USA","301 SHADY MAPLE LANE, FRANKLIN, VT, 05457 - 0545, USA, 301 SHADY MAPLE LANE, FRANKLIN, VT, 05457 - 0545, USA",,,,,,
Machs General Store,Assumed Name,310271,Inactive - Expired,, None,"PO BOX 84  18 SCHOOL STREET, PAWLET, VT, 05761, USA",2015-12-21,,,Gilbert Mach,Individual,"287 Andrus Drive, Pawlet, VT, 05761, USA",None,,,,,,
Danville General Store,Reserved Name,139355,Inactive - ExpiredApplicant,"11 ROUTE 2 EAST, DANVILLE, VT, 05828, USA",,,,No NAICS info found.,,,,,,,,,,,
Notchbrook General Store 4974,Assumed Name,496577,Active - Registered,," 4974 Mountain Rd, Stowe, VT, 05672 - 5352, USA","4974 Mountain Rd, Stowe, VT, 05672 - 5352, USA",2026-07-25,,,VISAT 4974 CORP.,Business,"4974 Mountain Rd, Stowe, VT, 05672 - 5353, USA","92 Duprey Rd, North Conway, NH, 03860 - 5406, USA",,,,,,
Orleans General Store,Assumed Name,220513,Inactive - Expired,," ORLEANS, VT, USA",None,1995-07-10,,,"KEVIN INGALLS, ALLISON LYON",Individual,"POB Q, BARTON, VT, 05822, USA, SAME, USA","None, None",,,,,,
Dollar General Stores,Assumed Name,483985,Active - Registered,," 100 Mission Ridge, Goodlettsville, TN, 37072, USA",None,2026-01-13,,,"DG RETAIL, LLC",Business,"100 MISSION RIDGE, GOODLETTSVILLE, TN, 37072, USA",None,,,,,,
Center General Store L.L.C.  The,Domestic Limited Liability Company,000722,TerminatedDesignated Office,,,"(Optional) 2007 GUPTIL ROAD, BOX D, WATERBURY CTR, VT, 05677, USA",,,,,,,,,,,,,
East Poultney General Store,Assumed Name,289986,Inactive - Expired,, None,"11 on the Green, East Poultney, VT, 05741, USA",2014-02-21,,,"AC'S GENERAL STORE, LLC",Business,"11 ON THE GREENE, E POULTNEY, VT, 05741, USA","11 ON THE GREENE, PO Box 566, E POULTNEY, VT, 05741, USA",,,,,,
Bakersfield General Store LLC,Domestic Limited Liability Company,299131,Inactive - Administratively TerminatedDesignated Office,,,"(Optional) 364 Courser Road, Enosburg Falls, VT, 05450 - 120, USA",,,,,,,,,,,,,
Lowell General Store  LLC,Domestic Limited Liability Company,327988,TerminatedDesignated Office,,,"(Optional) 3042 VT RT 100, LOWELL, VT, 05847, USA",,,,,,,,,,,,,
Putney General Store,Assumed Name,362337,Inactive - Expired,, None,"4 Kimball Hill Road, Putney, VT, 05346, USA",2019-09-09,,,PGS GROUP LLC,Business,"4 Kimball Hill, Putney, VT, 05346, USA","4 Kimball Hill, Putney, VT, 05346, USA",,,,,,
The General Store At Sugarbush,Assumed Name,176487,Inactive - Expired,," WARREN, VT, USA","1840 SUGARBUSH ROAD, WARREN, VT, 05674, USA",2010-09-30,,,"SUGARBUSH RESTAURANTS, INC.",Business,"1840 SUGARBUSH ACCESS RD, WARREN, VT, 05674, USA","1840 SUGARBUSH ACCESS RD, WARREN, VT, 05674, USA",,,,,,
Lincoln General Store,Assumed Name,266299,Inactive - Expired,," RD #1, BOX 1815, BRISTOL, VT, 5443, USA","RD #1, BOX 1815, BRISTOL, VT, 05443, USA",1989-09-22,,,"MARK A.  LAFRAMBOISE, KATHRYN B.  LAFRAMBOISE",Individual,"350 FOOTE STREET, MIDDLEBURY, VT, 05753, USA, SAME, USA","None, None",,,,,,
"Perkinsville General Store, The",Assumed Name,157225,Inactive - Expired,," MAIN STREET, PERKINSVILLE, VT, 5151, USA","MAIN STREET, PERKINSVILLE, VT, 05151, USA",1979-06-21,,,"MARCIA TANGER, ANDREW TANGER, TANGERS, INC. (THE)",Individual,"None, SAME, USA, RT.155 BX 1124B, E. WALLINGFORD, VT, 05742, USA","None, None, RT.155 BX 1124B, E. WALLINGFORD, VT, 05742, USA",,,,,,
"Boudreau's General Store, Inc.",Domestic Business Corporation,097583,Inactive - Administratively Terminated,," LEICESTER, VT, 05752, USA",None,,,,,,,,ARTHUR J.  BOUDREAU Agent,Individual,Active,None Registered Office (Street,"RD #2, BRANDON, VT, 05377, USA","RD #2, BRANDON, VT, 05377, USA"
Ranger's General Stores Inc,Domestic Business Corporation,374560,Active - NOT In Good Standing,," 7788 VT-113, Post Mills, VT, 05058, USA","145 Pine Haven Shores Rd. #1000A, Shelburne, VT, 05482, USA",,,,,,,,REGISTERED AGENTS INC. Agent,Business,Active,None Registered Office (Street,"145 PINE HAVEN SHORES RD #1000A, SHELBURNE, VT, 05482, USA","145 PINE HAVEN SHORES RD #1000A, SHELBURNE, VT, 05482, USA"
Lowell General Store,Assumed Name,374584,Inactive - Cessated,, None,"3042 Vt Rt 100, Lowell, VT, 05847, USA",2020-07-19,,,"KENMU, LLC",Business,"3042 Vermont Route 100, Lowell, VT, 05847, USA","1299 Route 12A, Northfield, VT, 05663, USA",,,,,,
Martin's General Store,Assumed Name,265419,Inactive - Expired,," HIGHGATE SPGS, VT, 5459, USA",None,1989-08-30,,,"RUTH MARTIN, RALPH DEXTER",Individual,"None, HIGH STREET, ST. ALBANS, VT, 05478, USA","None, None",,,,,,
"Air General Store, LLC",Domestic Limited Liability Company,463342,Active - In Good StandingDesignated Office,,,"(Optional) 71 US Route 2, South Hero, VT, 05486, USA",,,,,,,,,,,,,
Belmont General Store,Assumed Name,170422,Inactive - Expired,," BELMONT, VT, USA","2400 BELMONT ROAD, BELMONT, VT, 05730, USA",2001-07-16,,,"CHRISTOPHER J. KELLEY,LLC, CHRISTOPHER J. KELLEY, LLC",Business,"2400 BELMONT ROAD, BELMONT, VT, 05730, USA, 2400 BELMONT ROAD, BELMONT, VT, 05730, USA","None, 2400 BELMONT ROAD, BELMONT, VT, 05730, USA",,,,,,
Bogert's General Store,Assumed Name,164390,Inactive - Expired,," SAXTONS RIVER, VT, 5154, USA","MAIN STREET, SAXTONS RIVER, VT, 05154, USA",1979-04-17,,,"CHARLES L.  BOGERT, PHILOMENA BOGERT",Individual,"MAIN STREET, SAXTONS RIVER, VT, 05154, USA, SAME, USA","None, None",,,,,,
Apple Island General Store,Assumed Name,334364,Active - Registered,, None,"280 Daines Street, Suite 300, Birmingham, MI, 48009, USA",2017-09-01,,,"AIR DEVELOPMENT, LLC",Business,"71 US ROUTE 2, SOUTH HERO, VT, 05486, USA","71 US ROUTE 2, SOUTH HERO, VT, 05486, USA",,,,,,
Coon's General Store,Assumed Name,170631,Inactive - Expired,," JCT. OF RT 4 & 30, BOMOSEEN, VT, 5732, USA","JCT. OF RT 4 & 30, BOMOSEEN, VT, 05732, USA",1992-04-02,,,"BEVERLY G.  DAVIDSON, DAVID T.  MURRAY",Individual,"13 CAPITOL HILL, FAIR HAVEN, VT, 05743, USA, 285 107TH AVE., TREASURE ISLND, FL, 33706, USA","None, None",,,,,,
Cambridge General Store,Assumed Name,163781,Inactive - Expired,," CAMBRIDGE, VT, 5444, USA","RD 1, BOX 283, CAMBRIDGE, VT, 05444, USA",1979-03-20,,,"WILLIAM LEACH, JANICE LEACH",Individual,"RD 1, BOX 283, CAMBRIDGE, VT, 05444, USA, SAME, USA","None, None",,,,,,
Putney General Store,Assumed Name,276292,Inactive - Expired,," PUTNEY, VT, USA","13 DUSTY RIDGE, PUTNEY, VT, 05346, USA",2008-11-17,,,"FOUR KMBL. HL. PRESV.,L3C, FOUR KIMBALL HILL PRESERVATION, L3C",Business,"13 DUSTY RIDGE, PUTNEY, VT, 05346, USA, 13 Dusty Ridge Rd, Putney, VT, 05346, USA","None, P.O. Box 260, P.O. Box 260, Putney, VT, 05346, USA",,,,,,
"Essex Center General Store, The",Assumed Name,265919,Inactive - Expired,," ROUTE 15, ESSEX CENTER, VT, 5451, USA","ROUTE 15, ESSEX CENTER, VT, 05451, USA",1989-09-18,,,ROBIN L.  DAVIS,Individual,"692 NORTH AVENUE, BURLINGTON, VT, 05401, USA",None,,,,,,
Falls General Store & Deli,Assumed Name,235574,Inactive - Expired,," NORTHFIELD, VT, 5663, USA","7 COX BROOK RD, NORTHFIELD, VT, 05663, USA",2005-08-29,,,"MA-GATOR, INC., MA-GATOR, INC.",Business,"7 COX BROOK RD, NORTHFIELD, VT, 05663, USA, 7 COXBROOK RD. POB 435, NORTHFIELD FAL, VT, 06554, USA","None, 7 COXBROOK RD. POB 435, NORTHFIELD FAL, VT, 06554, USA",,,,,,
"Messier's General Store, Inc.",Domestic Business Corporation,124719,Inactive - Administratively Terminated,," 29 VT RTE 14S, E RANDOLPH, VT, 05041, USA","29 VT RTE 14S, E RANDOLPH, VT, 05041, USA",,,,,,,,AMY MESSIER Agent,Individual,Active,None Registered Office (Street,"PO 240, E RANDOLPH, VT, 05041, USA","PO 240, E RANDOLPH, VT, 05041, USA"
"J 'n B General Store, LLC",Domestic Limited Liability Company,020067,Inactive - Administratively TerminatedDesignated Office,,,"(Optional) 26 THE COMMON, CHESTER, VT, 05143, USA",,,,,,,,,,,,,
Jericho General Store,Assumed Name,153745,Inactive - Expired,," RTE 15, JERICHO, VT, 5465, USA","RTE 15, JERICHO, VT, 05465, USA",1980-07-23,,,WILLIAM SCHIFFLER,Individual,"BOX 244, JERICHO, VT, 05465, USA",None,,,,,,
Monkton General Store,Assumed Name,262307,Inactive - Expired,," MONKTON, VT, USA","321A MONKTON RIDGE R, MONKTON, VT, 05469, USA",2007-08-30,,,"SD ALDERMAN, INC, SD ALDERMAN,  INC",Business,"231  Monkton Ridge Road, North Ferrisburgh, VT, 05473, USA, 321A MONKTON RIDGE R, MONKTON, VT, 05469, USA","231 AMonkton Ridge Road, 231  Monkton Ridge Road, NORTH FERRISBURGH, VT, 05473, USA, None",,,,,,
Bradley's General Store,Assumed Name,183587,Inactive - Expired,," BOX 1995, JOHNSON, VT, 5656, USA","BOX 1995, JOHNSON, VT, 05656, USA",1993-02-18,,,"BRADLEY'S GENERAL STORE, INC.",Business,"25 VT RTE 15W, JOHNSON, VT, 05656, USA","25 VT RTE 15W, JOHNSON, VT, 05656, USA",,,,,,
Snowsville General Store,Assumed Name,415932,Active - Registered,, None,"4642 VT RT12, Braintree, VT, 05060, USA",2022-09-15,,,Eugene Booska,Individual,"4642 VT RT 12, Braintree, VT, 05060, USA","4642 VT RT 12, Braintree, VT, 05060 - 0506, USA",,,,,,
"Lake Dunmore General Store, Inc.",Domestic Business Corporation,110272,Inactive - Administratively Terminated,," LAKE DUNMORE, SALISBURY, VT, 05769, USA","LAKE DUNMORE, SALISBURY, VT, 05769, USA",,,,,,,,JOHN C.  DEPPMAN Agent,Individual,Active,None Registered Office (Street,"7 WASHINGTON STREET, MIDDLEBURY, VT, 05753, USA","7 WASHINGTON STREET, MIDDLEBURY, VT, 05753, USA"
J & L's General Store,Assumed Name,270055,Inactive - Expired,," FORREST DALE, VT, USA",None,2008-04-15,,,"JOHN MOHAN, LAUREN MOHAN",Individual,"None, 2424 STAGE RD, BENSON, VT, 05731, USA","None, None",,,,,,
Chippenhook General Store,Assumed Name,212090,Inactive - Expired,," ARLINGTON, VT, 5250, USA","13 OLD MILL RD, ARLINGTON, VT, 05250, USA",2003-12-01,,,"GRANDY'S GENERAL STORE, INC.",Business,"SAME AS ABOVE, -NONE ON FILE-, USA","SAME AS ABOVE, -NONE ON FILE-",,,,,,
Fletcher General Store,Assumed Name,332750,Inactive - Expired,, None,"271 SHAW RD, CAMBRIDGE, VT, 05444, USA",2017-07-14,,,"CARDINAL GENERAL STORE, LLC",Business,"271 Shaw Road, CAMBRIDGE, VT, 05444, USA","271 SHAW ROAD, CAMBRIDGE, VT, 05444, USA",,,,,,
Nichols General Store,Assumed Name,156022,Inactive - Expired,," DANBY, VT, 5739, USA","P.O. Box 102, DANBY, VT, 05739, USA",1991-03-27,,,"THOMAS F.  FULLER, PAMELA M.  FULLER",Individual,"MAIN STREET, DANBY, VT, 05739, USA, SAME, USA","None, None",,,,,,
"Corn Crib General Store, The",Assumed Name,157763,Inactive - Expired,," BLACK POND ROAD, HUBBARDTON, VT, 5743, USA","BLACK POND ROAD, HUBBARDTON, VT, 05743, USA",1979-07-18,,,ROBERT GIBBS,Individual,"RD 1 BLACK POND RD, FAIR HAVEN, VT, 05743, USA",None,,,,,,
Eden General Store,Assumed Name,245062,Inactive - Expired,," ROUTES 100 & 118, EDEN, VT, 5652, USA","ROUTES 100 & 118, EDEN, VT, 05652, USA",1988-01-06,,,ARTHUR MCNEILL,Individual,"ROUTES 100 & 118, EDEN, VT, 05652, USA",None,,,,,,
"Historic Craftsbury General Store, Inc.",Domestic Business Corporation,128493,Dissolved,," 118 S. CRAFTSBURY RD, CRAFTSBURY, USA","118 S. CRAFTSBURY RD, CRAFTSBURY",,,,,,,,DAVID STEMBER Agent,Individual,Active,None Registered Office (Street,"118 SOUTH CRAFTSBURY RD., CRAFTSBURY, VT, 05826, USA","118 SOUTH CRAFTSBURY RD., CRAFTSBURY, VT, 05826, USA"
"Gray's General Store, Inc.",Domestic Business Corporation,076837,Inactive - Administratively Terminated,," DANVILLE, VT, 05828, USA",None,,,,,,,,VIRGINIA GRAY Agent,Individual,Active,None Registered Office (Street,"PO BOX 753 74 MAPLE PARK, ENOSBURG FALLS, VT, 05450, USA",None
"Whistle Stop General Store, The",Assumed Name,220355,Inactive - Expired,," CORNER BURROWS RD/, VERNON, VT, 5354, USA","CORNER BURROWS RD/, VERNON, VT, 05354, USA",1985-10-09,,,"BARBARA J.  NOKES, SHIRLEY M.  NOKES",Individual,"(NEWTON ROAD), USA, RFD 1, BOX 248, VERNON, VT, 05354, USA","None, None",,,,,,
Belmont General Store The,Assumed Name,158612,Inactive - Expired,," PO BOX 287, BELMONT, VT, 5730, USA","PO BOX 287, BELMONT, VT, 05730, USA",1991-05-20,,,GRAVES INVESTMENT CORP.,Business,"126 Main Street, Suite 1A, Ludlow, VT, 05149, USA","P.O. Box 287, BELMONT, VT, 05730, USA",,,,,,
Shaw's General Store,Assumed Name,234631,Inactive - Expired,," STOWE, VT, 5672, USA","P.O. Box 189, STOWE, VT, 05672, USA",2005-07-27,,,"STOWEAR LLC, STOWEAR LLC",Business,"54 MAIN STREET, POB 189, STOWE, VT, 05672, USA, 54 MAIN ST, STOWE, USA","P.O. Box 189, Stowe, VT, 05672, USA, None",,,,,,
D & R General Store,Assumed Name,172102,Inactive - Expired,," ROUTE 121, CAMBRIDGEPORT, VT, 5141, USA","ROUTE 121, CAMBRIDGEPORT, VT, 05141, USA",1990-05-22,,,"DANIEL B.  WELLS, ROBIN C.  WELLS",Individual,"P.O. BOX 85, CAMBRIDGEPORT, VT, 05141, USA, SAME, USA","None, None",,,,,,
Last Chance General Store LLC,Domestic Limited Liability Company,454487,Active - In Good StandingDesignated Office,,,"(Optional) PO Box 63, Post Mills, VT, 05058, USA",,,,,,,,,,,,,
"Debanville's General Store, LLC",Domestic Limited Liability Company,010691,Inactive - Administratively TerminatedDesignated Office,,,"(Optional) 47 VERMONT RTE 105, BLOOMFIELD, VT, 05905, USA",,,,,,,,,,,,,
Danville General Store,Assumed Name,164994,Inactive - Expired,," DANVILLE, VT, 5828, USA","MAIN STREET, DANVILLE, VT, 05828, USA",1979-05-09,,,PETERSON CORPORATION,Business,"170 RIVER ST, MONTPELIER, VT, 05602, USA","170 RIVER ST, MONTPELIER, VT, 05602, USA",,,,,,
Franklin General Store,Assumed Name,213696,Inactive - Expired,," FRANKLIN, VT, 5457, USA",None,1995-03-15,,,"JAMES M.  RACINE, CLAUDETTE M.  RACINE",Individual,"MAIN ST., FRANKLIN, VT, 05457, USA, SAME, USA","None, None",,,,,,
"Historic Craftsbury General Store, Inc.",Domestic Business Corporation,063049,Dissolved,," MAIN ST., CRAFTSBURY, VT, 05826, USA","MAIN ST., CRAFTSBURY, VT, 05826, USA",,,,,,,,DOROTHY HUMPHREY Agent,Individual,Active,None Registered Office (Street,"MAIN ST, CRAFTSBURY, VT, 05826, USA","MAIN ST, CRAFTSBURY, VT, 05826, USA"
South Newfane General Store,Assumed Name,197939,Inactive - Expired,," S. NEWFANE, VT, 5351, USA",None,1983-09-20,,,"JOHN A.  FITTS, ELIZABETH D.  FITTS",Individual,"EAST DOVER RD., NEWFANE, VT, 05345, USA, SAME, USA","None, None",,,,,,
West Barnet General Store,Assumed Name,230871,Inactive - Expired,," WEST BARNET, VT, USA",None,1996-04-25,,,"ANDREW W.  RYAN, VERONICA A.  RYAN",Individual,"POB 24, MCINDOE FALLS, VT, 05050, USA, SAME, USA","None, None",,,,,,
Sunrise General Store,Assumed Name,410915,Active - Registered,, None,"44 u.s rte 4, Bridgewater Corners, VT, 05035, USA",2022-06-16,,,"RIPPIN, INC.",Business,"JCT RT 4 & 100 SOUTH/44 Route 4, BRIDGEWATER CN, VT, 05035, USA","JCT RT 4 & 100 SOUTH/44 Route 4, BRIDGEWATER CN, VT, 05035, USA",,,,,,
D & R General Store,Assumed Name,183408,Inactive - Expired,," CAMBRDIGEPORT, VT, USA",None,2011-03-18,,,VICKIE L  BARRETT,Individual,"PO BOX 85-997 SAXTON, CAMBRIDGEPORT, VT, 05141, USA",None,,,,,,
Graniteville General Store,Assumed Name,389797,Inactive - Expired,, None,"2725 South Hill Road, Williamstown, VT, 05679, USA",2021-05-24,,,GG STORE INC.,Business,"2725 S. Hill Rd., Williamstown, VT, 05679, USA","2725 S. Hill Rd., Williamstown, VT, 05679, USA",,,,,,
Troy General Store LLC,Domestic Limited Liability Company,015115,TerminatedDesignated Office,,,"(Optional) VT ROUTE 100, TROY, VT, 05868, USA",,,,,,,,,,,,,
Barnard General Store,Assumed Name,195037,Inactive - Expired,," BARNARD, VT, 5031, USA",None,1983-06-02,,,TERRY D.  HARLOW,Individual,"BOX 182, WOODSTOCK, VT, 05091, USA",None,,,,,,
Clarendon Springs General Store,Assumed Name,188277,Inactive - Expired,," CLARENDON, VT, USA",None,2002-08-12,,,TERRY C  COX,Individual,"PO BOX 401, RUTLAND, VT, 05702, USA",None,,,,,,
Little Otter General Store,Assumed Name,186451,Inactive - Expired,," US. ROUTE 7, FERRISBURGH, VT, 5456, USA","US. ROUTE 7, FERRISBURGH, VT, 05456, USA",1993-04-15,,,"THEODORE M.  BOELENS, AGNES D.  BOELENS",Individual,"RR 1, BOX 1345, FERRISBURGH, VT, 05456, USA, SAME, USA","None, None",,,,,,
"East Dover General Store, LLC",Domestic Limited Liability Company,475191,Active - In Good StandingDesignated Office,,,"(Optional) 4 North Street, East Dover, VT, 05341, USA",,,,,,,,,,,,,
Watroba's General Store L.P.,Domestic Limited Partnership,281035,Active - In Good Standing,," PO BOX 253, READING, VT, 05062, USA","(Optional) PO BOX 253, READING, VT, 05062, USA",,,,,,,,,,,,,
Jay Peak Provisions General Store,Assumed Name,417013,Active - Registered,, None,"P.O. Box 980968, Park City, UT, 84098, USA",2022-10-07,,,JAY PEAK PACIFIC LLC,Business,"1389 Center Drive, Suite 200, Park City, UT, 84098, USA","P.O. Box 980968, Park City, UT, 84098, USA",,,,,,
Chester General Store,Assumed Name,189189,Inactive - Expired,," ROUTE 103, CHESTER, VT, 5143, USA","ROUTE 103, CHESTER, VT, 05143, USA",1982-10-26,,,"PAUL W.  GOTSCH, MARY ELLEN  GOTSCH",Individual,"ROUTE 103, CHESTER, VT, 05143, USA, SAME, USA","None, None",,,,,,
"Whistle Stop - General Store, The",Assumed Name,228888,Inactive - Expired,," CORNER BURROWS RD, VERNON, VT, 5354, USA","CORNER BURROWS RD, VERNON, VT, 05354, USA",1986-08-04,,,"T W S, INC.",Business,"RTE 142, VERNON, VT, 05354, USA","RTE 142, VERNON, VT, 05354, USA",,,,,,
Williamstown General Store,Assumed Name,203160,Inactive - Expired,," WILLIAMSTOWN, VT, USA","POB 554, WILLIAMSTOWN, VT, 05679, USA",1994-05-09,,,"VALERIE L.  KLOFACH, ERICH B.  KLOFACH",Individual,"POB 554, WILLIAMSTOWN, VT, 05679, USA, SAME, USA","None, None",,,,,,
Giorgio Armani General Store,Assumed Name,195736,Inactive - Expired,," ROUTES 11/30 & 7, MANCHESTER, VT, 5254, USA","ROUTES 11/30 & 7, MANCHESTER, VT, 05254, USA",1993-11-08,,,"G.A. VERMONT, INC.",Business,"114 FIFTH AVENUE, NEW YORK, NY, 10011, USA","114 FIFTH AVENUE, NEW YORK, NY, 10011, USA",,,,,,
G & L General Store,Assumed Name,437529,Inactive - Expired,, None,"2813 VT-22A, BENSON, VT, 05743, USA",2023-11-08,,,VISAT ONE STOP INC,Business,"2813 VT-22A, BENSON, VT, 05743, USA","2813 VT-22A, BENSON, VT, 05743, USA",,,,,,
Strafford General Store,Assumed Name,466026,Active - Registered,, None,None,2025-04-14,,,"Strafford Community Market, LLC",Business,"216 VT Rte 132, South Strafford, VT, 05070 - 9700, USA",None,,,,,,
"Kingsbury's General Store, Inc.",Domestic Business Corporation,127527,Dissolved,," 4348 MAIN ST, WAITSFIELD, VT, 05673, USA","4348 MAIN ST, WAITSFIELD, VT, 05673, USA",,,,,,,,RICHARD JOHNSTON KING                                                                                Agent,Business,Active,None Registered Office (Street,"4219 MAIN ST BOX 879, WAITSFIELD, VT, 05673, USA",None
Louies Historic Rt 7A General Store,Assumed Name,228059,Inactive - Expired,," RTE 7A, SUNDERLAND, VT, 5255, USA","RTE 7A, SUNDERLAND, VT, 05255, USA",1986-07-01,,,"BARBARA LORENZO, LOUIS LORENZO",Individual,"PO BOX 440, MANCHESTER, VT, 05255, USA, SAME, USA","None, None",,,,,,
Historica Craftsbury General Store,Assumed Name,207165,Inactive - Expired,," CRAFTSBURY, VT, 5826, USA","118 CRAFTSBURY RD, CRAFTSBURY, VT, 05826, USA",2003-08-25,,,DAVID STEMBER,Individual,"118 CRAFTSBURY RD, CRAFTSBURY, VT, 05826, USA",None,,,,,,
"Wright's General Store & Deli, Inc.",Domestic Business Corporation,121468,Inactive - Administratively Terminated,," PO BOX 125, W CHARLESTON, VT, 05872, USA","PO BOX 125, W CHARLESTON, VT, 05872, USA",,,,,,,,DONNA WRIGHT Agent,Individual,Active,None Registered Office (Street,"PO BOX 125, W CHARLESTON, VT, 05872, USA","PO BOX 125, W CHARLESTON, VT, 05872, USA"
"Waits River General Store, Inc.",Domestic Business Corporation,063967,Dissolved,," WAITS RIVER, VT, 05086, USA",None,,,,,,,,JACK C.  BLANCHARD Agent,Individual,Active,None Registered Office (Street,"W. TOPSHAM, VT, 05086, USA",None
Leicester General Store,Assumed Name,160832,Inactive - Expired,," RTE 7, RD2, BRANDON, VT, 5733, USA","RTE 7, RD2, BRANDON, VT, 05733, USA",1978-08-23,,,JOHN RUBRIGHT,Individual,"RD 2, BRANDON, VT, 05733, USA",None,,,,,,
Mad River General Store,Assumed Name,287384,Inactive - Expired,, None,"164 WHITE PINE DR, WAITSFIELD, VT, 05673, USA",2013-11-18,,,JAMES G.  BOYLAW,Individual,"164 WHITE PINE DR, WAITSFIELD, VT, 05673, USA",None,,,,,,
The Tunbridge General Store,Assumed Name,477084,Active - Registered,, None,None,2025-10-03,,,"Middle Kingdom Company, LLC",Business,"528 VT ROUTE 110, TUNBRIDGE, VT, 05077, USA",None,,,,,,
The General Store Dao LLC,Domestic Limited Liability Company,361062,Active - NOT In Good StandingDesignated Office,,,"(Optional) 3008 Hennepin Ave, Minneapolis, VT, 55408, USA",,,,,,,,,,,,,
Peacham General Store,Assumed Name,245333,Inactive - Expired,," PEACHAM, VT, USA",None,1997-07-10,,,"ALIC SCENTPALY, KATALINI BOGNAR, DESI K.  BUHMAR, MEDIA FORUM INTERNATIONAL, LTD.",Individual,"None, None, BOX 65, PEACHAM, VT, 05862, USA, BOX 265, PEACHAM, VT, 05862, USA","None, None, None, BOX 265, PEACHAM, VT, 05862, USA",,,,,,
Lincoln General Store,Assumed Name,298658,Inactive - Expired,, None,"17 East River Road, Lincoln, VT, 05443, USA",2015-01-12,,,"STEARNS ENTERPRISES, INC.",Business,"17 EAST RIVER ROAD, LINCOLN, VT, 05443, USA","17 EAST RIVER ROAD, LINCOLN, VT, 05443, USA",,,,,,
Snowsville General Store,Assumed Name,215939,Inactive - Expired,," BRAINTREE, VT, 5060, USA",None,1995-03-06,,,EUGENE O.  BOOSKA,Individual,"4642 VT RTE 12, BRAINTREE, VT, 05060, USA",None,,,,,,
Waits River General Store,Assumed Name,272582,Inactive - Expired,," RTE 25/WAITS RIV VIL, TOPSHAM, VT, 5086, USA","RTE 25/WAITS RIV VIL, TOPSHAM, VT, 05086, USA",1990-04-18,,,"WILLIAM W.  MACDONALD, DONNA A.  MACDONALD",Individual,"ROUTE 25, WEST TOPSHAM, VT, 05086, USA, SAME, USA","None, None",,,,,,
Blemont General Store The,Assumed Name,273240,Inactive - Expired,," 575 CHAPMAN RD, LUDLOW, VT, 5149, USA","575 CHAPMAN RD, LUDLOW, VT, 05149, USA",1999-11-18,,,CHRISTOPHER KELLEY,Individual,"575 CHAPMAN RD, LUDLOW, VT, 05149, USA",None,,,,,,
Fletcher General Store,Assumed Name,248224,Inactive - Expired,," CEMETERY ROAD, FLETCHER, VT, 5444, USA","CEMETERY ROAD, FLETCHER, VT, 05444, USA",1988-04-07,,,"ORIN TILTON, DEBRA TILTON",Individual,"RR1, BOX 1762, CHAMBRIDGE, VT, 05444, USA, SAME, USA","None, None",,,,,,
Bowen's General Store,Assumed Name,191617,Inactive - Expired,," MAIN STREET, ALBANY, VT, 5820, USA","MAIN STREET, ALBANY, VT, 05820, USA",1983-01-31,,,"DOUGLAS M.  BOWEN, SANDRA J.  BOWEN",Individual,"MAIN STREET, ALBANY, VT, 05820, USA, SAME, USA","None, None",,,,,,
"East Calais General Store, LLC",Domestic Limited Liability Company,424617,Active - In Good StandingDesignated Office,,,"(Optional) PO Box 43, EAST CALAIS, VT, 05650, USA",,,,,,,,,,,,,
Albany General Store,Assumed Name,205097,Inactive - Expired,," ALBANY, VT, USA",None,2003-07-11,,,"DAVID L VON  HEEDER, DEBRA K  ALLINGER",Individual,"None, PO BOX 1211, TILLAMOOK, OR, 97141, USA","None, None",,,,,,
Fletcher General Store,Assumed Name,489685,Active - Registered,," 110 School Rd, Cambridge, VT, 05444 - 9695, USA",None,2026-04-12,,,Calob Russin,Individual,"110 School Rd, Cambridge, VT, 05444 - 9695, USA","110 School Rd, Cambridge, VT, 05444 - 9695, USA",,,,,,
Williamsville General Store,Assumed Name,186140,Inactive - Expired,," NEWFANE, VT, 5345, USA",None,2002-06-25,,,"RGOLD, INC.",Business,None,None,,,,,,
Hartland General Store,Assumed Name,176254,Inactive - Expired,," US ROUTE 5 & 12, HARTLAND, VT, 5048, USA","US ROUTE 5 & 12, HARTLAND, VT, 05048, USA",1992-08-13,,,"UPPER VALLEY STORES, INC.",Business,"US RTE 5 AND 12, HARTLAND, VT, 05048, USA","US RTE 5 AND 12, HARTLAND, VT, 05048, USA",,,,,,
"Gassett's General Store, Inc.",Domestic Business Corporation,115782,Dissolved,," JCT  VT RTES 103 & 10, CHESTER, VT, 05143, USA","JCT  VT RTES 103 & 10, CHESTER, VT, 05143, USA",,,,,,,,EARL S.  HASKELL Agent,Individual,Active,None Registered Office (Street,"RR4 BOX 11, CHESTER, VT, 05143, USA","RR4 BOX 11, CHESTER, VT, 05143, USA"
Stockbridge General Store,Assumed Name,228390,Inactive - Expired,," ROUTE 100, STOCKBRIDGE, VT, 5772, USA","ROUTE 100, STOCKBRIDGE, VT, 05772, USA",1986-07-16,,,"FRED WALL, DIANE SHERLOCK, JENNIFER BIRENBACH",Individual,"None, ROUTE 100, STOCKBRIDGE, VT, 05772, USA, SAME, USA","None, None, None",,,,,,
Lincoln General Store,Assumed Name,371539,Inactive - Cessated,, None,"17 east river road, lincoln, VT, 05443, USA",2020-05-11,,,"STEARNS ENTERPRISES, INC.",Business,"17 EAST RIVER ROAD, LINCOLN, VT, 05443, USA","17 EAST RIVER ROAD, LINCOLN, VT, 05443, USA",,,,,,
"Coburns' General Store, Inc.",Domestic Business Corporation,073967,Active - In Good Standing,," 216 VT RTE 132, S. STRAFFORD, VT, 05070, USA","PO Box 266, S. STRAFFORD, VT, 05070, USA",,,,,,,,PHILIP COBURN Agent,Individual,Active,None Registered Office (Street,"ONE MAIN ST, PO BX 265, SO. STRAFFORD, VT, 05070, USA","ONE MAIN ST, PO BX 265, SO. STRAFFORD, VT, 05070, USA"
West Barnet General Store,Assumed Name,167269,Inactive - Expired,," BARNET, VT, USA",None,2001-05-02,,,"SHARON ROY, LAURIE JEFFERSON",Individual,"None, 107 MCLAREN HILL RD, E RYEGATE, VT, 05042, USA","None, None",,,,,,
Walden General Store,Assumed Name,255357,Inactive - Expired,," 3496 VT RT 15, W DANVILLE, VT, 5873, USA","3496 VT RT 15, W DANVILLE, VT, 05873, USA",1998-05-15,,,"DEBORAH WILLEY, LAWRENCE R.  WILLEY",Individual,"None, RFD 1 BOX 120, GREENSBOOR BND, VT, 05842, USA","None, None",,,,,,
General Store Of Barton,Assumed Name,207204,Inactive - Expired,," BARTON, VT, USA","215 MAIN ST., BARTON, VT, 05822, USA",1994-08-05,,,"BARTON ENTERPRISES, INC.",Business,"215 MAIN ST, BARTON, VT, 05822, USA","215 MAIN ST, BARTON, VT, 05822, USA",,,,,,
Hanley's General Store,Assumed Name,405293,Active - Registered,, None,"1364 Stebbins Road, Jeffersonville, VT, 05464, USA",2022-03-14,,,SHAW D'ELIA INC.,Business,"1364 Stebbins Road, Jeffersonville, VT, 05464, USA","1364 Stebbins Road, Jeffersonville, VT, 05464, USA",,,,,,
Franklin General Store,Assumed Name,194885,Inactive - Expired,," PO BOX 57, FRANKLIN, VT, 5457, USA","PO BOX 57, FRANKLIN, VT, 05457, USA",2003-01-08,,,"SUSAN B  MAYO, WILLIAM L  MAYO",Individual,"None, 332 SANDY BAY RD, FRANKLIN, VT, 05457, USA","None, None",,,,,,
Historic Craftsbury General Store,Assumed Name,224714,Inactive - Expired,," CRAFTSBURY, VT, USA",None,1995-11-08,,,"GILBERT E.  GOODRIDGE, MARION K.  GOODRIDGE",Individual,"None, SAME, USA","None, None",,,,,,
"Robo's Creemees & General Store, LLC",Domestic Limited Liability Company,383276,Active - NOT In Good StandingDesignated Office,,,"(Optional) 33 Creek Rd, 33 Creek Rd, Castleton, VT, 05735, USA",,,,,,,,,,,,,
"Original General Store Of Route 100 Pittsfield, LLC",Reserved Name,142507,Inactive - ExpiredApplicant,"PO BOX 280, RUTLAND, VT, 05702, USA",,,,No NAICS info found.,,,,,,,,,,,
Debanville's General Store & Cafe,Assumed Name,312721,Inactive - Expired,, None,"37 Private West #2, Maidstone, VT, 05905, USA",2016-03-02,,,"BLOOMFIELD CORNER STORE, LLC",Business,"47 RTE 105, Bloomfield, VT, 05905, USA","37 Westside Lake #2, Maidstone, VT, 05905, USA",,,,,,
Mad River General Store,Assumed Name,352909,Active - Registered,, None,"164 WHITE PINES DR, WAITSFIELD, VT, 05673, USA",2019-02-01,,,JIM BOYLAN,Individual,"164 WHITE PINE DR, WAITSFIELD, VT, 05673, USA",None,,,,,,
Graniteville General Store,Assumed Name,198726,Inactive - Expired,," GRANITEVILLE, VT, 5654, USA","652 GRANITEVILLE RD, GRANITEVILLE, VT, 05654, USA",2003-03-17,,,"JACOBSEN, LLC",Business,"652 MAIN STREET, GRANITEVILLE, VT, 05654, USA","652 MAIN STREET, GRANITEVILLE, VT, 05654, USA",,,,,,
Westfield General Store,Assumed Name,495932,Active - Registered,," 17 N Hill Rd, Westfield, VT, 05874 - 9659, USA","17 N Hill Rd, Westfield, VT, 05874 - 9659, USA",2026-07-10,,,"P & D BREAULT, INC.",Business,"17 North Hill Road, WESTFIELD, VT, 05874, USA","17 North Hill Road, WESTFIELD, VT, 05874, USA",,,,,,
"Dick Mazza General Store, Inc.",Domestic Business Corporation,083847,Active - In Good Standing,," 777 W LAKE SHORE DR.#1, COLCHESTER, VT, 05446, USA","777 W LAKE SHORE DR.#1, COLCHESTER, VT, 05446, USA",,,,,,,,"LMC Law, PLLC Agent",Business,Active,None Registered Office (Street,"85 Prim Road Suite 402A, Colchester, VT, 05446, USA","85 Prim Road Suite 402A, Colchester, VT, 05446, USA"
General Store LLC,Domestic Limited Liability Company,482793,Active - In Good StandingDesignated Office,,,"(Optional) 794 W Lakeshore Dr, Suite 2, Colchester, VT, 05446 - 1880, USA",,,,,,,,,,,,,
The General Store At Sugarbush,Assumed Name,367101,Inactive - Expired,, None,"1840 Sugarbush Access Road, Warren, VT, 05674, USA",2020-01-14,,,SUGARBUSH MOUNTAIN RESORT INC.,Business,"1840 Sugarbush Access Road, Warren, VT, 05674, USA","1840 Sugarbush Access Road, Warren, VT, 05674, USA",,,,,,
"General Store Of East Calais, The",Assumed Name,232007,Inactive - Expired,," ROUTE 14, CALAIS, VT, 5848, USA","ROUTE 14, CALAIS, VT, 05848, USA",1986-11-21,,,"SHARON GALL, JOHN C.  GALL",Individual,"GENERAL DELIVERY, EAST CALAIS, VT, 05650, USA, SAME, USA","None, None",,,,,,
"Jj Hapgood General Store, LLC",Domestic Limited Liability Company,013899,Active - NOT In Good StandingDesignated Office,,,"(Optional) 53 Falls Road, PO Box 335, SHELBURNE, VT, 05482, USA",,,,,,,,,,,,,
Westfield General Store,Assumed Name,238541,Inactive - Expired,," WESTFIELD, VT, 5874, USA","17 NORTH HILL RD, WESTFIELD, VT, 05874, USA",2005-11-21,,,"P & D BREAULT, INC.",Business,"17 North Hill Road, WESTFIELD, VT, 05874, USA","17 N Hill Rd, WESTFIELD, VT, 05874, USA",,,,,,
"Fuller General Store Of Saxtons River, Inc.",Domestic Business Corporation,104564,Inactive - Administratively Terminated,," MAIN STREET, SAXTONS RIVER, VT, 05154, USA","MAIN STREET, SAXTONS RIVER, VT, 05154, USA",,,,,,,,"TIMOTHY J. O'CONNOR, JR.                                                                             Agent",Business,Active,None Registered Office (Street,"40 WESTERN AVENUE, BRATTLEBORO, VT, 05301, USA","40 WESTERN AVENUE, BRATTLEBORO, VT, 05301, USA"
Meme's And Papa's Riverton General Store,Assumed Name,270416,Inactive - Expired,," CNR RT 12 &CROSSTOWN, BERLIN, VT, USA","CNR RT 12 &CROSSTOWN, BERLIN, VT, USA",1990-02-20,,,"JEFFREY F.  BUSHEY, KAREN L.  BUSHEY",Individual,"BOX 2270-19, NORTHFIELD, VT, 05663, USA, SAME, USA","None, None",,,,,,
Luk's General Store,Assumed Name,197398,Inactive - Expired,," MAPLE STREET, WATERBURY CTR, VT, 5677, USA","MAPLE STREET, WATERBURY CTR, VT, 05677, USA",1983-09-07,,,"PARK VIEW STORE, INC.",Business,None,None,,,,,,
Battey's General Store And Hardware,Assumed Name,218517,Inactive - Expired,," PO BOX 216, CHELSEA, VT, 5038, USA","PO BOX 216, CHELSEA, VT, 05038, USA",1985-08-01,,,HOYT E.  BATTEY,Individual,None,None,,,,,,
"Frasers' General Store, Inc.",Domestic Business Corporation,066954,Active - In Good Standing,," 319 MAIN ST, NORWICH, VT, 05055, USA","P.O. Box 157, NORWICH, VT, 05055, USA",,,,,,,,GEORGE FRASER Agent,Individual,Active,None Registered Office (Street,"319 MAIN ST, NORWICH, VT, 05055, USA","319 MAIN ST, NORWICH, VT, 5055, USA"
Graniteville General Store,Assumed Name,216580,Inactive - Expired,," MAIN ST., L GRANITEVILLE, VT, 5654, USA","MAIN ST., L GRANITEVILLE, VT, 05654, USA",1985-05-20,,,"MUELLER'S MARKET, INC.",Business,None,None,,,,,,
Hights General Store,Assumed Name,222595,Inactive - Expired,," RTE 25, W. THOPSHAM, VT, 5086, USA","RTE 25, W. THOPSHAM, VT, 05086, USA",1985-12-31,,,"CARL A.  MARTIN, REBECCA H.  MARTIN",Individual,"BAPTIST ST., WILLIAMSTOWN, VT, 05679, USA, SAME, USA","None, None",,,,,,
Hidden Mountain Deli & General Store,Assumed Name,217350,Inactive - Expired,," MENDON, VT, USA",None,1995-04-10,,,"RON & PAM ENTERPRISES, INC.",Business,None,None,,,,,,
Essex County General Store,Assumed Name,271890,Inactive - Expired,," GUILDHALL, VT, USA","PO BOX 17, GUILDHALL, VT, 05905, USA",2008-06-05,,,PHIL NELSON,Individual,"PO BOX 17, GUILDHALL, VT, 05905, USA",None,,,,,,
Snowsville General Store,Assumed Name,203993,Inactive - Expired,," ROUTE 12, EAST BRAINTREE, VT, 5060, USA","ROUTE 12, EAST BRAINTREE, VT, 05060, USA",1984-04-06,,,"EUGENE O.  BOOSKA, ROBERTA J.  BOOSKA",Individual,"RD 2 E BRAINTREE, RANDOLPH, VT, 05060, USA, SAME, USA","None, None",,,,,,
"West Topsham General Store, Inc.",Domestic Business Corporation,104509,Inactive - Administratively Terminated,," ROUTE 25, WEST TOPSHAM, VT, 05086, USA","ROUTE 25, WEST TOPSHAM, VT, 05086, USA",,,,,,,,CLARENCE J.  NELSON Agent,Individual,Active,None Registered Office (Street,"POB 60, WEST TOPSHAM, VT, 05086, USA","POB 60, WEST TOPSHAM, VT, 05086, USA"
"T.J.'s General Store, Inc.",Domestic Business Corporation,099460,Dissolved,," P.O. BOX 208, WATERBURY CTR, VT, 05677, USA","P.O. BOX 208, WATERBURY CTR, VT, 05677, USA",,,,,,,,ROBERT T.  SPENCE Agent,Individual,Active,None Registered Office (Street,"P.O. BOX 208, WATERBURY CTR., VT, 05677, USA","P.O. BOX 208, WATERBURY CTR., VT, 05677, USA"
"H & J General Store, Inc.",Domestic Business Corporation,127130,Dissolved,, None,None,,,,,,,,HOWARD IRISH Agent,Individual,Active,None Registered Office (Street,"PO BOX 67, CAMBRIDGE, VT, 05441, USA","PO BOX 67, CAMBRIDGE, VT, 05441, USA"
North Tunbridge General Store,Assumed Name,185569,Inactive - Expired,," TUMBRIDGE, VT, USA",None,2002-06-13,,,"STACEY M  FLANDERS, ERIC H  FLANDERS",Individual,"None, 359 VT RTE 110, CHELSEA, VT, 05038, USA","None, None",,,,,,
Marlboro General Store,Assumed Name,287077,Inactive - Expired,, None,"PO BOX 52, MARLBORO, VT, 05344, USA",2013-10-15,,,"MARLBORO COOPERATIVE, MARLBORO COOPERATIVE",Individual,"PO BOX 52, MARLBORO, VT, 05344, USA, 1796 STATE ROUTE 9, MARLBORO, VT, 05344, USA","None, 1796 STATE ROUTE 9, MARLBORO, VT, 05344, USA",,,,,,
Fletcher General Store,Assumed Name,305248,Inactive - Cessated,, None,"PO 385, FAIRFAX, VT, 05454, USA",2015-07-02,,,"SINGH ENTERPRISES, LLC",Business,"70 old academy street #102, Fairfax, VT, 05454, USA","70 old academy street #102, Fairfax, VT, 05454, USA",,,,,,
Jacksonville General Store,Assumed Name,287109,Inactive - Cessated,, None,"3054 route 100, JACKSONVILLE, VT, 05342, USA",2013-10-18,,,JTD LLC,Business,"3054 Rt.100, 3054 VT Route 100, Jacksonville, VT, 05342, USA","3054 Rt.100, 3054 Rt.100, JACKSONVILLE, VT, 05342, USA",,,,,,
"Westfield General Store, Inc.",Domestic Business Corporation,115061,Dissolved,," PO BOX 99, WESTFIELD, VT, 05874, USA","PO BOX 99, WESTFIELD, VT, 05874, USA",,,,,,,,RAYMOND J.  BARRETT Agent,Individual,Active,None Registered Office (Street,"PO BOX 99, WESTFIELD, VT, 05874, USA","PO BOX 99, WESTFIELD, VT, 05874, USA"
"Bomoseen Harbor General Store, Inc.",Domestic Business Corporation,066758,Inactive - Administratively Terminated,," DAVID AVE. N., BX 97, HYDEVILLE, VT, 05750, USA","DAVID AVE. N., BX 97, HYDEVILLE, VT, 05750, USA",,,,,,,,JOHN KENWORTHY Agent,Individual,Active,None Registered Office (Street,"POB 97 DAVID AVE N., HYDEVILLE, VT, 05756, USA","POB 97 DAVID AVE N., HYDEVILLE, VT, 05756, USA"
Plainfield General Store,Assumed Name,200534,Inactive - Expired,," PLAINFIELD, VT, USA","POB 296, PLAINFIELD, VT, 05667, USA",1994-03-08,,,DALE R.  PIKE,Individual,"POB 296, PLAINFIELD, VT, 05667, USA",None,,,,,,
Holden General Store,Assumed Name,175484,Inactive - Expired,," RIVER RD., CHITTENDEN, VT, 5737, USA","RIVER RD., CHITTENDEN, VT, 05737, USA",1992-07-30,,,MARK A.  FREDETTE,Individual,"RD 1, BOX 1122, PITTSFORD, VT, 05763, USA",None,,,,,,
Ascutney General Store,Assumed Name,336141,Inactive - Expired,, None,"629 Route 131, Windsor, VT, 05089, USA",2017-10-26,,,"JDS ENTERPRISES, LLC",Business,"629 Route 131, Ascutney, VT, 05030, USA","P.O. Box 1, Ascutney, VT, 05030, USA",,,,,,
J 'n B General Store,Assumed Name,246973,Inactive - Expired,," CHESTER, VT, 5143, USA",None,2006-06-19,,,NANCY PHILLIPS,Individual,"PO BOX 695, BROWNSVILLE, VT, 05037, USA",None,,,,,,
"Center Bakery And General Store, The",Assumed Name,267333,Inactive - Expired,," WATERBURY CTR, VT, USA",None,2008-02-08,,,THE CENTER BAKERY AND  GEN,Individual,"10 S. MAIN ST, WATERBURY, VT, 05676, USA",None,,,,,,
Weeks General Store,Assumed Name,205313,Inactive - Expired,," RTE 5, WESTMINSTER, VT, 5158, USA","RTE 5, WESTMINSTER, VT, 05158, USA",1984-05-21,,,"WEEKS OF WESTMINSTER, LTD.",Business,None,None,,,,,,
Dover The Moon General Store,Assumed Name,399355,Active - Registered,, None,"PO Box 97, East Dover, VT, 05341, USA",2021-11-15,,,"GREEN MOUNTAIN RIVERS, LLC",Business,"54 Robbins Rd, East Dover, VT, 05341, USA","PO Box 97, East Dover, VT, 05341, USA",,,,,,
South Dorset General Store,Assumed Name,239565,Inactive - Expired,," RT 30, S DORSET, VT, USA","RT 30, S DORSET, VT, USA",1997-02-03,,,"RICHARD FRENCH, ROBIN LANGSTAFF  FRENCH",Individual,"LANE RD, DORSET, VT, 05251, USA, SAME, USA","None, None",,,,,,
Putney General Store,Assumed Name,206011,Inactive - Expired,," PUTNEY, VT, USA","RFD 3, BOX 676, PUTNEY, VT, 05346, USA",1994-07-12,,,"ROBERT FAIRCHILD, ANNE FAIRCHILD",Individual,"RFD 3, BOX 676, PUTNEY, VT, 05346, USA, SAME, USA","None, None",,,,,,
North Tunbridge General Store LLC,Domestic Limited Liability Company,402261,Active - In Good StandingDesignated Office,,,"(Optional) PO Box 61, Tunbridge, VT, 05077, USA",,,,,,,,,,,,,
"Tyson General Store, The",Assumed Name,215395,Inactive - Expired,," ROUTE 100, LUDLOW, VT, 5149, USA","ROUTE 100, LUDLOW, VT, 05149, USA",1985-04-09,,,VANESSA R.  MAYOTTE,Individual,"RFD, CHESTER, VT, 05143, USA",None,,,,,,
Mountain Valley View Panton General Store,Assumed Name,192320,Inactive - Expired,," PANTON, VT, 5491, USA","3074 NERSEY ST, PANTON, VT, 05491, USA",2002-11-06,,,"MVV, LLC",Business,"7637 Grande Pine Rd, Bokeelia, FL, 33922, USA","7637 Grande Pine Rd, BOKEELIA, FL, 33922, USA",,,,,,
"Summit General Store, Inc.",Domestic Business Corporation,112007,Dissolved,," 1781 VT RTE 103 S, MT HOLLY, VT, 05758, USA","1781 VT RTE 103 S, MT HOLLY, VT, 05758, USA",,,,,,,,EPHRAM BUSSINO Agent,Individual,Active,None Registered Office (Street,"RD1, MT. HOLLY, VT, 05758, USA","RD1, MT. HOLLY, VT, 05758, USA"
Granby General Store,Assumed Name,154530,Inactive - Expired,," PO BOX 127, GRANBY, VT, 5840, USA","PO BOX 127, GRANBY, VT, 05840, USA",2000-07-12,,,"JEFF BROWN, DORENE BROWN",Individual,"None, PO BOX 127, GRANBY, VT, 05840, USA","None, None",,,,,,
Friends Of The Brownsville General Store LLC,Domestic Limited Liability Company,340262,TerminatedDesignated Office,,,"(Optional) PO Box 396, Brownsville, VT, 05037, USA",,,,,,,,,,,,,
"East Corinth General Store, Inc.",Domestic Business Corporation,129203,Active - In Good Standing,," 8392 VT RTE 25, EAST CORINTH, VT, 05040, USA","PO BOX 185, EAST CORINTH, VT, 05040, USA",,,,,,,,RENEE SALOMAA Agent,Individual,Active,None Registered Office (Street,"8392 VT RTE 25, EAST CORINTH, VT, 05040, USA","8392 VT RTE 25, EAST CORINTH, VT, 05040, USA"
Johnson General Store,Assumed Name,458118,Inactive - Cessated,, None,"PO BOX 462, Johnson, VT, 05656, USA",2024-11-21,,,MM MANAGEMENT SERVICES LLC,Business,"201 Lower Main Street East, Johnson, VT, 05656, USA","PO BOX 462, Johnson, VT, 05656, USA",,,,,,
"Lanoue's General Store, LLC",Domestic Limited Liability Company,028115,TerminatedDesignated Office,,,"(Optional) 72 Main St, ORLEANS, VT, 05860, USA",,,,,,,,,,,,,
Teago General Store,Assumed Name,338330,Inactive - Cessated,, None,"PO BOX 158, South Pomfret, VT, 05067, USA",2018-01-04,,,"2035 POMFRET ROAD, LLC",Business,"2035 Pomfret Road, South Pomfret, VT, 05067, USA","c/o Richard Baccari, PO BOX 1014, Yorktown Heights, NY, 10598, USA",,,,,,
Marty's General Store,Assumed Name,156693,Inactive - Expired,," ROUTE 100, BOX 167, NO. HYDE PARK, VT, 5665, USA","ROUTE 100, BOX 167, NO. HYDE PARK, VT, 05665, USA",1989-02-23,,,"VERMART ENTERPRISES, INC.",Business,None,None,,,,,,
Eden General Store,Assumed Name,240788,Inactive - Expired,," EDEN, VT, USA",None,2006-01-20,,,"HOLMES & HOLMES INC., HOLMES & HOLMES, INC.",Business,"PO BOX 476, HYDE PARK, VT, 05655, USA, -NONE ON FILE-, -NONE ON FILE-, USA","None, -NONE ON FILE-, -NONE ON FILE-",,,,,,
Sherman's General Store,Assumed Name,307090,Inactive - Expired,, None,"151 Mill Road, West Rupert, VT, 05776, USA",2015-09-08,,,DIETZFARBER LLC,Business,"151 Mill Road, West Rupert, VT, 05776, USA","151 Mill Road, West Rupert, VT, 05776, USA",,,,,,
Upper Valley Grill&General Store,Assumed Name,301670,Inactive - Expired,, None,"2967 Scott Hwy, Groton, VT, 05046, USA",2015-04-09,,,"CDK of Vermont,inc.",Business,"2967 Scott Hwy, Groton, VT, 05046, USA",None,,,,,,
"Hartland General Store, The",Assumed Name,249270,Inactive - Expired,," HARTLAND, VT, USA","PO BOX 500, HARTLAND, VT, 05048, USA",1997-11-14,,,"EVANBROOKE ENTERPRISES, INC.",Business,None,None,,,,,,
Whetstone General Store,Assumed Name,205218,Inactive - Expired,," 414 WESTERN AVE., BRATTLEBORO, VT, 5301, USA","414 WESTERN AVE., BRATTLEBORO, VT, 05301, USA",1984-05-09,,,"STEPHEN A.  STEIDLE, WILLIAM M.  MCCARTY, REX P.  SHELDON, S & S WEST INC.",Individual,"None, None, RD 2, BOX 178, W. BRATTLEBORO, VT, 05301, USA, 414 WESTERN AVENUE, BRATTLEBORO, VT, 05301, USA","None, None, None, 414 WESTERN AVENUE, BRATTLEBORO, VT, 05301, USA",,,,,,
Falls General Store,Assumed Name,192918,Inactive - Expired,," NFLD. FALLS, VT, 5664, USA","BOX 7, NFLD. FALLS, VT, 05664, USA",1983-03-23,,,"PAUL R.  CHARRON, SYLVIA CHARRON",Individual,"BOX 7, NFLD. FALLS, VT, 05664, USA, SAME, USA","None, None",,,,,,
"Springfield General Store, The",Assumed Name,261380,Inactive - Expired,," SPRINGFIELD, VT, USA","36 PROSPECT ST, SPRINGFIELD, VT, 05156, USA",2007-08-02,,,EDWARD HUSE,Individual,"36 PROSPECT ST, SPRINGFIELD, VT, 05156, USA",None,,,,,,
Marshfield General Store,Assumed Name,252758,Inactive - Expired,," MAIN STREET/RTE 2, MARSHFIELD, VT, 5658, USA","MAIN STREET/RTE 2, MARSHFIELD, VT, 05658, USA",1988-08-17,,,"PATRICK REMMELL, FLORENCE J.  REMMELL",Individual,"MAIN STREET, RTE 2, MARSHFIELD, VT, 05658, USA, SAME, USA","None, None",,,,,,
Newbury General Store,Assumed Name,163147,Inactive - Expired,," MAIN STREET, NEWBURY, VT, 5051, USA","MAIN STREET, NEWBURY, VT, 05051, USA",1989-02-10,,,JAMES B.  COLLINS,Individual,"PO BOX 229/MAIN ST., NEWBURY, VT, 05051, USA",None,,,,,,
Falls General Store And Deli,Assumed Name,227993,Inactive - Expired,," NORTHFIELD FLS, VT, USA","POB 60, NORTHFIELD FLS, VT, 05664, USA",1996-02-16,,,"PHILIP NOLD-LAURENDEAU, JAYNE NOLD-LAURENDEAU",Individual,"POB 60, NORTHFIELD FLS, VT, 05664, USA, SAME, USA","None, None",,,,,,
East Corinth General Store,Assumed Name,241560,Inactive - Expired,," ROUTE 25, E CORINTH, VT, 5040, USA","ROUTE 25, E CORINTH, VT, 05040, USA",1987-09-11,,,KENNETH A.  JOHNSTON,Individual,"ROUTE 25, E. CORINTH, VT, 05040, USA",None,,,,,,
Martins General Store,Assumed Name,175410,Active - Registered,," HIGHGATE SPR, VT, 5460, USA","2934 US ROUTE 7, HIGHGATE SPR, VT, 05460, USA",2001-11-20,,,GILBERT GOGNER,Individual,"2934 US ROUTE 7, HIGHGATE SPR, USA",None,,,,,,
Jacksonville General Store,Assumed Name,407140,Active - Registered,, None,"56 Burr rd, Bloomfield, CT, 06002, USA",2022-04-11,,,JG STORE LLC,Business,"2977 VERMONT RTE 100, JACKSONVILLE, VT, 05342, USA","2977 VERMONT RTE 100, JACKSONVILLE, VT, 05342, USA",,,,,,
Tinmouth General Store And Snack Bar,Assumed Name,235331,Inactive - Expired,," RT 140 RR1 BX 533-A, WALLINFORD, VT, 5773, USA","RT 140 RR1 BX 533-A, WALLINFORD, VT, 05773, USA",1996-09-11,,,"ARTHUR NEMETH, ARTHUR NEMETH, GOLDIE NEMETH",Individual,"None, RR 1 BOX 451 B, WALLINFORD, VT, 05773, USA, SAME, USA","None, None, None",,,,,,
East Dorset General Store,Assumed Name,272172,Inactive - Expired,," ROUTE 7, PO BOX 727, EAST DORSET, VT, 5253, USA","ROUTE 7, PO BOX 727, EAST DORSET, VT, 05253, USA",1990-04-11,,,RAY W.  PETRY,Individual,"P.O. BOX 729, EAST DORSET, VT, 05253, USA",None,,,,,,
New England General Store The,Assumed Name,226106,Inactive - Expired,," GRAFTON, VT, USA","POB 148, GRAFTON, VT, 05146, USA",1995-12-22,,,"PETER D.  BREWITT, MARGARET P.  BREWITT",Individual,"POB 148, GRAFTON, VT, 05146, USA, SAME, USA","None, None",,,,,,
Apple Island General Store,Assumed Name,258399,Inactive - Expired,," SOUTH HERO, VT, USA",None,2007-05-16,,,"AIR DEVELOPMENT, LLC, AIR DEVELOPMENT, LLC",Business,"71 US ROUTE 2, SOUTH HERO, VT, 05486, USA, 280 DAINES ST., #300, BIRMINGHAM, MI, 48009, USA","71 US ROUTE 2, SOUTH HERO, VT, 05486, USA, None",,,,,,
Fairlee General Store,Assumed Name,275068,Inactive - Expired,," ROUTE 5, FAIRLEE, VT, 5045, USA","ROUTE 5, FAIRLEE, VT, 05045, USA",2000-01-17,,,"HARRIS ENTERPRISES, INC.",Business,"374 RTE 5 SOUTH, FAIRLEE, VT, 05045, USA",":PO Box 26, FAIRLEE, VT, 05045, USA",,,,,,
Monkton General Store,Assumed Name,163058,Inactive - Expired,," MONKTON, VT, 5469, USA",None,1979-01-09,,,"RMW, INC.",Business,None,None,,,,,,
Graniteville General Store,Assumed Name,249176,Inactive - Expired,," MAIN STREET, GRANITEVILLE, VT, 5654, USA","MAIN STREET, GRANITEVILLE, VT, 05654, USA",1988-05-03,,,"WARREN A.  THIEL, DALE L.  THIEL",Individual,"MAIN STREET, GRANITEVILLE, VT, 05654, USA, SAME, USA","None, None",,,,,,
"Milton General Store, Inc.",Domestic Business Corporation,068760,Inactive - Administratively Terminated,," RAILROAD ST, MILTON, VT, 05468, USA","RAILROAD ST, MILTON, VT, 05468, USA",,,,,,,,ISADORE YANDOW Agent,Individual,Active,None Registered Office (Street,"RFD 1, BOX 4390, SWANTON, VT, 05488, USA","RFD 1, BOX 4390, SWANTON, VT, 05488, USA"
Perkinsville General Store,Assumed Name,175487,Inactive - Expired,," ROUTE 106, PERKINSVILLE, VT, 5151, USA","ROUTE 106, PERKINSVILLE, VT, 05151, USA",1992-07-30,,,"GRENWYD FARMS, INC.",Business,"RTE 106, PERKINSVILLE, VT, 05151, USA","RTE 106, PERKINSVILLE, VT, 05151, USA",,,,,,
South Newfane General Store,Assumed Name,198929,Inactive - Expired,," E. DOVER RD., NEWFANE, VT, 5351, USA","E. DOVER RD., NEWFANE, VT, 05351, USA",1994-02-04,,,ROBERT V.  THERIAULT,Individual,"POB 11, NEWFANE, VT, 05351, USA",None,,,,,,
"South Newfane General Store & Deli, Inc.",Domestic Business Corporation,119522,Inactive - Administratively Terminated,, None,None,,,,,,,,TIMOTHY J  O'CONNOR Jr Agent,Individual,Active,None Registered Office (Street,"136 WESTERN AVE, BRATTLEBORO, VT, 05301, USA","136 WESTERN AVE, BRATTLEBORO, VT, 05301, USA"
"Cold Brook Ice Cream & General Store, LLC",Domestic Limited Liability Company,331877,Active - NOT In Good StandingDesignated Office,,,"(Optional) 67 Governor Hunt Rd, Vernon, VT, 05354, USA",,,,,,,,,,,,,
Est Dorset General Store,Assumed Name,230685,Inactive - Expired,," E DORSET, VT, 5253, USA",None,2005-04-14,,,"COCO MART, INC.",Business,"45 SAN REMO DRIVE, SO BURLINGTON, VT, 05403, USA","45 SAN REMO DRIVE, SO BURLINGTON, VT, 05407, USA",,,,,,
Westmore General Store,Assumed Name,254982,Inactive - Expired,," ROUTE 5A, WESTMORE, VT, USA","ROUTE 5A, WESTMORE, VT, USA",1988-10-13,,,SANDRA BRENNAN,Individual,"RFD 2, ORLEANS, VT, 05860, USA",None,,,,,,
"Bakersfield General Store, The",Assumed Name,188967,Inactive - Expired,," MAIN ST., BAKERSFIELD, VT, USA","MAIN ST., BAKERSFIELD, VT, USA",1993-06-10,,,"PETER O.  HICKS, PATRICIA J.   HICKS",Individual,"RT. 108, POB 66, BAKERSFIELD, VT, 05441, USA, SAME, USA","None, None",,,,,,
"Leicester General Store, Inc.",Domestic Business Corporation,129913,Dissolved,," 1620 US RT 7, LEICESTER, VT, 05733, USA","1620 US RT 7, LEICESTER, VT, 05733, USA",,,,,,,,JAMES HL  PERLEE Agent,Individual,Active,None Registered Office (Street,"92 FERN LAKE RD, LEICESTER, VT, 05733, USA","92 FERN LAKE RD, LEICESTER, VT, 05733, USA"
Chester General Store,Assumed Name,249256,Inactive - Expired,," CHESTER, VT, USA",None,1997-11-13,,,"BONNY S.  HUDSON, ROBERT J.  HUDSON,",Individual,"None, None","None, None",,,,,,
"General Store Films, LLC",Domestic Limited Liability Company,311518,Active - In Good StandingDesignated Office,,,"(Optional) PO Box 221, Woodstock, VT, 05091, USA",,,,,,,,,,,,,
Westfield General Store,Assumed Name,232728,Inactive - Expired,," WESTFIELD, VT, USA","POB 99, WESTFIELD, VT, 05874, USA",1996-06-11,,,"WESTFIELD GENERAL STORE, INC.",Business,"PO BOX 99, WESTFIELD, VT, 05874, USA","PO BOX 99, WESTFIELD, VT, 05874, USA",,,,,,
Lowell General Store,Assumed Name,459059,Active - Registered,, None,None,2024-12-19,,,SHIV 3042 INC incorporated,Business,"3042 VERMONT RTE 100, LOWELL, VT, 05847, USA",None,,,,,,
Waits River General Store,Assumed Name,216131,Inactive - Expired,," RT 25, WAITS RIVER, VT, 5086, USA","RT 25, WAITS RIVER, VT, 05086, USA",1985-05-06,,,"CRANBERRY CRICKET, INC.",Business,None,None,,,,,,
Valley Grill And General Store,Assumed Name,353099,Active - Registered,, None,"2967 Scott Hwy, Groton, VT, 05046, USA",2019-02-06,,,"CDK OF VERMONT, INC.",Business,"2967 scott hwy., Groton, VT, 05046, USA","2967 scott hwy., Groton, VT, 05046, USA",,,,,,
Hartland General Store,Assumed Name,261316,Inactive - Expired,," ROUTE 5, HARTLAND, VT, 5048, USA","ROUTE 5, HARTLAND, VT, 05048, USA",1989-05-02,,,"RSP, INC.",Business,"RTE 5, HARTLAND, VT, 05048, USA","RTE 5, HARTLAND, VT, 05048, USA",,,,,,
Danville General Store,Assumed Name,250529,Inactive - Expired,," RTE 2, MAIN ST., DANVILLE, VT, 5828, USA","RTE 2, MAIN ST., DANVILLE, VT, 05828, USA",1988-06-06,,,"DANVILLE MARKETPLACE, INC.",Business,"9 PROSPECT ST., ST. JOHNSBURY, VT, 05819, USA","9 PROSPECT ST., ST. JOHNSBURY, VT, 05819, USA",,,,,,
Sudbury General Store,Assumed Name,195653,Inactive - Expired,," RTE 73, SUDBURY, VT, 5733, USA","RTE 73, SUDBURY, VT, 05733, USA",1983-06-24,,,"NORMAN S.  BAKER, PATRICIA BAKER",Individual,"374 BEACON HEIGHTS, NO CLARENDON, VT, 05755, USA, SAME, USA","None, None",,,,,,
Charlotte General Store,Assumed Name,423968,Active - Registered,, None,"988 Prindle Road, Charlotte, VT, 05445, USA",2023-02-24,,,CHARLOTTE GENERAL STORE LLC,Business,"20 Jackson Hill Rd, Charlotte, VT, 05445, USA","PO Box 551, Charlotte, VT, 05445, USA",,,,,,
Lester's General Store,Assumed Name,275219,Inactive - Expired,," NORTH MAIN STREET, ST. ALBANS, VT, 5478, USA","NORTH MAIN STREET, ST. ALBANS, VT, 05478, USA",1990-07-10,,,RICHARD DESO,Individual,"NEWTON RD/BOX 515A, SWANTON, VT, 05488, USA",None,,,,,,
Guildhall Village General Store  The,Assumed Name,170396,Inactive - Expired,," GUILDHALL, VT, USA","PO BOX 137, GUILDHALL, VT, 05905, USA",2001-07-16,,,ALLEN D  HODGDON,Individual,"PO BOX 137, GUILDHALL, VT, 05905, USA",None,,,,,,
"Moscow General Store, LLC",Domestic Limited Liability Company,010550,TerminatedDesignated Office,,,"(Optional) 539 MOSCOW RD, STOWE, VT, 05672, USA",,,,,,,,,,,,,
Aldrich's General Store,Assumed Name,311195,Inactive - Expired,, None,"196 US Route 5A, west burke, VT, 05871, USA",2016-01-19,,,shelly cole,Individual,"196 US Route 5A, West Burke, VT, 05871, USA",None,,,,,,
R & J's General Store,Assumed Name,231990,Inactive - Expired,," 6 EARL STREET, BELLOWS FALLS, VT, 5101, USA","6 EARL STREET, BELLOWS FALLS, VT, 05101, USA",1986-11-19,,,"JOANNE JOHNSON, ROGER E.  JOHNSON,SR",Individual,"3 BRYANT COURT, BELLOWS FALLS, VT, 05101, USA, SAME, USA","None, None",,,,,,
"Peck's Plainfield General Store, Inc.",Domestic Business Corporation,105369,Inactive - Administratively Terminated,," PLAINFIELD, VT, 05667, USA",None,,,,,,,,JOHN W.  PECK Agent,Individual,Active,None Registered Office (Street,"U.S. ROUTE 2, PLAINFIELD, VT, 05667, USA","U.S. ROUTE 2, PLAINFIELD, VT, 05667, USA"
Franklin General Store,Assumed Name,160805,Inactive - Expired,," FRANKLIN, VT, 5457, USA","MAIN STREET, FRANKLIN, VT, 05457, USA",1978-08-15,,,"RODNEY CHURCHILL, AGNES CHURCHILL, RICHARD CHURCHILL",Individual,"None, MAIN STREET, FRANKLIN, VT, 05457, USA, SAME, USA","None, None, None",,,,,,
Abbott And Staples General Store,Assumed Name,191418,Inactive - Expired,," RT. 7A, MANCHESTER CTR, VT, 5255, USA","RT. 7A, MANCHESTER CTR, VT, 05255, USA",1993-08-05,,,"APOLLO INDUSTRIES, INC.",Business,"5964 CLARK CENTER AVE., SARASOTA, FL, 34238, USA","3182 Charles Macdonald Dr, 3182 Charles Macdonald Dr, Sarasota, FL, 34240, USA",,,,,,
Troy General Store,Assumed Name,254503,Inactive - Expired,," TROY, VT, USA","PO BOX 118, TROY, VT, 05857, USA",1998-04-30,,,"LINDA PRUE, MARK PRUE",Individual,"None, PO BOX 118, TROY, VT, 05857, USA","None, None",,,,,,
Albany General Store,Assumed Name,156364,Inactive - Expired,," 2519 VT RTE 105, NEWPORT CTR, VT, 5857, USA","2519 VT RTE 105, NEWPORT CTR, VT, 05857, USA",2000-08-24,,,ADAM HILLIKER,Individual,"2519 VT RT 105, NEWPORT CTR, VT, 05857, USA",None,,,,,,
Sanfo General Store,Assumed Name,396025,Inactive - Cessated,, None,"383 Moscow Road, Stowe, VT, 05672, USA",2021-09-02,,,Chunchao Lin,Individual,"383 Moscow Road, STOWE, VT, 05672, USA","383 Moscow Road, STOWE, VT, 05672 - 0567, USA",,,,,,
"Fayston General Store, Inc.",Domestic Business Corporation,101475,Inactive - Administratively Terminated,," ROUTE 17, FAYSTON, VT, 05676, USA","ROUTE 17, FAYSTON, VT, 05676, USA",,,,,,,,KIMBERLY A.  CROSBY Agent,Individual,Active,None Registered Office (Street,"US ROUTE 2, MORETOWN, VT, 05660, USA","US ROUTE 2, MORETOWN, VT, 05660, USA"
Bradley's General Store,Assumed Name,230560,Inactive - Expired,," ROUTE 100/RD 2/#1995, JOHNSON, VT, 5656, USA","ROUTE 100/RD 2/#1995, JOHNSON, VT, 05656, USA",1986-09-30,,,KEITH A.  BRADLEY,Individual,"RD 2, BOX 1995, JOHNSON, VT, 05656, USA",None,,,,,,
Wait's River General Store,Assumed Name,239273,Inactive - Expired,," ROUTE 25, W. TOPSHAM, VT, 5086, USA","ROUTE 25, W. TOPSHAM, VT, 05086, USA",1987-07-01,,,"THOMAS WHALEN, CHERYL WHALEN",Individual,"ROUTE 25, W. TOPSHAM, VT, 05086, USA, SAME, USA","None, None",,,,,,
Whiting General Store,Assumed Name,461663,Active - Registered,, None,None,2025-01-28,,,Garrett Law,Individual,"3 S Main St, Whiting, VT, 05778 - 4019, USA","3 S Main St, PO Box 65, Whiting, VT, 05778 - 4019, USA",,,,,,
East Poultney General Store,Assumed Name,192445,Inactive - Expired,," E POULTNEY, VT, 5741, USA","PO BOX 647, E POULTNEY, VT, 05741, USA",2002-11-15,,,"ELEVEN ON THE GREEN, INC.",Business,"11 ON THE GREEN, E POULTNEY, VT, 05741, USA","11 ON THE GREEN, E POULTNEY, VT, 05741, USA",,,,,,
Proctor General Store Inc,Domestic Nonprofit Corporation,087649,Dissolved,," 64 SOUTH ST, PROCTOR, VT, 05765, USA","64 SOUTH ST, PROCTOR, VT, 05765, USA",,,,,,,,AMY MOORE Agent,Individual,Active,None Registered Office (Street,"51 EDEN AVE, PROCTOR, VT, 05765, USA","51 EDEN AVE, PROCTOR, VT, 05765, USA"
Alberghini's General Store,Assumed Name,185809,Inactive - Expired,," MAIN ST., DERBY LINE, VT, 5830, USA","MAIN ST., DERBY LINE, VT, 05830, USA",1993-04-02,,,"HAUVER'S STORE, INC.",Business,"5 MAIN ST, DERBY LINE, VT, 05829, USA","5 MAIN ST, DERBY LINE, VT, 05829, USA",,,,,,
"The Panton General Store, LLC",Domestic Limited Liability Company,291772,Inactive - Administratively TerminatedDesignated Office,,,"(Optional) 3074 JERSEY STREET, PANTON, VT, 05491, USA",,,,,,,,,,,,,
The Mad River Valley General Store,Assumed Name,446029,Active - Registered,, None,"PO Box 373, Waitsfield, VT, 05673, USA",2024-04-06,,,"EJS CLAIMS LLC,",Business,"153 Old Mansfield Road, Fayston, VT, 05673, USA","PO Box 373, Waitsfield, VT, 05673, USA",,,,,,
L & M General Store,Assumed Name,224092,Inactive - Expired,," E RICHFORD, VT, 5476, USA",None,2004-10-06,,,"MARLENE SANVILLE, LAWRENCE SANVILLE",Individual,"None, 778 WEST JAY RD, RICHFORD, VT, 05476, USA","None, None",,,,,,
"Aldrich General Store, Inc.",Domestic Business Corporation,121280,Dissolved,," 196 VT RTE 5A, WEST BURKE, VT, 05871, USA","196 VT RTE 5A, WEST BURKE, VT, 05871, USA",,,,,,,,NANCY L.  MCDOWELL Agent,Individual,Active,None Registered Office (Street,"196 MAIN STREET, WEST BURKE, VT, 05871, USA","196 MAIN STREET, WEST BURKE, VT, 05871, USA"
Falls General Store,Assumed Name,218073,Inactive - Expired,," RT 12/COX BROOK RD., NORTHFIELD FLS, VT, 5664, USA","RT 12/COX BROOK RD., NORTHFIELD FLS, VT, 05664, USA",1985-07-19,,,"PHILIP A  LAURENDEAU, JAYNE E.  NOLO",Individual,"PO BOX 80A, RD 2, NORTHFIELD, VT, 05663, USA, SAME, USA","None, None",,,,,,
Teago General Store,Assumed Name,385245,Inactive - Expired,, None,"PO Box 1014, Yorktown Heights, NY, 10598, USA",2021-03-04,,,"THE POMFRET ROAD GENERAL STORE, LLC",Business,"2035 Pomfret Road, South Pomfret, VT, 05067, USA","c/o Richard Baccari, PO BOX 1014, Yorktown Heights, NY, 10598, USA",,,,,,
Irasburg General Store,Assumed Name,186314,Inactive - Expired,," RTE 14, IRASBURG, VT, 5845, USA","RTE 14, IRASBURG, VT, 05845, USA",1992-04-14,,,"JEN/FJS, INC.",Business,"30 MAIN ST, NEWPORT, VT, 05855, USA","30 MAIN ST, NEWPORT, VT, 05855, USA",,,,,,
Bill & Ted's Excellent General Store,Assumed Name,174735,Inactive - Expired,," BROWNSVILLE, VT, 5037, USA","PO BOX 13, BROWNSVILLE, VT, 05037, USA",2001-10-30,,,"YATES & WENTWORTH, INC., YATES & WENTWORTH, INC.",Business,"PO BOX 13, BROWNSVILLE, VT, 05037, USA, 871 ROUTE 44, BROWNSVILLE, VT, 05037, USA","None, 871 ROUTE 44, BROWNSVILLE, VT, 05037, USA",,,,,,
Putney General Store,Assumed Name,276877,Inactive - Expired,," PO BOX 669, PUTNEY, VT, 5346, USA","PO BOX 669, PUTNEY, VT, 05346, USA",2000-03-03,,,"PUTNEY GS, LLC",Business,"4 KIMBALL HILL, PUTNEY, VT, 05346, USA","4 KIMBALL HILL, PUTNEY, VT, 05346, USA",,,,,,
Chippenhook General Store,Assumed Name,154461,Inactive - Expired,," OLD MILL ROAD, E. ARLINGTON, VT, 5252, USA","OLD MILL ROAD, E. ARLINGTON, VT, 05252, USA",1989-05-11,,,"CGS, INC.",Business,"OLD MILL RD, PO BOX 68, EAST ARLINGTON, VT, 05252, USA","OLD MILL RD, PO BOX 68, EAST ARLINGTON, VT, 05252, USA",,,,,,
General Store Of Whiting LLC,Domestic Limited Liability Company,420049,Active - In Good StandingDesignated Office,,,"(Optional) 955 Mass Ave, Bx300, Cambridge, MA, 02139, USA",,,,,,,,,,,,,
Mountain Paul's General Store,Assumed Name,264031,Inactive - Expired,," ROUTE 5, PUTNEY, VT, 5346, USA","ROUTE 5, PUTNEY, VT, 05346, USA",1989-07-14,,,"WILLIAM J. BECKER, INC.",Business,"MOUNTAIN PAUL'S STORE, PUTNEY, VT, 05346, USA","MOUNTAIN PAUL'S STORE, PUTNEY, VT, 05346, USA",,,,,,
"Troy General Store, LLC",Domestic Limited Liability Company,027265,Active - In Good StandingDesignated Office,,,"(Optional) PO Box 188, TROY, VT, 05868, USA",,,,,,,,,,,,,
South Newfane General Store,Assumed Name,212165,Inactive - Expired,," SO. NEWFANE, VT, USA","POB 11, SO. NEWFANE, VT, 05351, USA",1994-12-02,,,LANDRY GROCERY INC.,Business,"PO BOX 11, S NEWFANE, VT, 05351, USA","PO BOX 11, S NEWFANE, VT, 05351, USA",,,,,,
"Draper's General Store, Inc.",Domestic Business Corporation,075371,Inactive - Administratively Terminated,," RT. 100, LOWELL, VT, 05847, USA","RT. 100, LOWELL, VT, 05847, USA",,,,,,,,JAMES A.  WAGNER Agent,Individual,Active,None Registered Office (Street,"RT. J100, LOWELL, VT, 05847, USA","RT. J100, LOWELL, VT, 05847, USA"
Barnard General Store,Assumed Name,221635,Inactive - Expired,," BARNARD, VT, 5031, USA","PO BOX 243, BARNARD, VT, 05031, USA",2004-07-28,,,"BY THE LAKE, INC., BY THE LAKE, INC.",Business,"PO BOX 243, BARNARD, VT, 05031, USA, 6134 ROUTE 12, BARNARD, VT, 05031, USA","None, 6134 ROUTE 12, BARNARD, VT, 05031, USA",,,,,,
Mt. Hor General Store,Assumed Name,245812,Inactive - Expired,," WESTMORE, VT, USA",None,1997-07-25,,,"NANCY E.  SALESKY, JOHN D.  SALESKY",Individual,"BOX 32, W CHARLESTON, VT, 05872, USA, BOX 32, W CHARLESTON, VT, 05872, USA","None, None",,,,,,
"Moretown General Store, Inc. The",Domestic Business Corporation,102028,Inactive - Administratively Terminated,," RT 100 B, MORETOWN, VT, 05660, USA","RT 100 B, MORETOWN, VT, 05660, USA",,,,,,,,KIMBERLY A.  CROSBY Agent,Individual,Active,None Registered Office (Street,"RR 3 BOX 1788, WATERBURY, VT, 05676, USA","RR 3 BOX 1788, WATERBURY, VT, 05676, USA"
"Vermont Herbal General Store, LLC The",Domestic Limited Liability Company,031033,Active - NOT In Good StandingDesignated Office,,,"(Optional) 518 MAIN STREET, 518 Main St, West Rutland, VT, 05777, USA",,,,,,,,,,,,,
"Erin's General Store, LLC",Domestic Limited Liability Company,374515,Active - NOT In Good StandingDesignated Office,,,"(Optional) 198 Brackett Road, Fairlee, VT, 05045, USA",,,,,,,,,,,,,
Craftsbury General Store,Assumed Name,159327,Inactive - Expired,," CRAFTSBURY, VT, USA",None,2009-08-26,,,"CRAFTSBURY ASSOCIATES, LLC, CRAFTSBURY ASSOCIATS, LLC",Business,"515 E. PLEASANT ST., AMHERST, MA, 01002, USA, 515 E. PLEASANT ST., AMHERST, MA, 01002, USA","515 E. PLEASANT ST., AMHERST, MA, 01002, USA, None",,,,,,
Geraw's General Store,Assumed Name,161345,Inactive - Expired,," MAIN STREET, BAKERSFIELD, VT, 5441, USA","MAIN STREET, BAKERSFIELD, VT, 05441, USA",1978-09-06,,,"BARY GERAW, KAREN GERAW",Individual,"PLAIN STREET, BAKERSFIELD, VT, 05441, USA, PLAIN STREET, BAKERSFIELD, VT, 05441, USA","None, None",,,,,,
Fletcher General Store,Assumed Name,173156,Inactive - Expired,," T.H. #28, FLETCHER, VT, USA","T.H. #28, FLETCHER, VT, USA",1992-06-01,,,"ROBERT J.  DAYVIE, DIANE DAYVIE",Individual,"RR 1, BOX 1832, CAMBRIDGE, VT, 05444, USA, SAME, USA","None, None",,,,,,
Pittsfield General Store,Assumed Name,162274,Inactive - Expired,," PO BOX 776, PITTSFIELD, VT, 5762, USA","PO BOX 776, PITTSFIELD, VT, 05762, USA",2001-01-16,,,"JIM AND GLORIA'S GENERAL STORE, INC.",Business,"ROUTE 100, PITTSFIELD, VT, 05762, USA","ROUTE 100, PITTSFIELD, VT, 05762, USA",,,,,,
Cambridge General Store,Assumed Name,256476,Inactive - Expired,," MAIN STREET, CAMBRIDGE, VT, 5444, USA","MAIN STREET, CAMBRIDGE, VT, 05444, USA",1988-12-07,,,"JAMES P.  COLACECI, LINDA P.  COLACECI",Individual,"RR1, BOX 82, JEFFERSONVILLE, VT, 05464, USA, SAME, USA","None, None",,,,,,
Harbor View General Store The,Assumed Name,156407,Inactive - Expired,," 33 CREEK RD, HYDEVILLE, VT, 5750, USA","33 CREEK RD, HYDEVILLE, VT, 05750, USA",2000-08-25,,,"M.E. DORAN, INC.",Business,None,None,,,,,,
Mach's General Store,Assumed Name,194803,Inactive - Expired,," PAWLET, VT, 5761, USA",None,2003-01-02,,,"DEER RUN OF PAWLET, LLC",Business,"4243 VT RTE 133, PAWLET, VT, 05761, USA","4243 VT RTE 133, PAWLET, VT, 05761, USA",,,,,,
Plymouth General Store,Assumed Name,254121,Inactive - Expired,," ROUTE 100 N, PLYMOUTH, VT, 5056, USA","ROUTE 100 N, PLYMOUTH, VT, 05056, USA",1988-09-21,,,"FAIRCHILD ENTERPRISES, INC.",Business,"PLYMOUTH GENERAL STORE, PLYMOUTH, VT, USA","PLYMOUTH GENERAL STORE, PLYMOUTH, VT, USA",,,,,,
Cavendish General Store,Assumed Name,218406,Inactive - Expired,," MAIN ST./POBX 633, CAVENDISH, VT, 5142, USA","MAIN ST./POBX 633, CAVENDISH, VT, 05142, USA",1985-07-23,,,"PAUL J.  SHERWOOD, ELIZABETH A  SHERWOOD",Individual,"PO BOX 633, MAIN ST., CAVENDISH, VT, 05142, USA, SAME, USA","None, None",,,,,,
Graniteville General Store,Assumed Name,201893,Inactive - Expired,," MAIN ST., GRANITEVILLE, VT, USA","MAIN ST., GRANITEVILLE, VT, USA",1994-04-13,,,LYLE A.  MORGAN,Individual,"MAIN ST., GRANITEVILLE, VT, 05654, USA",None,,,,,,
Bakersfield General Store LLC,Domestic Limited Liability Company,291997,TerminatedDesignated Office,,,"(Optional) 31 MAIN ST N, BAKERSFIELD, VT, 05441, USA",,,,,,,,,,,,,
Harbor View General Store,Assumed Name,214826,Inactive - Expired,," CASTLETON, VT, 5735, USA",None,2004-02-11,,,"PATRICIA FINLAYSON, DAVID FINLAYSON",Individual,"None, PO BOX 84, HYDEVILLE, VT, 05750, USA","None, None",,,,,,
Moscow General Store,Assumed Name,198965,Inactive - Expired,," STOWE, VT, USA","POB 959, STOWE, VT, 05672, USA",1994-02-08,,,STEVEN N.  RILEY,Individual,"POB 959, STOWE, VT, 05672, USA",None,,,,,,
East Dover General Store,Assumed Name,210119,Inactive - Expired,," EAST DOVER, VT, USA","PO BOX 16-4 NORTH ST, EAST DOVER, VT, 05341, USA",2012-11-30,,,"FOUR NORTH LLC, FOUR NORTH LLC",Business,"PO BOX 16-4 NORTH ST, EAST DOVER, VT, 05341, USA, 4 NORTH ST, EAST DOVER, VT, 05341, USA","None, 4 NORTH ST, PO Box 16, east dover, VT, 05341, USA",,,,,,
Lincoln General Store,Assumed Name,152604,Inactive - Expired,," RD 1, BOX 1815, LINCOLN CTR., VT, USA","RD 1, BOX 1815, LINCOLN CTR., VT, USA",1989-05-04,,,"CLAUDE L.  RAINVILLE, LUTHERA B.  RAINVILLE",Individual,"RD #1, BOX 140, BRISTOL, VT, 05443, USA, SAME, USA","None, None",,,,,,
Mach's General Store,Assumed Name,166820,Inactive - Expired,," RTE 30 & SCHOOL ST., PAWLET, VT, 5761, USA","RTE 30 & SCHOOL ST., PAWLET, VT, 05761, USA",1989-08-17,,,"MACH'S ENTERPRISES, INC.",Business,"18 School Street Pawlet Vermont 05761, apt # 3, Pawlet, VT, 05761, USA","PO BOX 84  18 SCHOOL STREET, 18 School Street Pawlet Vermont 05761, a, Pawlet, VT, 05761, USA",,,,,,
Lincoln General Store,Assumed Name,442429,Active - Registered,, None,"17 East  River Road, Lincoln, VT, 05443, USA",2024-01-30,,,VERMONT COMMUNITY HERITAGE COMPANY LLC,Business,"432 Orchard Road North, Lincoln, VT, 05443, USA","432 Orchard Road North, Lincoln, VT, 05443, USA",,,,,,
"V.G. General Store, Inc.",Domestic Business Corporation,121783,Dissolved,," 4348 MAIN STREET, WAITSFIELD, VT, 05673, USA","4348 MAIN STREET, WAITSFIELD, VT, 05673, USA",,,,,,,,RICHARD JOHNSTON KING                                                                                Agent,Business,Active,None Registered Office (Street,"4219 MAIN ST BOX 879, WAITSFIELD, VT, 05673, USA",None
Senecal's General Store,Assumed Name,158426,Inactive - Expired,," MAIN STREET, WALLINGFORD, VT, 5773, USA","MAIN STREET, WALLINGFORD, VT, 05773, USA",1980-01-07,,,"RAYMOND J.  SENECAL, MARY SENECAL",Individual,"MAIN STREET, WALLINGFORD, VT, 05773, USA, SAME, USA","None, None",,,,,,
Hagen 1778 General Store,Assumed Name,179008,Inactive - Expired,," RTE 103 GASSETTS, CHESTER DEPOT, VT, 5144, USA","RTE 103 GASSETTS, CHESTER DEPOT, VT, 05144, USA",1981-06-02,,,"HARRY J.  HAGEN, CHRISTINA HAGEN",Individual,"None, SAME, USA","None, None",,,,,,
"Williams General Store, Inc.",Domestic Business Corporation,080300,Dissolved,," ROUTE 110 MAIN ST., TUNBRIDGE, VT, 05077, USA","ROUTE 110 MAIN ST., TUNBRIDGE, VT, 05077, USA",,,,,,,,DAVID WILLIAMS Agent,Individual,Active,None Registered Office (Street,"ROUTE 110 MAIN ST., TUNBRIDGE, VT, 05077, USA","ROUTE 110 MAIN ST., TUNBRIDGE, VT, 05077, USA"
Pond Village General Store,Assumed Name,178457,Inactive - Expired,," MAIN STREET, BROOKFIELD, VT, 5036, USA","MAIN STREET, BROOKFIELD, VT, 05036, USA",1981-05-31,,,RALPH IANNUCCI,Individual,"RFD 1, RANDOLPH CTR, VT, 05061, USA",None,,,,,,
True's General Store,Assumed Name,183144,Inactive - Expired,," WOODFORD, VT, 5201, USA","291 HARBOUR ROAD, WOODFORD, VT, 05201, USA",2002-05-01,,,"MLD, INC.",Business,"VT RTE. #9, BOX # 5053, WOODFORD, VT, 05201, USA","VT RTE. #9, BOX # 5053, WOODFORD, VT, 05201, USA",,,,,,
Maurais General Store,Assumed Name,208365,Inactive - Expired,," BEECHER FALLS, VT, 5902, USA",None,2003-09-16,,,ROGER MAURAIS,Individual,"5424 VT RTE 102, CANAAN, VT, 05903, USA",None,,,,,,
Jacksonville General Store,Assumed Name,164409,Inactive - Expired,," CHURCH & MAIN, JACKSONVILLE, VT, 5342, USA","CHURCH & MAIN, JACKSONVILLE, VT, 05342, USA",1979-04-20,,,"JOY DUGUAY, DENNIS DUGUAY",Individual,"ROUTE 100, WHITINGHAM, VT, 05361, USA, ROUTE 100, WHITINGHAM, VT, 05361, USA","None, None",,,,,,
Benson General Store Inc,Domestic Business Corporation,450774,Active - In Good Standing,," 2813 vt-22a, benson, VT, 05743, USA","2813 vt-22a, benson, VT, 05743, USA",,,,,,,,orwell one stop inc Agent,Business,Active,None Registered Office (Street,"330 vt-22a, orwell, VT, 05760, USA","330 vt-22a, orwell, VT, 05760, USA"
Irasburg General Store,Assumed Name,226056,Inactive - Expired,," IRASBURG, VT, USA","POB 31, IRASBURG, VT, 05845, USA",1995-12-18,,,"HENRY S.  HESS, PHYLLIS A.  HESS",Individual,"POB 31, IRASBURG, VT, 05845, USA, SAME, USA","None, None",,,,,,
Finestkind General Store,Assumed Name,176084,Inactive - Expired,," JCT AT 5 & 12, HARTLAND, VT, 5048, USA","JCT AT 5 & 12, HARTLAND, VT, 05048, USA",1981-01-19,,,"SHOPPING CENTER, INC.",Business,None,None,,,,,,
Druckers General Store,Assumed Name,251918,Inactive - Expired,," RTE 73, FORESTDALE, VT, 5733, USA","RTE 73, FORESTDALE, VT, 05733, USA",1988-07-13,,,"SUSAN G.  WILSON, CHARLES M.  ZANI",Individual,"PO BOX 2, RTE 7, PITTSFORD, VT, 05763, USA, SAME, USA","None, None",,,,,,
Holden General Store,Assumed Name,198907,Inactive - Expired,," CHITTENDEN, VT, USA",None,1994-02-03,,,"HOLDEN TRADING COMPANY, INC.",Business,"RR1 BOX 1122, PIOTTSFORD, VT, 05763, USA","RR1 BOX 1122, PIOTTSFORD, VT, 05763, USA",,,,,,
Mcfeeters General Store,Assumed Name,199274,Inactive - Expired,," 213 MAIN ST., E. HARDWICK, VT, 5836, USA","213 MAIN ST., E. HARDWICK, VT, 05836, USA",1993-11-17,,,ROBERT E.  MCFEETERS,Individual,"213 MAIN ST., E. HARDWICK, VT, 05836, USA",None,,,,,,
Vermont General Store,Assumed Name,170278,Active - Registered,," 16 ELM STREET, WOODSTOCK, VT, 5091, USA","16 ELM STREET, WOODSTOCK, VT, 05091, USA",1980-03-21,,,"F.H. GILLINGHAM & SONS, INC.",Business,"16 ELM ST., WOODSTOCK, VT, 05091, USA","16 ELM ST., WOODSTOCK, VT, 05091, USA",,,,,,
Brown's General Store,Assumed Name,180335,Inactive - Expired,," MAIN STREET, WHITINGHAM, VT, 5361, USA","MAIN STREET, WHITINGHAM, VT, 05361, USA",1991-08-01,,,"JOANNE F.  BROWN, DONALD R.  BROWN",Individual,"MAIN STREET, WHITINGHAM, VT, 05361, USA, SAME, USA","None, None",,,,,,
"Peters' General Store, Inc.",Domestic Business Corporation,116439,Dissolved,," 2813 RT 22A, BENSON, VT, 05731, USA","2813 RT 22A, BENSON, VT, 05731, USA",,,,,,,,JOHN PETERS Jr Agent,Individual,Active,None Registered Office (Street,"RTE 22, BENSON, VT, 05731, USA","RTE 22, BENSON, VT, 05731, USA"
Calais General Store,Assumed Name,239381,Inactive - Expired,," CALAIS, VT, 5650, USA","PO BOX 120, CALAIS, VT, 05650, USA",2005-12-13,,,EDWARD WALLBRIDGE,Individual,"PO BOX 120, CALAIS, VT, 05650, USA",None,,,,,,
"C & B Miller General Store, Inc.",Domestic Business Corporation,101589,Dissolved,," CHESTER, VT, 05143, USA",None,,,,,,,,ROBERT W. ULBRICH                                                                                    Agent,Business,Active,None Registered Office (Street,"HENRY OFFICE BLDG, CHESTER, VT, 05143, USA","HENRY OFFICE BLDG, CHESTER, VT, 05143, USA"
Main Street Peru General Store LLC,Domestic Limited Liability Company,013900,Inactive - Administratively TerminatedDesignated Office,,,"(Optional) 179 OLD MANCHESTER ROAD, PERU, VT, 05152, USA",,,,,,,,,,,,,
"Skip's General Store, L.L.C.",Domestic Limited Liability Company,008241,Inactive - Administratively TerminatedDesignated Office,,,"(Optional) 44 US ROUTE 4, W BRIDGEWATER, VT, 05035, USA",,,,,,,,,,,,,
Dan & Whit's General Store,Assumed Name,435010,Inactive - Cessated,, None,"P.O. Box 157, Norwich, VT, 05055, USA",2023-09-17,,,mat fraser,Individual,"397 Pero hill road, thetford center, VT, 05075, USA","P.O. Box 157, Norwich, VT, caro0 - 0505, USA",,,,,,
Danville General Store,Assumed Name,169770,Inactive - Expired,," DANVILLE, VT, USA",None,2001-06-27,,,"KASMAN, INC.",Business,"11 U.S. ROUTE 2 EAST, DANVILLE, VT, 05828, USA","11 U.S. ROUTE 2 EAST, DANVILLE, VT, 05828, USA",,,,,,
Jericho General Store,Assumed Name,269906,Inactive - Cessated,," BOX 244, ROUTE 15, JERICHO, VT, 5465, USA","53 RTE 15, JERICHO, VT, 05465, USA",1990-02-01,,,MELVIN G  MITCHELL,Individual,"PO BOX 244, JERICHO, VT, 05465, USA",None,,,,,,
East Dover General Store LLC,Domestic Limited Liability Company,019390,TerminatedDesignated Office,,,"(Optional) 4 NORTH STREET, EAST DOVER, VT, 05341, USA",,,,,,,,,,,,,
"Vermont Herbal General Store, LLC  The",Domestic Limited Liability Company,002588,TerminatedDesignated Office,,,"(Optional) 518 MAIN STREET, W RUTLAND, VT, 05777, USA",,,,,,,,,,,,,
Jj Hapgood General Store And Eatery,Assumed Name,437332,Active - Registered,, None,"PO Box 473, Glen Head, Manchester, NY, 05254, USA",2023-11-03,,,HAPGOOD PROVISIONS LLC,Business,"3768 MAIN STREET, MANCHESTER, VT, 05254, USA","P.O. BOX 473, MANCHESTER, VT, 05254, USA",,,,,,
Moose Hollow General Store,Assumed Name,257428,Inactive - Expired,," E ARLINGTON, VT, 5252, USA","PO BOX 179, E ARLINGTON, VT, 05252, USA",1998-07-17,,,"SHOP-WISE, INC.",Business,"218 OLD MILL RD, E ARLINGTON, VT, 05252, USA","218 OLD MILL RD, E ARLINGTON, VT, 05252, USA",,,,,,
South Newfane General Store,Assumed Name,159847,Inactive - Expired,," SOUTH NEWFANE, VT, 5351, USA",None,1991-06-19,,,"THOMAS J.  AIKSNORAS, DOROTHY T.A.  VALLEE",Individual,"None, 785 OXFORD ROAD, OXFORD, CT, 06483, USA","None, None",,,,,,
Notchbrook General Store,Assumed Name,187589,Active - Registered,," STOWE, VT, 5672, USA","414 West Grove Street, Middleboro, MA, 02346, USA",2002-07-25,,,"BOURNE FOOD MART, INC.",Business,"4974 Mountain Road, STOWE, VT, 05672, USA","414 WEST GROVE STREET, MIDDLEBORO, MA, 02346, USA",,,,,,
J&D's Riverton General Store,Assumed Name,162270,Inactive - Expired,," PO OX 74, RICHMOND, VT, USA","PO OX 74, RICHMOND, VT, 05477, USA",2001-01-08,,,JAMES SUMNER,Individual,"PO BOX 74, RICHMOND, VT, 05477, USA",None,,,,,,
Teago General Store,Assumed Name,205813,Inactive - Expired,," S POMFRET, VT, 5067, USA",None,1984-05-24,,,"VENTURE ASSOCIATES, INC.",Business,"14 CENTRAL ST, WOODSTOCK, VT, 05091, USA","14 CENTRAL ST, WOODSTOCK, VT, 05091, USA",,,,,,
West Barnet General Store,Assumed Name,237592,Inactive - Expired,," MAIN STREET, WEST BARNET, VT, 5870, USA","MAIN STREET, WEST BARNET, VT, 05870, USA",1987-05-08,,,"WILLIAM J.  STARK, MONA M.  STARK",Individual,"MAIN STREET, WEST BARNET, VT, 05870, USA, SAME, USA","None, None",,,,,,
Mach's General Store,Assumed Name,176973,Inactive - Expired,," PAWLET, VT, USA","6019 ROUTE 30, PAWLET, VT, 05761, USA",2010-10-04,,,"J.J. KAVENY, LLC",Business,"18 SCHOOL STREET, PAWLET, VT, 05761, USA","18 SCHOOL STREET, PAWLET, VT, 05761, USA",,,,,,
Plr Manwell General Store,Assumed Name,195629,Inactive - Expired,," MAIN STREET, PLAINFIELD, VT, 5667, USA","MAIN STREET, PLAINFIELD, VT, 05667, USA",1983-06-22,,,ROBERT VOORHEES,Individual,"RD 4, BARRE, VT, 05641, USA",None,,,,,,
Aldrich's General Store,Assumed Name,178327,Inactive - Expired,," W BURKE, VT, USA","3547 US RTE 5, W BURKE, VT, 05851, USA",2010-11-15,,,"COLE'S FILLING STATION, INC.",Business,"196 US ROUTE 5A, W. BURKE, VT, 05871, USA","196 US ROUTE 5A, W. BURKE, VT, 05871, USA",,,,,,
Walden General Store,Assumed Name,220479,Inactive - Expired,," WALDEN, VT, USA",None,1995-07-05,,,DONNA J.  BEAUPRE,Individual,"RR 1, BOX 20, WEST DANVILLE, VT, 05873, USA",None,,,,,,
"Messier's General Store, LLC",Domestic Limited Liability Company,020036,TerminatedDesignated Office,,,"(Optional) 29 VT RTE 14 S, E RANDOLPH, VT, 05041, USA",,,,,,,,,,,,,
South Dorset General Store,Assumed Name,262054,Inactive - Expired,," DORSET, VT, USA","2598 RT 30, DORSET, VT, 05251, USA",1998-12-17,,,"RADCO, INC.",Business,"2598 RTE 30, DORSET, VT, 05251, USA","2598 RTE 30, DORSET, VT, 05251, USA",,,,,,
East Poultney General Store,Assumed Name,231317,Inactive - Expired,," E. POULTNEY, VT, USA","POB 621, E. POULTNEY, VT, 05741, USA",1996-05-06,,,VICTOR J.  CARDONA,Individual,"POB 621, E. POULTNEY, VT, 05741, USA",None,,,,,,
Harbor View General Store,Assumed Name,174077,Inactive - Expired,," HYDEVILLE, VT, USA",None,2001-10-10,,,"STANLEY B.  YABLONSKY, LETITIA A.  YABLONSKY",Individual,"None, None","None, None",,,,,,
Johnson General Store LLC,Domestic Limited Liability Company,460032,Active - In Good StandingDesignated Office,,,"(Optional) PO BOX 462, Johnson, VT, 05656, USA",,,,,,,,,,,,,
"Benson General Store, Inc.",Domestic Business Corporation,066695,Inactive - Administratively Terminated,," BENSON, VT, 05731, USA",None,,,,,,,,KARL CHANSKI Agent,Individual,Active,None Registered Office (Street,"BENSON, VT, 05731, USA",None
"Albany General Store, Inc.",Domestic Business Corporation,131293,Dissolved,," 2233 COLLINSVILLE RD, CRAFTSBURY, VT, 05826, USA","2233 COLLINSVILLE RD, CRAFTSBURY, VT, 05826, USA",,,,,,,,BERNARD ALDEN Agent,Individual,Active,None Registered Office (Street,"2233 COLLINSVILLE RD, CRAFTSBURY, VT, 05826, USA","2233 COLLINSVILLE RD, CRAFTSBURY, VT, 05826, USA"
Utton's General Store,Assumed Name,270756,Inactive - Expired,," 7 MINSTER BROOK RD, WORCESTER, VT, 5682, USA","7 MINSTER BROOK RD, WORCESTER, VT, 05682, USA",1999-09-10,,,DOLLY D  UTTON,Individual,"7 MINISTER BROOK RD, WORCESTER, VT, 05682, USA",None,,,,,,
Troy General Store,Assumed Name,173220,Inactive - Expired,," JCT. ROUTE 100 & 101, TROY, VT, 5868, USA","JCT. ROUTE 100 & 101, TROY, VT, 05868, USA",1992-06-04,,,BEULAH CORPORATION,Business,"JCT ROUTES 100 & 101, TROY, VT, 05868, USA","JCT ROUTES 100 & 101, TROY, VT, 05868, USA",,,,,,
"Marshfield General Store, Inc.",Domestic Business Corporation,070109,Inactive - Administratively Terminated,," MARSHFIELD, VT, 05658, USA",None,,,,,,,,MARILYN BRADLEY Agent,Individual,Active,None Registered Office (Street,"BOX 64, MARSHFIELD, VT, 05658, USA","BOX 64, MARSHFIELD, VT, 05658, USA"
"Original General Store Route 100 Pittsfield, LLC.",Domestic Limited Liability Company,014886,Active - In Good StandingDesignated Office,,,"(Optional) PO Box 869, PITTSFIELD, VT, 05762, USA",,,,,,,,,,,,,
Sugarbush General Store,Assumed Name,235249,Inactive - Expired,," SUGARBUSH ACCESS RD, WARREN, VT, 5674, USA","SUGARBUSH ACCESS RD, WARREN, VT, 05674, USA",1987-03-04,,,"SNOWRIDGE, INC., SNOWRIDGE, INC.",Business,"9 PROSPECT ST., ST. JOHNSBURY, VT, 05819, USA, 630 W GERMANTOWN PIKE400, PLYMOUTH MEETI, PA, 19462, USA","None, 630 W GERMANTOWN PIKE400, PLYMOUTH MEETI, PA, 19462, USA",,,,,,
"Barnard General Store, LLC",Domestic Limited Liability Company,002681,TerminatedDesignated Office,,,"(Optional) ROUTE 12, BARNARD, VT, 05031, USA",,,,,,,,,,,,,
Putney General Store,Assumed Name,244465,Inactive - Expired,," PUTNEY, VT, 5346, USA","4 KIMBALL HILL, PUTNEY, VT, 05346, USA",2006-04-19,,,"TUGCE, INC., TUGCE, INC.",Business,"4 KIMBALL HILL, PUTNEY, VT, 05346, USA, 4 KIMBALL HILL, PUTNEY, VT, 05346, USA","None, 4 KIMBALL HILL, PUTNEY, VT, 05346, USA",,,,,,
Apple Island General Store,Assumed Name,252286,Inactive - Expired,," SOUTH HERO, VT, USA",None,2006-11-30,,,"AIR DEVELOPMENT, LLC, AIR DEVELOPMENT, LLC",Business,"71 US ROUTE 2, SOUTH HERO, VT, 05486, USA, 280 DAINES ST, BIRMINGHAM, MI, 48009, USA","71 US ROUTE 2, SOUTH HERO, VT, 05486, USA, None",,,,,,
Upper Valley Grill And General Store,Assumed Name,171984,Inactive - Expired,," ROUTE 302, GROTON, VT, 5046, USA","ROUTE 302, GROTON, VT, 05046, USA",1992-05-05,,,"CDK OF VERMONT, INC., CDK OF VERMONT, INC.",Business,"POB 1424, STOWE, VT, 05672, USA, 2967 scott hwy., Groton, VT, 05046, USA","None, 2967 scott hwy., Groton, VT, 05046, USA",,,,,,
West Addison General Store,Assumed Name,266906,Inactive - Expired,," ROUTE 17, WEST ADDISON, VT, 5491, USA","ROUTE 17, WEST ADDISON, VT, 05491, USA",1989-10-23,,,"DANA G.  FRANKLIN, LORRAINE A.  FRANKLIN",Individual,"R0UTE 17, WEST ADDISON, VT, 05491, USA, SAME, USA","None, None",,,,,,
Charlie's General Store,Assumed Name,217486,Inactive - Expired,," U.S. RTE 7, S. WALLINGFORD, VT, 5773, USA","U.S. RTE 7, S. WALLINGFORD, VT, 05773, USA",1985-06-20,,,"CHARLES H.  GAUTHIER, GLORIA G.  GAUTHIER",Individual,"BOX 348, S WALLINGFORD, VT, 05773, USA, SAME, USA","None, None",,,,,,
Paquette's General Store,Assumed Name,152512,Inactive - Expired,," MAIN STREET, E. FRANKLIN, VT, 5457, USA","MAIN STREET, E. FRANKLIN, VT, 05457, USA",1980-01-03,,,"GERARD PAQUETTE, THERESE PAQUETTE",Individual,"MAIN STREET, E. FRANKLIN, VT, 05457, USA, SAME, USA","None, None",,,,,,
Jamaica General Store,Assumed Name,168052,Inactive - Expired,," JAMAICA, VT, 5343, USA",None,1979-10-31,,,"CAROL C  AMEDEN, DALE W  AMEDEN",Individual,"35 MOUNTAIN VIEW, CHESTER, VT, 05143, USA, 35 MOUNTAIN VIEW, CHESTER, VT, 05143, USA","None, None",,,,,,
Harbor View General Store,Assumed Name,184697,Inactive - Expired,," CASTLETON, VT, USA","33 CREEK ROAD, CASTLETON, VT, 05735, USA",2011-04-14,,,"MOBELL, LLC, MOBELL, LLC",Business,"33 CREEK ROAD, CASTLETON, VT, 05735, USA, 33 CREEK STREET, HYDEVILLE, VT, 05750, USA","None, PO BOX 84, HYDEVILLE, VT, 05750, USA",,,,,,
Mr. Bill's General Store,Assumed Name,179117,Inactive - Expired,," RTE 100 TYSON ROAD, LUDLOW, VT, 5149, USA","RTE 100 TYSON ROAD, LUDLOW, VT, 05149, USA",1981-06-23,,,WILLIAM J.  THOMSON,Individual,"67 MAIN STREET, LUDLOW, VT, 05149, USA",None,,,,,,
Groton General Store,Assumed Name,174613,Inactive - Expired,," ROUTE 302, GROTON, VT, 5046, USA","ROUTE 302, GROTON, VT, 05046, USA",1980-10-20,,,"RICHARD A.  PETERS, WANDA PETERS",Individual,"RTE 302, GROTON, VT, 05046, USA, SAME, USA","None, None",,,,,,
"Stoney Brook General Store, Inc.",Domestic Business Corporation,081161,Dissolved,," ROUTE 107, STOCKBRIDGE, VT, 05772, USA","ROUTE 107, STOCKBRIDGE, VT, 05772, USA",,,,,,,,DIANA C.  OSBORNE Agent,Individual,Active,None Registered Office (Street,"RD 2, BOX 2631, SHELBURNE, VT, 05482, USA","RFD #2, BOX 1058, BETHEL, VT, 05032, USA"
Pickles 'n' Tea General Store,Assumed Name,197973,Inactive - Expired,," RT 7, FERRISBURG, VT, 5456, USA","RT 7, FERRISBURG, VT, 05456, USA",1983-09-23,,,EDWARD J.  CLARK,Individual,"RT 7, FERRISBURG, VT, 05456, USA",None,,,,,,
"Plymouth General Store, Inc.",Domestic Business Corporation,087152,Inactive - Administratively Terminated,," PLYMOUTH, VT, 05056, USA",None,,,,,,,,KATHLEEN PERRINO Agent,Individual,Active,None Registered Office (Street,"PLYMOUTH, VT, 05056, USA",None
Morristown Corners General Store,Assumed Name,217164,Inactive - Expired,," MORRISTOWN, VT, 5661, USA",None,2004-03-29,,,MICHEY SMITH,Individual,"90 BLISS HILL RD, MORRISVILLE, VT, 05661, USA",None,,,,,,
802 General Store,Assumed Name,313038,Inactive - Expired,, None,"8 Kimberlee ln, Orange, VT, 05641, USA",2016-03-10,,,Allen J  Hedges,Individual,"8 Kimberlee ln, Orange, VT, 05641, USA",None,,,,,,
Moscow General Store LLC,Domestic Limited Liability Company,002085,Inactive - Administratively TerminatedDesignated Office,,,"(Optional) PO BOX 500, MOSCOW, VT, 05662, USA",,,,,,,,,,,,,
